ISO-10303-21;
HEADER;
FILE_DESCRIPTION(('KiCad electronic assembly'),'2;1');
FILE_NAME('Ac controller.step','2026-09-16T09:12:04',('Pcbnew'),('Kicad'
    ),'Open CASCADE STEP processor 7.9','KiCad to STEP converter',
  'Unknown');
FILE_SCHEMA(('AUTOMOTIVE_DESIGN { 1 0 10303 214 1 1 1 1 }'));
ENDSEC;
DATA;
#1 = APPLICATION_PROTOCOL_DEFINITION('international standard',
  'automotive_design',2000,#2);
#2 = APPLICATION_CONTEXT(
  'core data for automotive mechanical design processes');
#3 = SHAPE_DEFINITION_REPRESENTATION(#4,#10);
#4 = PRODUCT_DEFINITION_SHAPE('','',#5);
#5 = PRODUCT_DEFINITION('design','',#6,#9);
#6 = PRODUCT_DEFINITION_FORMATION('','',#7);
#7 = PRODUCT('Ac controller 1','Ac controller 1','',(#8));
#8 = PRODUCT_CONTEXT('',#2,'mechanical');
#9 = PRODUCT_DEFINITION_CONTEXT('part definition',#2,'design');
#10 = SHAPE_REPRESENTATION('',(#11,#15,#19,#23,#27,#31,#35),#39);
#11 = AXIS2_PLACEMENT_3D('',#12,#13,#14);
#12 = CARTESIAN_POINT('',(0.,0.,0.));
#13 = DIRECTION('',(0.,0.,1.));
#14 = DIRECTION('',(1.,0.,-0.));
#15 = AXIS2_PLACEMENT_3D('',#16,#17,#18);
#16 = CARTESIAN_POINT('',(166.,-96.5,1.595));
#17 = DIRECTION('',(0.,0.,1.));
#18 = DIRECTION('',(1.,0.,0.));
#19 = AXIS2_PLACEMENT_3D('',#20,#21,#22);
#20 = CARTESIAN_POINT('',(174.,-84.5,1.595));
#21 = DIRECTION('',(0.,0.,1.));
#22 = DIRECTION('',(1.,0.,0.));
#23 = AXIS2_PLACEMENT_3D('',#24,#25,#26);
#24 = CARTESIAN_POINT('',(162.19,-48.2,1.595));
#25 = DIRECTION('',(0.,-0.,1.));
#26 = DIRECTION('',(1.110223024625E-16,1.,0.));
#27 = AXIS2_PLACEMENT_3D('',#28,#29,#30);
#28 = CARTESIAN_POINT('',(158.,-84.5,1.595));
#29 = DIRECTION('',(0.,0.,1.));
#30 = DIRECTION('',(1.,0.,0.));
#31 = AXIS2_PLACEMENT_3D('',#32,#33,#34);
#32 = CARTESIAN_POINT('',(165.5,-73.95,-8.5E-02));
#33 = DIRECTION('',(0.,-1.224646799147E-16,-1.));
#34 = DIRECTION('',(1.,0.,0.));
#35 = AXIS2_PLACEMENT_3D('',#36,#37,#38);
#36 = CARTESIAN_POINT('',(0.,0.,0.));
#37 = DIRECTION('',(0.,0.,1.));
#38 = DIRECTION('',(1.,0.,-0.));
#39 = ( GEOMETRIC_REPRESENTATION_CONTEXT(3) 
GLOBAL_UNCERTAINTY_ASSIGNED_CONTEXT((#43)) GLOBAL_UNIT_ASSIGNED_CONTEXT(
(#40,#41,#42)) REPRESENTATION_CONTEXT('Context #1',
  '3D Context with UNIT and UNCERTAINTY') );
#40 = ( LENGTH_UNIT() NAMED_UNIT(*) SI_UNIT(.MILLI.,.METRE.) );
#41 = ( NAMED_UNIT(*) PLANE_ANGLE_UNIT() SI_UNIT($,.RADIAN.) );
#42 = ( NAMED_UNIT(*) SI_UNIT($,.STERADIAN.) SOLID_ANGLE_UNIT() );
#43 = UNCERTAINTY_MEASURE_WITH_UNIT(LENGTH_MEASURE(1.E-07),#40,
  'distance_accuracy_value','confusion accuracy');
#44 = PRODUCT_RELATED_PRODUCT_CATEGORY('part',$,(#7));
#45 = SHAPE_DEFINITION_REPRESENTATION(#46,#52);
#46 = PRODUCT_DEFINITION_SHAPE('','',#47);
#47 = PRODUCT_DEFINITION('design','',#48,#51);
#48 = PRODUCT_DEFINITION_FORMATION('','',#49);
#49 = PRODUCT('SW_SPST_PTS645Sx43SMTR92','SW_SPST_PTS645Sx43SMTR92','',(
    #50));
#50 = PRODUCT_CONTEXT('',#2,'mechanical');
#51 = PRODUCT_DEFINITION_CONTEXT('part definition',#2,'design');
#52 = SHAPE_REPRESENTATION('',(#11,#53),#57);
#53 = AXIS2_PLACEMENT_3D('',#54,#55,#56);
#54 = CARTESIAN_POINT('',(0.,0.,0.));
#55 = DIRECTION('',(0.,0.,1.));
#56 = DIRECTION('',(1.,0.,-0.));
#57 = ( GEOMETRIC_REPRESENTATION_CONTEXT(3) 
GLOBAL_UNCERTAINTY_ASSIGNED_CONTEXT((#61)) GLOBAL_UNIT_ASSIGNED_CONTEXT(
(#58,#59,#60)) REPRESENTATION_CONTEXT('Context #1',
  '3D Context with UNIT and UNCERTAINTY') );
#58 = ( LENGTH_UNIT() NAMED_UNIT(*) SI_UNIT(.MILLI.,.METRE.) );
#59 = ( NAMED_UNIT(*) PLANE_ANGLE_UNIT() SI_UNIT($,.RADIAN.) );
#60 = ( NAMED_UNIT(*) SI_UNIT($,.STERADIAN.) SOLID_ANGLE_UNIT() );
#61 = UNCERTAINTY_MEASURE_WITH_UNIT(LENGTH_MEASURE(1.E-07),#58,
  'distance_accuracy_value','confusion accuracy');
#62 = CONTEXT_DEPENDENT_SHAPE_REPRESENTATION(#63,#65);
#63 = ( REPRESENTATION_RELATIONSHIP('','',#52,#10) 
REPRESENTATION_RELATIONSHIP_WITH_TRANSFORMATION(#64) 
SHAPE_REPRESENTATION_RELATIONSHIP() );
#64 = ITEM_DEFINED_TRANSFORMATION('','',#11,#15);
#65 = PRODUCT_DEFINITION_SHAPE('Placement','Placement of an item',#66);
#66 = NEXT_ASSEMBLY_USAGE_OCCURRENCE('2','SW3','',#5,#47,$);
#67 = PRODUCT_RELATED_PRODUCT_CATEGORY('part',$,(#49));
#68 = SHAPE_DEFINITION_REPRESENTATION(#69,#75);
#69 = PRODUCT_DEFINITION_SHAPE('','',#70);
#70 = PRODUCT_DEFINITION('design','',#71,#74);
#71 = PRODUCT_DEFINITION_FORMATION('','',#72);
#72 = PRODUCT('SW_SPST_PTS645Sx43SMTR92','SW_SPST_PTS645Sx43SMTR92','',(
    #73));
#73 = PRODUCT_CONTEXT('',#2,'mechanical');
#74 = PRODUCT_DEFINITION_CONTEXT('part definition',#2,'design');
#75 = ADVANCED_BREP_SHAPE_REPRESENTATION('',(#11,#76),#3350);
#76 = MANIFOLD_SOLID_BREP('',#77);
#77 = CLOSED_SHELL('',(#78,#127,#159,#299,#323,#347,#412,#444,#484,#509,
    #533,#564,#631,#662,#686,#767,#791,#865,#882,#963,#987,#1061,#1078,
    #1102,#1135,#1160,#1184,#1215,#1246,#1463,#1526,#1538,#1555,#1572,
    #1589,#1715,#1739,#1756,#1773,#1785,#1807,#1824,#1836,#1853,#1870,
    #1887,#1899,#1921,#1938,#1950,#1967,#1984,#2001,#2013,#2030,#2047,
    #2064,#2076,#2093,#2117,#2141,#2163,#2180,#2203,#2220,#2244,#2268,
    #2290,#2302,#2327,#2352,#2377,#2402,#2427,#2446,#2458,#2470,#2482,
    #2563,#2587,#2661,#2678,#2759,#2783,#2857,#2874,#2907,#2940,#2973,
    #2993,#3026,#3048,#3065,#3077,#3094,#3111,#3128,#3140,#3162,#3179,
    #3191,#3208,#3225,#3242,#3254,#3263,#3272,#3281,#3306,#3315,#3341));
#78 = ADVANCED_FACE('',(#79),#122,.F.);
#79 = FACE_BOUND('',#80,.F.);
#80 = EDGE_LOOP('',(#81,#92,#100,#108,#116));
#81 = ORIENTED_EDGE('',*,*,#82,.T.);
#82 = EDGE_CURVE('',#83,#85,#87,.T.);
#83 = VERTEX_POINT('',#84);
#84 = CARTESIAN_POINT('',(-3.,-2.7,0.));
#85 = VERTEX_POINT('',#86);
#86 = CARTESIAN_POINT('',(-2.7,-3.,0.));
#87 = CIRCLE('',#88,0.3);
#88 = AXIS2_PLACEMENT_3D('',#89,#90,#91);
#89 = CARTESIAN_POINT('',(-2.7,-2.7,0.));
#90 = DIRECTION('',(-0.,0.,1.));
#91 = DIRECTION('',(0.,-1.,0.));
#92 = ORIENTED_EDGE('',*,*,#93,.T.);
#93 = EDGE_CURVE('',#85,#94,#96,.T.);
#94 = VERTEX_POINT('',#95);
#95 = CARTESIAN_POINT('',(-1.25,-3.,0.));
#96 = LINE('',#97,#98);
#97 = CARTESIAN_POINT('',(-3.,-3.,0.));
#98 = VECTOR('',#99,1.);
#99 = DIRECTION('',(1.,0.,0.));
#100 = ORIENTED_EDGE('',*,*,#101,.T.);
#101 = EDGE_CURVE('',#94,#102,#104,.T.);
#102 = VERTEX_POINT('',#103);
#103 = CARTESIAN_POINT('',(-1.25,-1.25,0.));
#104 = LINE('',#105,#106);
#105 = CARTESIAN_POINT('',(-1.25,-3.,0.));
#106 = VECTOR('',#107,1.);
#107 = DIRECTION('',(0.,1.,0.));
#108 = ORIENTED_EDGE('',*,*,#109,.F.);
#109 = EDGE_CURVE('',#110,#102,#112,.T.);
#110 = VERTEX_POINT('',#111);
#111 = CARTESIAN_POINT('',(-3.,-1.25,0.));
#112 = LINE('',#113,#114);
#113 = CARTESIAN_POINT('',(-3.,-1.25,0.));
#114 = VECTOR('',#115,1.);
#115 = DIRECTION('',(1.,0.,0.));
#116 = ORIENTED_EDGE('',*,*,#117,.T.);
#117 = EDGE_CURVE('',#110,#83,#118,.T.);
#118 = LINE('',#119,#120);
#119 = CARTESIAN_POINT('',(-3.,3.,0.));
#120 = VECTOR('',#121,1.);
#121 = DIRECTION('',(0.,-1.,0.));
#122 = PLANE('',#123);
#123 = AXIS2_PLACEMENT_3D('',#124,#125,#126);
#124 = CARTESIAN_POINT('',(0.,0.,0.));
#125 = DIRECTION('',(0.,0.,1.));
#126 = DIRECTION('',(1.,0.,-0.));
#127 = ADVANCED_FACE('',(#128),#154,.T.);
#128 = FACE_BOUND('',#129,.T.);
#129 = EDGE_LOOP('',(#130,#131,#139,#148));
#130 = ORIENTED_EDGE('',*,*,#82,.T.);
#131 = ORIENTED_EDGE('',*,*,#132,.T.);
#132 = EDGE_CURVE('',#85,#133,#135,.T.);
#133 = VERTEX_POINT('',#134);
#134 = CARTESIAN_POINT('',(-2.7,-3.,3.15));
#135 = LINE('',#136,#137);
#136 = CARTESIAN_POINT('',(-2.7,-3.,0.));
#137 = VECTOR('',#138,1.);
#138 = DIRECTION('',(0.,0.,1.));
#139 = ORIENTED_EDGE('',*,*,#140,.F.);
#140 = EDGE_CURVE('',#141,#133,#143,.T.);
#141 = VERTEX_POINT('',#142);
#142 = CARTESIAN_POINT('',(-3.,-2.7,3.15));
#143 = CIRCLE('',#144,0.3);
#144 = AXIS2_PLACEMENT_3D('',#145,#146,#147);
#145 = CARTESIAN_POINT('',(-2.7,-2.7,3.15));
#146 = DIRECTION('',(-0.,0.,1.));
#147 = DIRECTION('',(0.,-1.,0.));
#148 = ORIENTED_EDGE('',*,*,#149,.F.);
#149 = EDGE_CURVE('',#83,#141,#150,.T.);
#150 = LINE('',#151,#152);
#151 = CARTESIAN_POINT('',(-3.,-2.7,0.));
#152 = VECTOR('',#153,1.);
#153 = DIRECTION('',(0.,0.,1.));
#154 = CYLINDRICAL_SURFACE('',#155,0.3);
#155 = AXIS2_PLACEMENT_3D('',#156,#157,#158);
#156 = CARTESIAN_POINT('',(-2.7,-2.7,0.));
#157 = DIRECTION('',(0.,0.,1.));
#158 = DIRECTION('',(-1.,0.,0.));
#159 = ADVANCED_FACE('',(#160,#226,#260),#294,.F.);
#160 = FACE_BOUND('',#161,.F.);
#161 = EDGE_LOOP('',(#162,#172,#180,#188,#196,#202,#203,#204,#212,#220)
  );
#162 = ORIENTED_EDGE('',*,*,#163,.F.);
#163 = EDGE_CURVE('',#164,#166,#168,.T.);
#164 = VERTEX_POINT('',#165);
#165 = CARTESIAN_POINT('',(-3.,2.7,0.));
#166 = VERTEX_POINT('',#167);
#167 = CARTESIAN_POINT('',(-3.,1.25,0.));
#168 = LINE('',#169,#170);
#169 = CARTESIAN_POINT('',(-3.,3.,0.));
#170 = VECTOR('',#171,1.);
#171 = DIRECTION('',(0.,-1.,0.));
#172 = ORIENTED_EDGE('',*,*,#173,.T.);
#173 = EDGE_CURVE('',#164,#174,#176,.T.);
#174 = VERTEX_POINT('',#175);
#175 = CARTESIAN_POINT('',(-3.,2.7,3.15));
#176 = LINE('',#177,#178);
#177 = CARTESIAN_POINT('',(-3.,2.7,0.));
#178 = VECTOR('',#179,1.);
#179 = DIRECTION('',(0.,0.,1.));
#180 = ORIENTED_EDGE('',*,*,#181,.T.);
#181 = EDGE_CURVE('',#174,#182,#184,.T.);
#182 = VERTEX_POINT('',#183);
#183 = CARTESIAN_POINT('',(-3.,1.,3.15));
#184 = LINE('',#185,#186);
#185 = CARTESIAN_POINT('',(-3.,3.,3.15));
#186 = VECTOR('',#187,1.);
#187 = DIRECTION('',(0.,-1.,0.));
#188 = ORIENTED_EDGE('',*,*,#189,.T.);
#189 = EDGE_CURVE('',#182,#190,#192,.T.);
#190 = VERTEX_POINT('',#191);
#191 = CARTESIAN_POINT('',(-3.,-1.,3.15));
#192 = LINE('',#193,#194);
#193 = CARTESIAN_POINT('',(-3.,3.,3.15));
#194 = VECTOR('',#195,1.);
#195 = DIRECTION('',(0.,-1.,0.));
#196 = ORIENTED_EDGE('',*,*,#197,.T.);
#197 = EDGE_CURVE('',#190,#141,#198,.T.);
#198 = LINE('',#199,#200);
#199 = CARTESIAN_POINT('',(-3.,3.,3.15));
#200 = VECTOR('',#201,1.);
#201 = DIRECTION('',(0.,-1.,0.));
#202 = ORIENTED_EDGE('',*,*,#149,.F.);
#203 = ORIENTED_EDGE('',*,*,#117,.F.);
#204 = ORIENTED_EDGE('',*,*,#205,.T.);
#205 = EDGE_CURVE('',#110,#206,#208,.T.);
#206 = VERTEX_POINT('',#207);
#207 = CARTESIAN_POINT('',(-3.,-1.25,0.3));
#208 = LINE('',#209,#210);
#209 = CARTESIAN_POINT('',(-3.,-1.25,0.));
#210 = VECTOR('',#211,1.);
#211 = DIRECTION('',(0.,0.,1.));
#212 = ORIENTED_EDGE('',*,*,#213,.T.);
#213 = EDGE_CURVE('',#206,#214,#216,.T.);
#214 = VERTEX_POINT('',#215);
#215 = CARTESIAN_POINT('',(-3.,1.25,0.3));
#216 = LINE('',#217,#218);
#217 = CARTESIAN_POINT('',(-3.,-1.25,0.3));
#218 = VECTOR('',#219,1.);
#219 = DIRECTION('',(0.,1.,0.));
#220 = ORIENTED_EDGE('',*,*,#221,.F.);
#221 = EDGE_CURVE('',#166,#214,#222,.T.);
#222 = LINE('',#223,#224);
#223 = CARTESIAN_POINT('',(-3.,1.25,0.));
#224 = VECTOR('',#225,1.);
#225 = DIRECTION('',(0.,0.,1.));
#226 = FACE_BOUND('',#227,.F.);
#227 = EDGE_LOOP('',(#228,#238,#246,#254));
#228 = ORIENTED_EDGE('',*,*,#229,.F.);
#229 = EDGE_CURVE('',#230,#232,#234,.T.);
#230 = VERTEX_POINT('',#231);
#231 = CARTESIAN_POINT('',(-3.,2.6,0.8));
#232 = VERTEX_POINT('',#233);
#233 = CARTESIAN_POINT('',(-3.,2.6,1.1));
#234 = LINE('',#235,#236);
#235 = CARTESIAN_POINT('',(-3.,2.6,0.8));
#236 = VECTOR('',#237,1.);
#237 = DIRECTION('',(0.,0.,1.));
#238 = ORIENTED_EDGE('',*,*,#239,.T.);
#239 = EDGE_CURVE('',#230,#240,#242,.T.);
#240 = VERTEX_POINT('',#241);
#241 = CARTESIAN_POINT('',(-3.,1.9,0.8));
#242 = LINE('',#243,#244);
#243 = CARTESIAN_POINT('',(-3.,2.6,0.8));
#244 = VECTOR('',#245,1.);
#245 = DIRECTION('',(-1.224646799147E-16,-1.,0.));
#246 = ORIENTED_EDGE('',*,*,#247,.T.);
#247 = EDGE_CURVE('',#240,#248,#250,.T.);
#248 = VERTEX_POINT('',#249);
#249 = CARTESIAN_POINT('',(-3.,1.9,1.1));
#250 = LINE('',#251,#252);
#251 = CARTESIAN_POINT('',(-3.,1.9,0.8));
#252 = VECTOR('',#253,1.);
#253 = DIRECTION('',(0.,0.,1.));
#254 = ORIENTED_EDGE('',*,*,#255,.F.);
#255 = EDGE_CURVE('',#232,#248,#256,.T.);
#256 = LINE('',#257,#258);
#257 = CARTESIAN_POINT('',(-3.,2.6,1.1));
#258 = VECTOR('',#259,1.);
#259 = DIRECTION('',(-1.224646799147E-16,-1.,0.));
#260 = FACE_BOUND('',#261,.F.);
#261 = EDGE_LOOP('',(#262,#272,#280,#288));
#262 = ORIENTED_EDGE('',*,*,#263,.F.);
#263 = EDGE_CURVE('',#264,#266,#268,.T.);
#264 = VERTEX_POINT('',#265);
#265 = CARTESIAN_POINT('',(-3.,-1.9,0.8));
#266 = VERTEX_POINT('',#267);
#267 = CARTESIAN_POINT('',(-3.,-1.9,1.1));
#268 = LINE('',#269,#270);
#269 = CARTESIAN_POINT('',(-3.,-1.9,0.8));
#270 = VECTOR('',#271,1.);
#271 = DIRECTION('',(0.,0.,1.));
#272 = ORIENTED_EDGE('',*,*,#273,.T.);
#273 = EDGE_CURVE('',#264,#274,#276,.T.);
#274 = VERTEX_POINT('',#275);
#275 = CARTESIAN_POINT('',(-3.,-2.6,0.8));
#276 = LINE('',#277,#278);
#277 = CARTESIAN_POINT('',(-3.,-1.9,0.8));
#278 = VECTOR('',#279,1.);
#279 = DIRECTION('',(-1.224646799147E-16,-1.,0.));
#280 = ORIENTED_EDGE('',*,*,#281,.T.);
#281 = EDGE_CURVE('',#274,#282,#284,.T.);
#282 = VERTEX_POINT('',#283);
#283 = CARTESIAN_POINT('',(-3.,-2.6,1.1));
#284 = LINE('',#285,#286);
#285 = CARTESIAN_POINT('',(-3.,-2.6,0.8));
#286 = VECTOR('',#287,1.);
#287 = DIRECTION('',(0.,0.,1.));
#288 = ORIENTED_EDGE('',*,*,#289,.F.);
#289 = EDGE_CURVE('',#266,#282,#290,.T.);
#290 = LINE('',#291,#292);
#291 = CARTESIAN_POINT('',(-3.,-1.9,1.1));
#292 = VECTOR('',#293,1.);
#293 = DIRECTION('',(-1.224646799147E-16,-1.,0.));
#294 = PLANE('',#295);
#295 = AXIS2_PLACEMENT_3D('',#296,#297,#298);
#296 = CARTESIAN_POINT('',(-3.,3.,0.));
#297 = DIRECTION('',(1.,0.,0.));
#298 = DIRECTION('',(0.,-1.,0.));
#299 = ADVANCED_FACE('',(#300),#318,.T.);
#300 = FACE_BOUND('',#301,.T.);
#301 = EDGE_LOOP('',(#302,#303,#304,#312));
#302 = ORIENTED_EDGE('',*,*,#109,.F.);
#303 = ORIENTED_EDGE('',*,*,#205,.T.);
#304 = ORIENTED_EDGE('',*,*,#305,.T.);
#305 = EDGE_CURVE('',#206,#306,#308,.T.);
#306 = VERTEX_POINT('',#307);
#307 = CARTESIAN_POINT('',(-1.25,-1.25,0.3));
#308 = LINE('',#309,#310);
#309 = CARTESIAN_POINT('',(-3.,-1.25,0.3));
#310 = VECTOR('',#311,1.);
#311 = DIRECTION('',(1.,0.,0.));
#312 = ORIENTED_EDGE('',*,*,#313,.T.);
#313 = EDGE_CURVE('',#306,#102,#314,.T.);
#314 = LINE('',#315,#316);
#315 = CARTESIAN_POINT('',(-1.25,-1.25,0.));
#316 = VECTOR('',#317,1.);
#317 = DIRECTION('',(0.,0.,-1.));
#318 = PLANE('',#319);
#319 = AXIS2_PLACEMENT_3D('',#320,#321,#322);
#320 = CARTESIAN_POINT('',(-3.,-1.25,0.));
#321 = DIRECTION('',(0.,1.,0.));
#322 = DIRECTION('',(0.,-0.,1.));
#323 = ADVANCED_FACE('',(#324),#342,.T.);
#324 = FACE_BOUND('',#325,.T.);
#325 = EDGE_LOOP('',(#326,#334,#340,#341));
#326 = ORIENTED_EDGE('',*,*,#327,.F.);
#327 = EDGE_CURVE('',#328,#306,#330,.T.);
#328 = VERTEX_POINT('',#329);
#329 = CARTESIAN_POINT('',(-1.25,-3.,0.3));
#330 = LINE('',#331,#332);
#331 = CARTESIAN_POINT('',(-1.25,-3.,0.3));
#332 = VECTOR('',#333,1.);
#333 = DIRECTION('',(0.,1.,0.));
#334 = ORIENTED_EDGE('',*,*,#335,.F.);
#335 = EDGE_CURVE('',#94,#328,#336,.T.);
#336 = LINE('',#337,#338);
#337 = CARTESIAN_POINT('',(-1.25,-3.,0.));
#338 = VECTOR('',#339,1.);
#339 = DIRECTION('',(0.,0.,1.));
#340 = ORIENTED_EDGE('',*,*,#101,.T.);
#341 = ORIENTED_EDGE('',*,*,#313,.F.);
#342 = PLANE('',#343);
#343 = AXIS2_PLACEMENT_3D('',#344,#345,#346);
#344 = CARTESIAN_POINT('',(-1.25,-3.,0.));
#345 = DIRECTION('',(1.,0.,0.));
#346 = DIRECTION('',(0.,0.,1.));
#347 = ADVANCED_FACE('',(#348),#407,.F.);
#348 = FACE_BOUND('',#349,.F.);
#349 = EDGE_LOOP('',(#350,#351,#352,#360,#368,#376,#384,#392,#400,#406)
  );
#350 = ORIENTED_EDGE('',*,*,#93,.F.);
#351 = ORIENTED_EDGE('',*,*,#132,.T.);
#352 = ORIENTED_EDGE('',*,*,#353,.T.);
#353 = EDGE_CURVE('',#133,#354,#356,.T.);
#354 = VERTEX_POINT('',#355);
#355 = CARTESIAN_POINT('',(-1.,-3.,3.15));
#356 = LINE('',#357,#358);
#357 = CARTESIAN_POINT('',(-3.,-3.,3.15));
#358 = VECTOR('',#359,1.);
#359 = DIRECTION('',(1.,0.,0.));
#360 = ORIENTED_EDGE('',*,*,#361,.T.);
#361 = EDGE_CURVE('',#354,#362,#364,.T.);
#362 = VERTEX_POINT('',#363);
#363 = CARTESIAN_POINT('',(1.,-3.,3.15));
#364 = LINE('',#365,#366);
#365 = CARTESIAN_POINT('',(-3.,-3.,3.15));
#366 = VECTOR('',#367,1.);
#367 = DIRECTION('',(1.,0.,0.));
#368 = ORIENTED_EDGE('',*,*,#369,.T.);
#369 = EDGE_CURVE('',#362,#370,#372,.T.);
#370 = VERTEX_POINT('',#371);
#371 = CARTESIAN_POINT('',(2.7,-3.,3.15));
#372 = LINE('',#373,#374);
#373 = CARTESIAN_POINT('',(-3.,-3.,3.15));
#374 = VECTOR('',#375,1.);
#375 = DIRECTION('',(1.,0.,0.));
#376 = ORIENTED_EDGE('',*,*,#377,.F.);
#377 = EDGE_CURVE('',#378,#370,#380,.T.);
#378 = VERTEX_POINT('',#379);
#379 = CARTESIAN_POINT('',(2.7,-3.,0.));
#380 = LINE('',#381,#382);
#381 = CARTESIAN_POINT('',(2.7,-3.,0.));
#382 = VECTOR('',#383,1.);
#383 = DIRECTION('',(0.,0.,1.));
#384 = ORIENTED_EDGE('',*,*,#385,.F.);
#385 = EDGE_CURVE('',#386,#378,#388,.T.);
#386 = VERTEX_POINT('',#387);
#387 = CARTESIAN_POINT('',(1.25,-3.,0.));
#388 = LINE('',#389,#390);
#389 = CARTESIAN_POINT('',(-3.,-3.,0.));
#390 = VECTOR('',#391,1.);
#391 = DIRECTION('',(1.,0.,0.));
#392 = ORIENTED_EDGE('',*,*,#393,.T.);
#393 = EDGE_CURVE('',#386,#394,#396,.T.);
#394 = VERTEX_POINT('',#395);
#395 = CARTESIAN_POINT('',(1.25,-3.,0.3));
#396 = LINE('',#397,#398);
#397 = CARTESIAN_POINT('',(1.25,-3.,0.));
#398 = VECTOR('',#399,1.);
#399 = DIRECTION('',(0.,0.,1.));
#400 = ORIENTED_EDGE('',*,*,#401,.F.);
#401 = EDGE_CURVE('',#328,#394,#402,.T.);
#402 = LINE('',#403,#404);
#403 = CARTESIAN_POINT('',(-1.25,-3.,0.3));
#404 = VECTOR('',#405,1.);
#405 = DIRECTION('',(1.,0.,0.));
#406 = ORIENTED_EDGE('',*,*,#335,.F.);
#407 = PLANE('',#408);
#408 = AXIS2_PLACEMENT_3D('',#409,#410,#411);
#409 = CARTESIAN_POINT('',(-3.,-3.,0.));
#410 = DIRECTION('',(0.,1.,0.));
#411 = DIRECTION('',(1.,0.,0.));
#412 = ADVANCED_FACE('',(#413),#439,.T.);
#413 = FACE_BOUND('',#414,.T.);
#414 = EDGE_LOOP('',(#415,#416,#424,#433));
#415 = ORIENTED_EDGE('',*,*,#140,.T.);
#416 = ORIENTED_EDGE('',*,*,#417,.T.);
#417 = EDGE_CURVE('',#133,#418,#420,.T.);
#418 = VERTEX_POINT('',#419);
#419 = CARTESIAN_POINT('',(-2.7,-3.,3.45));
#420 = LINE('',#421,#422);
#421 = CARTESIAN_POINT('',(-2.7,-3.,3.15));
#422 = VECTOR('',#423,1.);
#423 = DIRECTION('',(0.,0.,1.));
#424 = ORIENTED_EDGE('',*,*,#425,.F.);
#425 = EDGE_CURVE('',#426,#418,#428,.T.);
#426 = VERTEX_POINT('',#427);
#427 = CARTESIAN_POINT('',(-3.,-2.7,3.45));
#428 = CIRCLE('',#429,0.3);
#429 = AXIS2_PLACEMENT_3D('',#430,#431,#432);
#430 = CARTESIAN_POINT('',(-2.7,-2.7,3.45));
#431 = DIRECTION('',(-0.,0.,1.));
#432 = DIRECTION('',(0.,-1.,0.));
#433 = ORIENTED_EDGE('',*,*,#434,.F.);
#434 = EDGE_CURVE('',#141,#426,#435,.T.);
#435 = LINE('',#436,#437);
#436 = CARTESIAN_POINT('',(-3.,-2.7,3.15));
#437 = VECTOR('',#438,1.);
#438 = DIRECTION('',(0.,0.,1.));
#439 = CYLINDRICAL_SURFACE('',#440,0.3);
#440 = AXIS2_PLACEMENT_3D('',#441,#442,#443);
#441 = CARTESIAN_POINT('',(-2.7,-2.7,3.15));
#442 = DIRECTION('',(0.,0.,1.));
#443 = DIRECTION('',(-1.,0.,0.));
#444 = ADVANCED_FACE('',(#445),#479,.F.);
#445 = FACE_BOUND('',#446,.F.);
#446 = EDGE_LOOP('',(#447,#448,#456,#464,#472));
#447 = ORIENTED_EDGE('',*,*,#163,.T.);
#448 = ORIENTED_EDGE('',*,*,#449,.T.);
#449 = EDGE_CURVE('',#166,#450,#452,.T.);
#450 = VERTEX_POINT('',#451);
#451 = CARTESIAN_POINT('',(-1.25,1.25,0.));
#452 = LINE('',#453,#454);
#453 = CARTESIAN_POINT('',(-3.,1.25,0.));
#454 = VECTOR('',#455,1.);
#455 = DIRECTION('',(1.,0.,0.));
#456 = ORIENTED_EDGE('',*,*,#457,.T.);
#457 = EDGE_CURVE('',#450,#458,#460,.T.);
#458 = VERTEX_POINT('',#459);
#459 = CARTESIAN_POINT('',(-1.25,3.,0.));
#460 = LINE('',#461,#462);
#461 = CARTESIAN_POINT('',(-1.25,-3.,0.));
#462 = VECTOR('',#463,1.);
#463 = DIRECTION('',(0.,1.,0.));
#464 = ORIENTED_EDGE('',*,*,#465,.T.);
#465 = EDGE_CURVE('',#458,#466,#468,.T.);
#466 = VERTEX_POINT('',#467);
#467 = CARTESIAN_POINT('',(-2.7,3.,0.));
#468 = LINE('',#469,#470);
#469 = CARTESIAN_POINT('',(3.,3.,0.));
#470 = VECTOR('',#471,1.);
#471 = DIRECTION('',(-1.,0.,0.));
#472 = ORIENTED_EDGE('',*,*,#473,.T.);
#473 = EDGE_CURVE('',#466,#164,#474,.T.);
#474 = CIRCLE('',#475,0.3);
#475 = AXIS2_PLACEMENT_3D('',#476,#477,#478);
#476 = CARTESIAN_POINT('',(-2.7,2.7,0.));
#477 = DIRECTION('',(-0.,0.,1.));
#478 = DIRECTION('',(0.,-1.,0.));
#479 = PLANE('',#480);
#480 = AXIS2_PLACEMENT_3D('',#481,#482,#483);
#481 = CARTESIAN_POINT('',(0.,0.,0.));
#482 = DIRECTION('',(0.,0.,1.));
#483 = DIRECTION('',(1.,0.,-0.));
#484 = ADVANCED_FACE('',(#485),#504,.T.);
#485 = FACE_BOUND('',#486,.T.);
#486 = EDGE_LOOP('',(#487,#488,#489,#498));
#487 = ORIENTED_EDGE('',*,*,#473,.T.);
#488 = ORIENTED_EDGE('',*,*,#173,.T.);
#489 = ORIENTED_EDGE('',*,*,#490,.F.);
#490 = EDGE_CURVE('',#491,#174,#493,.T.);
#491 = VERTEX_POINT('',#492);
#492 = CARTESIAN_POINT('',(-2.7,3.,3.15));
#493 = CIRCLE('',#494,0.3);
#494 = AXIS2_PLACEMENT_3D('',#495,#496,#497);
#495 = CARTESIAN_POINT('',(-2.7,2.7,3.15));
#496 = DIRECTION('',(-0.,0.,1.));
#497 = DIRECTION('',(0.,-1.,0.));
#498 = ORIENTED_EDGE('',*,*,#499,.F.);
#499 = EDGE_CURVE('',#466,#491,#500,.T.);
#500 = LINE('',#501,#502);
#501 = CARTESIAN_POINT('',(-2.7,3.,0.));
#502 = VECTOR('',#503,1.);
#503 = DIRECTION('',(0.,0.,1.));
#504 = CYLINDRICAL_SURFACE('',#505,0.3);
#505 = AXIS2_PLACEMENT_3D('',#506,#507,#508);
#506 = CARTESIAN_POINT('',(-2.7,2.7,0.));
#507 = DIRECTION('',(0.,0.,1.));
#508 = DIRECTION('',(0.,1.,0.));
#509 = ADVANCED_FACE('',(#510),#528,.F.);
#510 = FACE_BOUND('',#511,.F.);
#511 = EDGE_LOOP('',(#512,#513,#514,#522));
#512 = ORIENTED_EDGE('',*,*,#449,.F.);
#513 = ORIENTED_EDGE('',*,*,#221,.T.);
#514 = ORIENTED_EDGE('',*,*,#515,.T.);
#515 = EDGE_CURVE('',#214,#516,#518,.T.);
#516 = VERTEX_POINT('',#517);
#517 = CARTESIAN_POINT('',(-1.25,1.25,0.3));
#518 = LINE('',#519,#520);
#519 = CARTESIAN_POINT('',(-3.,1.25,0.3));
#520 = VECTOR('',#521,1.);
#521 = DIRECTION('',(1.,0.,0.));
#522 = ORIENTED_EDGE('',*,*,#523,.T.);
#523 = EDGE_CURVE('',#516,#450,#524,.T.);
#524 = LINE('',#525,#526);
#525 = CARTESIAN_POINT('',(-1.25,1.25,0.));
#526 = VECTOR('',#527,1.);
#527 = DIRECTION('',(0.,0.,-1.));
#528 = PLANE('',#529);
#529 = AXIS2_PLACEMENT_3D('',#530,#531,#532);
#530 = CARTESIAN_POINT('',(-3.,1.25,0.));
#531 = DIRECTION('',(0.,1.,0.));
#532 = DIRECTION('',(0.,-0.,1.));
#533 = ADVANCED_FACE('',(#534),#559,.F.);
#534 = FACE_BOUND('',#535,.F.);
#535 = EDGE_LOOP('',(#536,#537,#545,#553));
#536 = ORIENTED_EDGE('',*,*,#181,.F.);
#537 = ORIENTED_EDGE('',*,*,#538,.T.);
#538 = EDGE_CURVE('',#174,#539,#541,.T.);
#539 = VERTEX_POINT('',#540);
#540 = CARTESIAN_POINT('',(-3.,2.7,3.45));
#541 = LINE('',#542,#543);
#542 = CARTESIAN_POINT('',(-3.,2.7,3.15));
#543 = VECTOR('',#544,1.);
#544 = DIRECTION('',(0.,0.,1.));
#545 = ORIENTED_EDGE('',*,*,#546,.T.);
#546 = EDGE_CURVE('',#539,#547,#549,.T.);
#547 = VERTEX_POINT('',#548);
#548 = CARTESIAN_POINT('',(-3.,1.,3.45));
#549 = LINE('',#550,#551);
#550 = CARTESIAN_POINT('',(-3.,3.,3.45));
#551 = VECTOR('',#552,1.);
#552 = DIRECTION('',(0.,-1.,0.));
#553 = ORIENTED_EDGE('',*,*,#554,.F.);
#554 = EDGE_CURVE('',#182,#547,#555,.T.);
#555 = LINE('',#556,#557);
#556 = CARTESIAN_POINT('',(-3.,1.,3.15));
#557 = VECTOR('',#558,1.);
#558 = DIRECTION('',(0.,0.,1.));
#559 = PLANE('',#560);
#560 = AXIS2_PLACEMENT_3D('',#561,#562,#563);
#561 = CARTESIAN_POINT('',(-3.,3.,3.15));
#562 = DIRECTION('',(1.,0.,0.));
#563 = DIRECTION('',(0.,-1.,0.));
#564 = ADVANCED_FACE('',(#565),#626,.F.);
#565 = FACE_BOUND('',#566,.F.);
#566 = EDGE_LOOP('',(#567,#568,#569,#570,#571,#572,#580,#588,#596,#604,
    #612,#620));
#567 = ORIENTED_EDGE('',*,*,#515,.F.);
#568 = ORIENTED_EDGE('',*,*,#213,.F.);
#569 = ORIENTED_EDGE('',*,*,#305,.T.);
#570 = ORIENTED_EDGE('',*,*,#327,.F.);
#571 = ORIENTED_EDGE('',*,*,#401,.T.);
#572 = ORIENTED_EDGE('',*,*,#573,.T.);
#573 = EDGE_CURVE('',#394,#574,#576,.T.);
#574 = VERTEX_POINT('',#575);
#575 = CARTESIAN_POINT('',(1.25,-1.25,0.3));
#576 = LINE('',#577,#578);
#577 = CARTESIAN_POINT('',(1.25,-3.,0.3));
#578 = VECTOR('',#579,1.);
#579 = DIRECTION('',(0.,1.,0.));
#580 = ORIENTED_EDGE('',*,*,#581,.T.);
#581 = EDGE_CURVE('',#574,#582,#584,.T.);
#582 = VERTEX_POINT('',#583);
#583 = CARTESIAN_POINT('',(3.,-1.25,0.3));
#584 = LINE('',#585,#586);
#585 = CARTESIAN_POINT('',(-3.,-1.25,0.3));
#586 = VECTOR('',#587,1.);
#587 = DIRECTION('',(1.,0.,0.));
#588 = ORIENTED_EDGE('',*,*,#589,.T.);
#589 = EDGE_CURVE('',#582,#590,#592,.T.);
#590 = VERTEX_POINT('',#591);
#591 = CARTESIAN_POINT('',(3.,1.25,0.3));
#592 = LINE('',#593,#594);
#593 = CARTESIAN_POINT('',(3.,-1.25,0.3));
#594 = VECTOR('',#595,1.);
#595 = DIRECTION('',(0.,1.,0.));
#596 = ORIENTED_EDGE('',*,*,#597,.F.);
#597 = EDGE_CURVE('',#598,#590,#600,.T.);
#598 = VERTEX_POINT('',#599);
#599 = CARTESIAN_POINT('',(1.25,1.25,0.3));
#600 = LINE('',#601,#602);
#601 = CARTESIAN_POINT('',(-3.,1.25,0.3));
#602 = VECTOR('',#603,1.);
#603 = DIRECTION('',(1.,0.,0.));
#604 = ORIENTED_EDGE('',*,*,#605,.T.);
#605 = EDGE_CURVE('',#598,#606,#608,.T.);
#606 = VERTEX_POINT('',#607);
#607 = CARTESIAN_POINT('',(1.25,3.,0.3));
#608 = LINE('',#609,#610);
#609 = CARTESIAN_POINT('',(1.25,-3.,0.3));
#610 = VECTOR('',#611,1.);
#611 = DIRECTION('',(0.,1.,0.));
#612 = ORIENTED_EDGE('',*,*,#613,.F.);
#613 = EDGE_CURVE('',#614,#606,#616,.T.);
#614 = VERTEX_POINT('',#615);
#615 = CARTESIAN_POINT('',(-1.25,3.,0.3));
#616 = LINE('',#617,#618);
#617 = CARTESIAN_POINT('',(-1.25,3.,0.3));
#618 = VECTOR('',#619,1.);
#619 = DIRECTION('',(1.,0.,0.));
#620 = ORIENTED_EDGE('',*,*,#621,.F.);
#621 = EDGE_CURVE('',#516,#614,#622,.T.);
#622 = LINE('',#623,#624);
#623 = CARTESIAN_POINT('',(-1.25,-3.,0.3));
#624 = VECTOR('',#625,1.);
#625 = DIRECTION('',(0.,1.,0.));
#626 = PLANE('',#627);
#627 = AXIS2_PLACEMENT_3D('',#628,#629,#630);
#628 = CARTESIAN_POINT('',(-3.,-1.25,0.3));
#629 = DIRECTION('',(0.,0.,1.));
#630 = DIRECTION('',(1.,0.,-0.));
#631 = ADVANCED_FACE('',(#632),#657,.T.);
#632 = FACE_BOUND('',#633,.T.);
#633 = EDGE_LOOP('',(#634,#635,#643,#651));
#634 = ORIENTED_EDGE('',*,*,#189,.T.);
#635 = ORIENTED_EDGE('',*,*,#636,.F.);
#636 = EDGE_CURVE('',#637,#190,#639,.T.);
#637 = VERTEX_POINT('',#638);
#638 = CARTESIAN_POINT('',(-2.8,-1.,3.15));
#639 = LINE('',#640,#641);
#640 = CARTESIAN_POINT('',(-2.8,-1.,3.15));
#641 = VECTOR('',#642,1.);
#642 = DIRECTION('',(-1.,-0.,-0.));
#643 = ORIENTED_EDGE('',*,*,#644,.F.);
#644 = EDGE_CURVE('',#645,#637,#647,.T.);
#645 = VERTEX_POINT('',#646);
#646 = CARTESIAN_POINT('',(-2.8,1.,3.15));
#647 = LINE('',#648,#649);
#648 = CARTESIAN_POINT('',(-2.8,1.,3.15));
#649 = VECTOR('',#650,1.);
#650 = DIRECTION('',(-0.,-1.,-0.));
#651 = ORIENTED_EDGE('',*,*,#652,.F.);
#652 = EDGE_CURVE('',#182,#645,#653,.T.);
#653 = LINE('',#654,#655);
#654 = CARTESIAN_POINT('',(-3.,1.,3.15));
#655 = VECTOR('',#656,1.);
#656 = DIRECTION('',(1.,0.,0.));
#657 = PLANE('',#658);
#658 = AXIS2_PLACEMENT_3D('',#659,#660,#661);
#659 = CARTESIAN_POINT('',(0.,0.,3.15));
#660 = DIRECTION('',(0.,0.,1.));
#661 = DIRECTION('',(1.,0.,-0.));
#662 = ADVANCED_FACE('',(#663),#681,.F.);
#663 = FACE_BOUND('',#664,.F.);
#664 = EDGE_LOOP('',(#665,#666,#674,#680));
#665 = ORIENTED_EDGE('',*,*,#197,.F.);
#666 = ORIENTED_EDGE('',*,*,#667,.T.);
#667 = EDGE_CURVE('',#190,#668,#670,.T.);
#668 = VERTEX_POINT('',#669);
#669 = CARTESIAN_POINT('',(-3.,-1.,3.45));
#670 = LINE('',#671,#672);
#671 = CARTESIAN_POINT('',(-3.,-1.,3.15));
#672 = VECTOR('',#673,1.);
#673 = DIRECTION('',(0.,0.,1.));
#674 = ORIENTED_EDGE('',*,*,#675,.T.);
#675 = EDGE_CURVE('',#668,#426,#676,.T.);
#676 = LINE('',#677,#678);
#677 = CARTESIAN_POINT('',(-3.,3.,3.45));
#678 = VECTOR('',#679,1.);
#679 = DIRECTION('',(0.,-1.,0.));
#680 = ORIENTED_EDGE('',*,*,#434,.F.);
#681 = PLANE('',#682);
#682 = AXIS2_PLACEMENT_3D('',#683,#684,#685);
#683 = CARTESIAN_POINT('',(-3.,3.,3.15));
#684 = DIRECTION('',(1.,0.,0.));
#685 = DIRECTION('',(0.,-1.,0.));
#686 = ADVANCED_FACE('',(#687),#762,.F.);
#687 = FACE_BOUND('',#688,.F.);
#688 = EDGE_LOOP('',(#689,#699,#708,#716,#722,#723,#731,#740,#748,#756)
  );
#689 = ORIENTED_EDGE('',*,*,#690,.T.);
#690 = EDGE_CURVE('',#691,#693,#695,.T.);
#691 = VERTEX_POINT('',#692);
#692 = CARTESIAN_POINT('',(-4.5,2.6,0.));
#693 = VERTEX_POINT('',#694);
#694 = CARTESIAN_POINT('',(-3.449217410273,2.6,0.));
#695 = LINE('',#696,#697);
#696 = CARTESIAN_POINT('',(-4.5,2.6,0.));
#697 = VECTOR('',#698,1.);
#698 = DIRECTION('',(1.,-1.224646799147E-16,0.));
#699 = ORIENTED_EDGE('',*,*,#700,.T.);
#700 = EDGE_CURVE('',#693,#701,#703,.T.);
#701 = VERTEX_POINT('',#702);
#702 = CARTESIAN_POINT('',(-3.154303630092,2.6,0.244992161835));
#703 = CIRCLE('',#704,0.3);
#704 = AXIS2_PLACEMENT_3D('',#705,#706,#707);
#705 = CARTESIAN_POINT('',(-3.449217410273,2.6,0.3));
#706 = DIRECTION('',(-1.224646799147E-16,-1.,-0.));
#707 = DIRECTION('',(0.,0.,-1.));
#708 = ORIENTED_EDGE('',*,*,#709,.T.);
#709 = EDGE_CURVE('',#701,#710,#712,.T.);
#710 = VERTEX_POINT('',#711);
#711 = CARTESIAN_POINT('',(-3.050782589727,2.6,0.8));
#712 = LINE('',#713,#714);
#713 = CARTESIAN_POINT('',(-3.154303630092,2.6,0.244992161835));
#714 = VECTOR('',#715,1.);
#715 = DIRECTION('',(0.183359460551,-2.245505764576E-17,0.983045933935)
  );
#716 = ORIENTED_EDGE('',*,*,#717,.T.);
#717 = EDGE_CURVE('',#710,#230,#718,.T.);
#718 = LINE('',#719,#720);
#719 = CARTESIAN_POINT('',(-3.050782589727,2.6,0.8));
#720 = VECTOR('',#721,1.);
#721 = DIRECTION('',(1.,-1.224646799147E-16,0.));
#722 = ORIENTED_EDGE('',*,*,#229,.T.);
#723 = ORIENTED_EDGE('',*,*,#724,.T.);
#724 = EDGE_CURVE('',#232,#725,#727,.T.);
#725 = VERTEX_POINT('',#726);
#726 = CARTESIAN_POINT('',(-3.050782589727,2.6,1.1));
#727 = LINE('',#728,#729);
#728 = CARTESIAN_POINT('',(-3.,2.6,1.1));
#729 = VECTOR('',#730,1.);
#730 = DIRECTION('',(-1.,1.224646799147E-16,0.));
#731 = ORIENTED_EDGE('',*,*,#732,.T.);
#732 = EDGE_CURVE('',#725,#733,#735,.T.);
#733 = VERTEX_POINT('',#734);
#734 = CARTESIAN_POINT('',(-3.345696369908,2.6,0.855007838165));
#735 = CIRCLE('',#736,0.3);
#736 = AXIS2_PLACEMENT_3D('',#737,#738,#739);
#737 = CARTESIAN_POINT('',(-3.050782589727,2.6,0.8));
#738 = DIRECTION('',(-1.224646799147E-16,-1.,-2.491639452217E-48));
#739 = DIRECTION('',(-7.401486830834E-16,9.06420715631E-32,1.));
#740 = ORIENTED_EDGE('',*,*,#741,.T.);
#741 = EDGE_CURVE('',#733,#742,#744,.T.);
#742 = VERTEX_POINT('',#743);
#743 = CARTESIAN_POINT('',(-3.449217410273,2.6,0.3));
#744 = LINE('',#745,#746);
#745 = CARTESIAN_POINT('',(-3.345696369908,2.6,0.855007838165));
#746 = VECTOR('',#747,1.);
#747 = DIRECTION('',(-0.183359460551,2.245505764576E-17,-0.983045933935)
  );
#748 = ORIENTED_EDGE('',*,*,#749,.T.);
#749 = EDGE_CURVE('',#742,#750,#752,.T.);
#750 = VERTEX_POINT('',#751);
#751 = CARTESIAN_POINT('',(-4.5,2.6,0.3));
#752 = LINE('',#753,#754);
#753 = CARTESIAN_POINT('',(-3.449217410273,2.6,0.3));
#754 = VECTOR('',#755,1.);
#755 = DIRECTION('',(-1.,1.224646799147E-16,5.28283888351E-17));
#756 = ORIENTED_EDGE('',*,*,#757,.T.);
#757 = EDGE_CURVE('',#750,#691,#758,.T.);
#758 = LINE('',#759,#760);
#759 = CARTESIAN_POINT('',(-4.5,2.6,0.3));
#760 = VECTOR('',#761,1.);
#761 = DIRECTION('',(0.,0.,-1.));
#762 = PLANE('',#763);
#763 = AXIS2_PLACEMENT_3D('',#764,#765,#766);
#764 = CARTESIAN_POINT('',(-3.628410136446,2.6,0.381817717135));
#765 = DIRECTION('',(-1.224646799147E-16,-1.,0.));
#766 = DIRECTION('',(0.,0.,1.));
#767 = ADVANCED_FACE('',(#768),#786,.T.);
#768 = FACE_BOUND('',#769,.T.);
#769 = EDGE_LOOP('',(#770,#771,#772,#780));
#770 = ORIENTED_EDGE('',*,*,#255,.F.);
#771 = ORIENTED_EDGE('',*,*,#724,.T.);
#772 = ORIENTED_EDGE('',*,*,#773,.T.);
#773 = EDGE_CURVE('',#725,#774,#776,.T.);
#774 = VERTEX_POINT('',#775);
#775 = CARTESIAN_POINT('',(-3.050782589727,1.9,1.1));
#776 = LINE('',#777,#778);
#777 = CARTESIAN_POINT('',(-3.050782589727,2.6,1.1));
#778 = VECTOR('',#779,1.);
#779 = DIRECTION('',(-1.224646799147E-16,-1.,0.));
#780 = ORIENTED_EDGE('',*,*,#781,.F.);
#781 = EDGE_CURVE('',#248,#774,#782,.T.);
#782 = LINE('',#783,#784);
#783 = CARTESIAN_POINT('',(-3.,1.9,1.1));
#784 = VECTOR('',#785,1.);
#785 = DIRECTION('',(-1.,1.224646799147E-16,0.));
#786 = PLANE('',#787);
#787 = AXIS2_PLACEMENT_3D('',#788,#789,#790);
#788 = CARTESIAN_POINT('',(-3.,2.25,1.1));
#789 = DIRECTION('',(0.,0.,1.));
#790 = DIRECTION('',(-1.,1.224646799147E-16,0.));
#791 = ADVANCED_FACE('',(#792),#860,.T.);
#792 = FACE_BOUND('',#793,.T.);
#793 = EDGE_LOOP('',(#794,#804,#813,#821,#827,#828,#829,#838,#846,#854)
  );
#794 = ORIENTED_EDGE('',*,*,#795,.T.);
#795 = EDGE_CURVE('',#796,#798,#800,.T.);
#796 = VERTEX_POINT('',#797);
#797 = CARTESIAN_POINT('',(-4.5,1.9,0.));
#798 = VERTEX_POINT('',#799);
#799 = CARTESIAN_POINT('',(-3.449217410273,1.9,0.));
#800 = LINE('',#801,#802);
#801 = CARTESIAN_POINT('',(-4.5,1.9,0.));
#802 = VECTOR('',#803,1.);
#803 = DIRECTION('',(1.,-1.224646799147E-16,0.));
#804 = ORIENTED_EDGE('',*,*,#805,.T.);
#805 = EDGE_CURVE('',#798,#806,#808,.T.);
#806 = VERTEX_POINT('',#807);
#807 = CARTESIAN_POINT('',(-3.154303630092,1.9,0.244992161835));
#808 = CIRCLE('',#809,0.3);
#809 = AXIS2_PLACEMENT_3D('',#810,#811,#812);
#810 = CARTESIAN_POINT('',(-3.449217410273,1.9,0.3));
#811 = DIRECTION('',(-1.224646799147E-16,-1.,-0.));
#812 = DIRECTION('',(0.,0.,-1.));
#813 = ORIENTED_EDGE('',*,*,#814,.T.);
#814 = EDGE_CURVE('',#806,#815,#817,.T.);
#815 = VERTEX_POINT('',#816);
#816 = CARTESIAN_POINT('',(-3.050782589727,1.9,0.8));
#817 = LINE('',#818,#819);
#818 = CARTESIAN_POINT('',(-3.154303630092,1.9,0.244992161835));
#819 = VECTOR('',#820,1.);
#820 = DIRECTION('',(0.183359460551,-2.245505764576E-17,0.983045933935)
  );
#821 = ORIENTED_EDGE('',*,*,#822,.T.);
#822 = EDGE_CURVE('',#815,#240,#823,.T.);
#823 = LINE('',#824,#825);
#824 = CARTESIAN_POINT('',(-3.050782589727,1.9,0.8));
#825 = VECTOR('',#826,1.);
#826 = DIRECTION('',(1.,-1.224646799147E-16,0.));
#827 = ORIENTED_EDGE('',*,*,#247,.T.);
#828 = ORIENTED_EDGE('',*,*,#781,.T.);
#829 = ORIENTED_EDGE('',*,*,#830,.T.);
#830 = EDGE_CURVE('',#774,#831,#833,.T.);
#831 = VERTEX_POINT('',#832);
#832 = CARTESIAN_POINT('',(-3.345696369908,1.9,0.855007838165));
#833 = CIRCLE('',#834,0.3);
#834 = AXIS2_PLACEMENT_3D('',#835,#836,#837);
#835 = CARTESIAN_POINT('',(-3.050782589727,1.9,0.8));
#836 = DIRECTION('',(-1.224646799147E-16,-1.,-2.491639452217E-48));
#837 = DIRECTION('',(-7.401486830834E-16,9.06420715631E-32,1.));
#838 = ORIENTED_EDGE('',*,*,#839,.T.);
#839 = EDGE_CURVE('',#831,#840,#842,.T.);
#840 = VERTEX_POINT('',#841);
#841 = CARTESIAN_POINT('',(-3.449217410273,1.9,0.3));
#842 = LINE('',#843,#844);
#843 = CARTESIAN_POINT('',(-3.345696369908,1.9,0.855007838165));
#844 = VECTOR('',#845,1.);
#845 = DIRECTION('',(-0.183359460551,2.245505764576E-17,-0.983045933935)
  );
#846 = ORIENTED_EDGE('',*,*,#847,.T.);
#847 = EDGE_CURVE('',#840,#848,#850,.T.);
#848 = VERTEX_POINT('',#849);
#849 = CARTESIAN_POINT('',(-4.5,1.9,0.3));
#850 = LINE('',#851,#852);
#851 = CARTESIAN_POINT('',(-3.449217410273,1.9,0.3));
#852 = VECTOR('',#853,1.);
#853 = DIRECTION('',(-1.,1.224646799147E-16,5.28283888351E-17));
#854 = ORIENTED_EDGE('',*,*,#855,.T.);
#855 = EDGE_CURVE('',#848,#796,#856,.T.);
#856 = LINE('',#857,#858);
#857 = CARTESIAN_POINT('',(-4.5,1.9,0.3));
#858 = VECTOR('',#859,1.);
#859 = DIRECTION('',(0.,0.,-1.));
#860 = PLANE('',#861);
#861 = AXIS2_PLACEMENT_3D('',#862,#863,#864);
#862 = CARTESIAN_POINT('',(-3.628410136446,1.9,0.381817717135));
#863 = DIRECTION('',(-1.224646799147E-16,-1.,0.));
#864 = DIRECTION('',(0.,0.,1.));
#865 = ADVANCED_FACE('',(#866),#877,.T.);
#866 = FACE_BOUND('',#867,.T.);
#867 = EDGE_LOOP('',(#868,#874,#875,#876));
#868 = ORIENTED_EDGE('',*,*,#869,.F.);
#869 = EDGE_CURVE('',#710,#815,#870,.T.);
#870 = LINE('',#871,#872);
#871 = CARTESIAN_POINT('',(-3.050782589727,2.6,0.8));
#872 = VECTOR('',#873,1.);
#873 = DIRECTION('',(-1.224646799147E-16,-1.,0.));
#874 = ORIENTED_EDGE('',*,*,#717,.T.);
#875 = ORIENTED_EDGE('',*,*,#239,.T.);
#876 = ORIENTED_EDGE('',*,*,#822,.F.);
#877 = PLANE('',#878);
#878 = AXIS2_PLACEMENT_3D('',#879,#880,#881);
#879 = CARTESIAN_POINT('',(-3.050782589727,2.25,0.8));
#880 = DIRECTION('',(0.,0.,-1.));
#881 = DIRECTION('',(1.,-1.224646799147E-16,0.));
#882 = ADVANCED_FACE('',(#883),#958,.F.);
#883 = FACE_BOUND('',#884,.F.);
#884 = EDGE_LOOP('',(#885,#895,#904,#912,#918,#919,#927,#936,#944,#952)
  );
#885 = ORIENTED_EDGE('',*,*,#886,.T.);
#886 = EDGE_CURVE('',#887,#889,#891,.T.);
#887 = VERTEX_POINT('',#888);
#888 = CARTESIAN_POINT('',(-4.5,-1.9,0.));
#889 = VERTEX_POINT('',#890);
#890 = CARTESIAN_POINT('',(-3.449217410273,-1.9,0.));
#891 = LINE('',#892,#893);
#892 = CARTESIAN_POINT('',(-4.5,-1.9,0.));
#893 = VECTOR('',#894,1.);
#894 = DIRECTION('',(1.,-1.224646799147E-16,0.));
#895 = ORIENTED_EDGE('',*,*,#896,.T.);
#896 = EDGE_CURVE('',#889,#897,#899,.T.);
#897 = VERTEX_POINT('',#898);
#898 = CARTESIAN_POINT('',(-3.154303630092,-1.9,0.244992161835));
#899 = CIRCLE('',#900,0.3);
#900 = AXIS2_PLACEMENT_3D('',#901,#902,#903);
#901 = CARTESIAN_POINT('',(-3.449217410273,-1.9,0.3));
#902 = DIRECTION('',(-1.224646799147E-16,-1.,-0.));
#903 = DIRECTION('',(0.,0.,-1.));
#904 = ORIENTED_EDGE('',*,*,#905,.T.);
#905 = EDGE_CURVE('',#897,#906,#908,.T.);
#906 = VERTEX_POINT('',#907);
#907 = CARTESIAN_POINT('',(-3.050782589727,-1.9,0.8));
#908 = LINE('',#909,#910);
#909 = CARTESIAN_POINT('',(-3.154303630092,-1.9,0.244992161835));
#910 = VECTOR('',#911,1.);
#911 = DIRECTION('',(0.183359460551,-2.245505764576E-17,0.983045933935)
  );
#912 = ORIENTED_EDGE('',*,*,#913,.T.);
#913 = EDGE_CURVE('',#906,#264,#914,.T.);
#914 = LINE('',#915,#916);
#915 = CARTESIAN_POINT('',(-3.050782589727,-1.9,0.8));
#916 = VECTOR('',#917,1.);
#917 = DIRECTION('',(1.,-1.224646799147E-16,0.));
#918 = ORIENTED_EDGE('',*,*,#263,.T.);
#919 = ORIENTED_EDGE('',*,*,#920,.T.);
#920 = EDGE_CURVE('',#266,#921,#923,.T.);
#921 = VERTEX_POINT('',#922);
#922 = CARTESIAN_POINT('',(-3.050782589727,-1.9,1.1));
#923 = LINE('',#924,#925);
#924 = CARTESIAN_POINT('',(-3.,-1.9,1.1));
#925 = VECTOR('',#926,1.);
#926 = DIRECTION('',(-1.,1.224646799147E-16,0.));
#927 = ORIENTED_EDGE('',*,*,#928,.T.);
#928 = EDGE_CURVE('',#921,#929,#931,.T.);
#929 = VERTEX_POINT('',#930);
#930 = CARTESIAN_POINT('',(-3.345696369908,-1.9,0.855007838165));
#931 = CIRCLE('',#932,0.3);
#932 = AXIS2_PLACEMENT_3D('',#933,#934,#935);
#933 = CARTESIAN_POINT('',(-3.050782589727,-1.9,0.8));
#934 = DIRECTION('',(-1.224646799147E-16,-1.,-2.491639452217E-48));
#935 = DIRECTION('',(-7.401486830834E-16,9.06420715631E-32,1.));
#936 = ORIENTED_EDGE('',*,*,#937,.T.);
#937 = EDGE_CURVE('',#929,#938,#940,.T.);
#938 = VERTEX_POINT('',#939);
#939 = CARTESIAN_POINT('',(-3.449217410273,-1.9,0.3));
#940 = LINE('',#941,#942);
#941 = CARTESIAN_POINT('',(-3.345696369908,-1.9,0.855007838165));
#942 = VECTOR('',#943,1.);
#943 = DIRECTION('',(-0.183359460551,2.245505764576E-17,-0.983045933935)
  );
#944 = ORIENTED_EDGE('',*,*,#945,.T.);
#945 = EDGE_CURVE('',#938,#946,#948,.T.);
#946 = VERTEX_POINT('',#947);
#947 = CARTESIAN_POINT('',(-4.5,-1.9,0.3));
#948 = LINE('',#949,#950);
#949 = CARTESIAN_POINT('',(-3.449217410273,-1.9,0.3));
#950 = VECTOR('',#951,1.);
#951 = DIRECTION('',(-1.,1.224646799147E-16,5.28283888351E-17));
#952 = ORIENTED_EDGE('',*,*,#953,.T.);
#953 = EDGE_CURVE('',#946,#887,#954,.T.);
#954 = LINE('',#955,#956);
#955 = CARTESIAN_POINT('',(-4.5,-1.9,0.3));
#956 = VECTOR('',#957,1.);
#957 = DIRECTION('',(0.,0.,-1.));
#958 = PLANE('',#959);
#959 = AXIS2_PLACEMENT_3D('',#960,#961,#962);
#960 = CARTESIAN_POINT('',(-3.628410136446,-1.9,0.381817717135));
#961 = DIRECTION('',(-1.224646799147E-16,-1.,0.));
#962 = DIRECTION('',(0.,0.,1.));
#963 = ADVANCED_FACE('',(#964),#982,.T.);
#964 = FACE_BOUND('',#965,.T.);
#965 = EDGE_LOOP('',(#966,#967,#968,#976));
#966 = ORIENTED_EDGE('',*,*,#289,.F.);
#967 = ORIENTED_EDGE('',*,*,#920,.T.);
#968 = ORIENTED_EDGE('',*,*,#969,.T.);
#969 = EDGE_CURVE('',#921,#970,#972,.T.);
#970 = VERTEX_POINT('',#971);
#971 = CARTESIAN_POINT('',(-3.050782589727,-2.6,1.1));
#972 = LINE('',#973,#974);
#973 = CARTESIAN_POINT('',(-3.050782589727,-1.9,1.1));
#974 = VECTOR('',#975,1.);
#975 = DIRECTION('',(-1.224646799147E-16,-1.,0.));
#976 = ORIENTED_EDGE('',*,*,#977,.F.);
#977 = EDGE_CURVE('',#282,#970,#978,.T.);
#978 = LINE('',#979,#980);
#979 = CARTESIAN_POINT('',(-3.,-2.6,1.1));
#980 = VECTOR('',#981,1.);
#981 = DIRECTION('',(-1.,1.224646799147E-16,0.));
#982 = PLANE('',#983);
#983 = AXIS2_PLACEMENT_3D('',#984,#985,#986);
#984 = CARTESIAN_POINT('',(-3.,-2.25,1.1));
#985 = DIRECTION('',(0.,0.,1.));
#986 = DIRECTION('',(-1.,1.224646799147E-16,0.));
#987 = ADVANCED_FACE('',(#988),#1056,.T.);
#988 = FACE_BOUND('',#989,.T.);
#989 = EDGE_LOOP('',(#990,#1000,#1009,#1017,#1023,#1024,#1025,#1034,
    #1042,#1050));
#990 = ORIENTED_EDGE('',*,*,#991,.T.);
#991 = EDGE_CURVE('',#992,#994,#996,.T.);
#992 = VERTEX_POINT('',#993);
#993 = CARTESIAN_POINT('',(-4.5,-2.6,0.));
#994 = VERTEX_POINT('',#995);
#995 = CARTESIAN_POINT('',(-3.449217410273,-2.6,0.));
#996 = LINE('',#997,#998);
#997 = CARTESIAN_POINT('',(-4.5,-2.6,0.));
#998 = VECTOR('',#999,1.);
#999 = DIRECTION('',(1.,-1.224646799147E-16,0.));
#1000 = ORIENTED_EDGE('',*,*,#1001,.T.);
#1001 = EDGE_CURVE('',#994,#1002,#1004,.T.);
#1002 = VERTEX_POINT('',#1003);
#1003 = CARTESIAN_POINT('',(-3.154303630092,-2.6,0.244992161835));
#1004 = CIRCLE('',#1005,0.3);
#1005 = AXIS2_PLACEMENT_3D('',#1006,#1007,#1008);
#1006 = CARTESIAN_POINT('',(-3.449217410273,-2.6,0.3));
#1007 = DIRECTION('',(-1.224646799147E-16,-1.,-0.));
#1008 = DIRECTION('',(0.,0.,-1.));
#1009 = ORIENTED_EDGE('',*,*,#1010,.T.);
#1010 = EDGE_CURVE('',#1002,#1011,#1013,.T.);
#1011 = VERTEX_POINT('',#1012);
#1012 = CARTESIAN_POINT('',(-3.050782589727,-2.6,0.8));
#1013 = LINE('',#1014,#1015);
#1014 = CARTESIAN_POINT('',(-3.154303630092,-2.6,0.244992161835));
#1015 = VECTOR('',#1016,1.);
#1016 = DIRECTION('',(0.183359460551,-2.245505764576E-17,0.983045933935)
  );
#1017 = ORIENTED_EDGE('',*,*,#1018,.T.);
#1018 = EDGE_CURVE('',#1011,#274,#1019,.T.);
#1019 = LINE('',#1020,#1021);
#1020 = CARTESIAN_POINT('',(-3.050782589727,-2.6,0.8));
#1021 = VECTOR('',#1022,1.);
#1022 = DIRECTION('',(1.,-1.224646799147E-16,0.));
#1023 = ORIENTED_EDGE('',*,*,#281,.T.);
#1024 = ORIENTED_EDGE('',*,*,#977,.T.);
#1025 = ORIENTED_EDGE('',*,*,#1026,.T.);
#1026 = EDGE_CURVE('',#970,#1027,#1029,.T.);
#1027 = VERTEX_POINT('',#1028);
#1028 = CARTESIAN_POINT('',(-3.345696369908,-2.6,0.855007838165));
#1029 = CIRCLE('',#1030,0.3);
#1030 = AXIS2_PLACEMENT_3D('',#1031,#1032,#1033);
#1031 = CARTESIAN_POINT('',(-3.050782589727,-2.6,0.8));
#1032 = DIRECTION('',(-1.224646799147E-16,-1.,-2.491639452217E-48));
#1033 = DIRECTION('',(-7.401486830834E-16,9.06420715631E-32,1.));
#1034 = ORIENTED_EDGE('',*,*,#1035,.T.);
#1035 = EDGE_CURVE('',#1027,#1036,#1038,.T.);
#1036 = VERTEX_POINT('',#1037);
#1037 = CARTESIAN_POINT('',(-3.449217410273,-2.6,0.3));
#1038 = LINE('',#1039,#1040);
#1039 = CARTESIAN_POINT('',(-3.345696369908,-2.6,0.855007838165));
#1040 = VECTOR('',#1041,1.);
#1041 = DIRECTION('',(-0.183359460551,2.245505764576E-17,-0.983045933935
    ));
#1042 = ORIENTED_EDGE('',*,*,#1043,.T.);
#1043 = EDGE_CURVE('',#1036,#1044,#1046,.T.);
#1044 = VERTEX_POINT('',#1045);
#1045 = CARTESIAN_POINT('',(-4.5,-2.6,0.3));
#1046 = LINE('',#1047,#1048);
#1047 = CARTESIAN_POINT('',(-3.449217410273,-2.6,0.3));
#1048 = VECTOR('',#1049,1.);
#1049 = DIRECTION('',(-1.,1.224646799147E-16,5.28283888351E-17));
#1050 = ORIENTED_EDGE('',*,*,#1051,.T.);
#1051 = EDGE_CURVE('',#1044,#992,#1052,.T.);
#1052 = LINE('',#1053,#1054);
#1053 = CARTESIAN_POINT('',(-4.5,-2.6,0.3));
#1054 = VECTOR('',#1055,1.);
#1055 = DIRECTION('',(0.,0.,-1.));
#1056 = PLANE('',#1057);
#1057 = AXIS2_PLACEMENT_3D('',#1058,#1059,#1060);
#1058 = CARTESIAN_POINT('',(-3.628410136446,-2.6,0.381817717135));
#1059 = DIRECTION('',(-1.224646799147E-16,-1.,0.));
#1060 = DIRECTION('',(0.,0.,1.));
#1061 = ADVANCED_FACE('',(#1062),#1073,.T.);
#1062 = FACE_BOUND('',#1063,.T.);
#1063 = EDGE_LOOP('',(#1064,#1070,#1071,#1072));
#1064 = ORIENTED_EDGE('',*,*,#1065,.F.);
#1065 = EDGE_CURVE('',#906,#1011,#1066,.T.);
#1066 = LINE('',#1067,#1068);
#1067 = CARTESIAN_POINT('',(-3.050782589727,-1.9,0.8));
#1068 = VECTOR('',#1069,1.);
#1069 = DIRECTION('',(-1.224646799147E-16,-1.,0.));
#1070 = ORIENTED_EDGE('',*,*,#913,.T.);
#1071 = ORIENTED_EDGE('',*,*,#273,.T.);
#1072 = ORIENTED_EDGE('',*,*,#1018,.F.);
#1073 = PLANE('',#1074);
#1074 = AXIS2_PLACEMENT_3D('',#1075,#1076,#1077);
#1075 = CARTESIAN_POINT('',(-3.050782589727,-2.25,0.8));
#1076 = DIRECTION('',(0.,0.,-1.));
#1077 = DIRECTION('',(1.,-1.224646799147E-16,0.));
#1078 = ADVANCED_FACE('',(#1079),#1097,.F.);
#1079 = FACE_BOUND('',#1080,.F.);
#1080 = EDGE_LOOP('',(#1081,#1082,#1083,#1091));
#1081 = ORIENTED_EDGE('',*,*,#573,.F.);
#1082 = ORIENTED_EDGE('',*,*,#393,.F.);
#1083 = ORIENTED_EDGE('',*,*,#1084,.T.);
#1084 = EDGE_CURVE('',#386,#1085,#1087,.T.);
#1085 = VERTEX_POINT('',#1086);
#1086 = CARTESIAN_POINT('',(1.25,-1.25,0.));
#1087 = LINE('',#1088,#1089);
#1088 = CARTESIAN_POINT('',(1.25,-3.,0.));
#1089 = VECTOR('',#1090,1.);
#1090 = DIRECTION('',(0.,1.,0.));
#1091 = ORIENTED_EDGE('',*,*,#1092,.F.);
#1092 = EDGE_CURVE('',#574,#1085,#1093,.T.);
#1093 = LINE('',#1094,#1095);
#1094 = CARTESIAN_POINT('',(1.25,-1.25,0.));
#1095 = VECTOR('',#1096,1.);
#1096 = DIRECTION('',(0.,0.,-1.));
#1097 = PLANE('',#1098);
#1098 = AXIS2_PLACEMENT_3D('',#1099,#1100,#1101);
#1099 = CARTESIAN_POINT('',(1.25,-3.,0.));
#1100 = DIRECTION('',(1.,0.,0.));
#1101 = DIRECTION('',(0.,0.,1.));
#1102 = ADVANCED_FACE('',(#1103),#1130,.F.);
#1103 = FACE_BOUND('',#1104,.F.);
#1104 = EDGE_LOOP('',(#1105,#1106,#1107,#1116,#1124));
#1105 = ORIENTED_EDGE('',*,*,#1084,.F.);
#1106 = ORIENTED_EDGE('',*,*,#385,.T.);
#1107 = ORIENTED_EDGE('',*,*,#1108,.T.);
#1108 = EDGE_CURVE('',#378,#1109,#1111,.T.);
#1109 = VERTEX_POINT('',#1110);
#1110 = CARTESIAN_POINT('',(3.,-2.7,0.));
#1111 = CIRCLE('',#1112,0.3);
#1112 = AXIS2_PLACEMENT_3D('',#1113,#1114,#1115);
#1113 = CARTESIAN_POINT('',(2.7,-2.7,0.));
#1114 = DIRECTION('',(-0.,0.,1.));
#1115 = DIRECTION('',(0.,-1.,0.));
#1116 = ORIENTED_EDGE('',*,*,#1117,.T.);
#1117 = EDGE_CURVE('',#1109,#1118,#1120,.T.);
#1118 = VERTEX_POINT('',#1119);
#1119 = CARTESIAN_POINT('',(3.,-1.25,0.));
#1120 = LINE('',#1121,#1122);
#1121 = CARTESIAN_POINT('',(3.,-3.,0.));
#1122 = VECTOR('',#1123,1.);
#1123 = DIRECTION('',(0.,1.,0.));
#1124 = ORIENTED_EDGE('',*,*,#1125,.F.);
#1125 = EDGE_CURVE('',#1085,#1118,#1126,.T.);
#1126 = LINE('',#1127,#1128);
#1127 = CARTESIAN_POINT('',(-3.,-1.25,0.));
#1128 = VECTOR('',#1129,1.);
#1129 = DIRECTION('',(1.,0.,0.));
#1130 = PLANE('',#1131);
#1131 = AXIS2_PLACEMENT_3D('',#1132,#1133,#1134);
#1132 = CARTESIAN_POINT('',(0.,0.,0.));
#1133 = DIRECTION('',(0.,0.,1.));
#1134 = DIRECTION('',(1.,0.,-0.));
#1135 = ADVANCED_FACE('',(#1136),#1155,.T.);
#1136 = FACE_BOUND('',#1137,.T.);
#1137 = EDGE_LOOP('',(#1138,#1139,#1147,#1154));
#1138 = ORIENTED_EDGE('',*,*,#1108,.T.);
#1139 = ORIENTED_EDGE('',*,*,#1140,.T.);
#1140 = EDGE_CURVE('',#1109,#1141,#1143,.T.);
#1141 = VERTEX_POINT('',#1142);
#1142 = CARTESIAN_POINT('',(3.,-2.7,3.15));
#1143 = LINE('',#1144,#1145);
#1144 = CARTESIAN_POINT('',(3.,-2.7,0.));
#1145 = VECTOR('',#1146,1.);
#1146 = DIRECTION('',(0.,0.,1.));
#1147 = ORIENTED_EDGE('',*,*,#1148,.F.);
#1148 = EDGE_CURVE('',#370,#1141,#1149,.T.);
#1149 = CIRCLE('',#1150,0.3);
#1150 = AXIS2_PLACEMENT_3D('',#1151,#1152,#1153);
#1151 = CARTESIAN_POINT('',(2.7,-2.7,3.15));
#1152 = DIRECTION('',(-0.,0.,1.));
#1153 = DIRECTION('',(0.,-1.,0.));
#1154 = ORIENTED_EDGE('',*,*,#377,.F.);
#1155 = CYLINDRICAL_SURFACE('',#1156,0.3);
#1156 = AXIS2_PLACEMENT_3D('',#1157,#1158,#1159);
#1157 = CARTESIAN_POINT('',(2.7,-2.7,0.));
#1158 = DIRECTION('',(0.,0.,1.));
#1159 = DIRECTION('',(0.,-1.,0.));
#1160 = ADVANCED_FACE('',(#1161),#1179,.F.);
#1161 = FACE_BOUND('',#1162,.F.);
#1162 = EDGE_LOOP('',(#1163,#1164,#1165,#1173));
#1163 = ORIENTED_EDGE('',*,*,#353,.F.);
#1164 = ORIENTED_EDGE('',*,*,#417,.T.);
#1165 = ORIENTED_EDGE('',*,*,#1166,.T.);
#1166 = EDGE_CURVE('',#418,#1167,#1169,.T.);
#1167 = VERTEX_POINT('',#1168);
#1168 = CARTESIAN_POINT('',(-1.,-3.,3.45));
#1169 = LINE('',#1170,#1171);
#1170 = CARTESIAN_POINT('',(-3.,-3.,3.45));
#1171 = VECTOR('',#1172,1.);
#1172 = DIRECTION('',(1.,0.,0.));
#1173 = ORIENTED_EDGE('',*,*,#1174,.F.);
#1174 = EDGE_CURVE('',#354,#1167,#1175,.T.);
#1175 = LINE('',#1176,#1177);
#1176 = CARTESIAN_POINT('',(-1.,-3.,3.15));
#1177 = VECTOR('',#1178,1.);
#1178 = DIRECTION('',(0.,0.,1.));
#1179 = PLANE('',#1180);
#1180 = AXIS2_PLACEMENT_3D('',#1181,#1182,#1183);
#1181 = CARTESIAN_POINT('',(-3.,-3.,3.15));
#1182 = DIRECTION('',(0.,1.,0.));
#1183 = DIRECTION('',(1.,0.,0.));
#1184 = ADVANCED_FACE('',(#1185),#1210,.T.);
#1185 = FACE_BOUND('',#1186,.T.);
#1186 = EDGE_LOOP('',(#1187,#1195,#1196,#1204));
#1187 = ORIENTED_EDGE('',*,*,#1188,.F.);
#1188 = EDGE_CURVE('',#354,#1189,#1191,.T.);
#1189 = VERTEX_POINT('',#1190);
#1190 = CARTESIAN_POINT('',(-1.,-2.8,3.15));
#1191 = LINE('',#1192,#1193);
#1192 = CARTESIAN_POINT('',(-1.,-3.,3.15));
#1193 = VECTOR('',#1194,1.);
#1194 = DIRECTION('',(-1.110223024625E-16,1.,0.));
#1195 = ORIENTED_EDGE('',*,*,#361,.T.);
#1196 = ORIENTED_EDGE('',*,*,#1197,.F.);
#1197 = EDGE_CURVE('',#1198,#362,#1200,.T.);
#1198 = VERTEX_POINT('',#1199);
#1199 = CARTESIAN_POINT('',(1.,-2.8,3.15));
#1200 = LINE('',#1201,#1202);
#1201 = CARTESIAN_POINT('',(1.,-2.8,3.15));
#1202 = VECTOR('',#1203,1.);
#1203 = DIRECTION('',(1.110223024625E-16,-1.,0.));
#1204 = ORIENTED_EDGE('',*,*,#1205,.F.);
#1205 = EDGE_CURVE('',#1189,#1198,#1206,.T.);
#1206 = LINE('',#1207,#1208);
#1207 = CARTESIAN_POINT('',(-1.,-2.8,3.15));
#1208 = VECTOR('',#1209,1.);
#1209 = DIRECTION('',(1.,1.110223024625E-16,0.));
#1210 = PLANE('',#1211);
#1211 = AXIS2_PLACEMENT_3D('',#1212,#1213,#1214);
#1212 = CARTESIAN_POINT('',(0.,0.,3.15));
#1213 = DIRECTION('',(0.,0.,1.));
#1214 = DIRECTION('',(1.,0.,-0.));
#1215 = ADVANCED_FACE('',(#1216),#1241,.F.);
#1216 = FACE_BOUND('',#1217,.F.);
#1217 = EDGE_LOOP('',(#1218,#1219,#1227,#1235));
#1218 = ORIENTED_EDGE('',*,*,#369,.F.);
#1219 = ORIENTED_EDGE('',*,*,#1220,.T.);
#1220 = EDGE_CURVE('',#362,#1221,#1223,.T.);
#1221 = VERTEX_POINT('',#1222);
#1222 = CARTESIAN_POINT('',(1.,-3.,3.45));
#1223 = LINE('',#1224,#1225);
#1224 = CARTESIAN_POINT('',(1.,-3.,3.15));
#1225 = VECTOR('',#1226,1.);
#1226 = DIRECTION('',(0.,0.,1.));
#1227 = ORIENTED_EDGE('',*,*,#1228,.T.);
#1228 = EDGE_CURVE('',#1221,#1229,#1231,.T.);
#1229 = VERTEX_POINT('',#1230);
#1230 = CARTESIAN_POINT('',(2.7,-3.,3.45));
#1231 = LINE('',#1232,#1233);
#1232 = CARTESIAN_POINT('',(-3.,-3.,3.45));
#1233 = VECTOR('',#1234,1.);
#1234 = DIRECTION('',(1.,0.,0.));
#1235 = ORIENTED_EDGE('',*,*,#1236,.F.);
#1236 = EDGE_CURVE('',#370,#1229,#1237,.T.);
#1237 = LINE('',#1238,#1239);
#1238 = CARTESIAN_POINT('',(2.7,-3.,3.15));
#1239 = VECTOR('',#1240,1.);
#1240 = DIRECTION('',(0.,0.,1.));
#1241 = PLANE('',#1242);
#1242 = AXIS2_PLACEMENT_3D('',#1243,#1244,#1245);
#1243 = CARTESIAN_POINT('',(-3.,-3.,3.15));
#1244 = DIRECTION('',(0.,1.,0.));
#1245 = DIRECTION('',(1.,0.,0.));
#1246 = ADVANCED_FACE('',(#1247,#1403,#1414,#1425,#1436,#1447),#1458,.T.
  );
#1247 = FACE_BOUND('',#1248,.T.);
#1248 = EDGE_LOOP('',(#1249,#1258,#1259,#1267,#1275,#1281,#1282,#1283,
    #1284,#1292,#1300,#1306,#1307,#1316,#1324,#1332,#1340,#1348,#1356,
    #1365,#1373,#1381,#1389,#1397));
#1249 = ORIENTED_EDGE('',*,*,#1250,.T.);
#1250 = EDGE_CURVE('',#1251,#539,#1253,.T.);
#1251 = VERTEX_POINT('',#1252);
#1252 = CARTESIAN_POINT('',(-2.7,3.,3.45));
#1253 = CIRCLE('',#1254,0.3);
#1254 = AXIS2_PLACEMENT_3D('',#1255,#1256,#1257);
#1255 = CARTESIAN_POINT('',(-2.7,2.7,3.45));
#1256 = DIRECTION('',(-0.,0.,1.));
#1257 = DIRECTION('',(0.,-1.,0.));
#1258 = ORIENTED_EDGE('',*,*,#546,.T.);
#1259 = ORIENTED_EDGE('',*,*,#1260,.T.);
#1260 = EDGE_CURVE('',#547,#1261,#1263,.T.);
#1261 = VERTEX_POINT('',#1262);
#1262 = CARTESIAN_POINT('',(-2.8,1.,3.45));
#1263 = LINE('',#1264,#1265);
#1264 = CARTESIAN_POINT('',(-3.,1.,3.45));
#1265 = VECTOR('',#1266,1.);
#1266 = DIRECTION('',(1.,0.,0.));
#1267 = ORIENTED_EDGE('',*,*,#1268,.T.);
#1268 = EDGE_CURVE('',#1261,#1269,#1271,.T.);
#1269 = VERTEX_POINT('',#1270);
#1270 = CARTESIAN_POINT('',(-2.8,-1.,3.45));
#1271 = LINE('',#1272,#1273);
#1272 = CARTESIAN_POINT('',(-2.8,1.,3.45));
#1273 = VECTOR('',#1274,1.);
#1274 = DIRECTION('',(-0.,-1.,-0.));
#1275 = ORIENTED_EDGE('',*,*,#1276,.T.);
#1276 = EDGE_CURVE('',#1269,#668,#1277,.T.);
#1277 = LINE('',#1278,#1279);
#1278 = CARTESIAN_POINT('',(-2.8,-1.,3.45));
#1279 = VECTOR('',#1280,1.);
#1280 = DIRECTION('',(-1.,-0.,-0.));
#1281 = ORIENTED_EDGE('',*,*,#675,.T.);
#1282 = ORIENTED_EDGE('',*,*,#425,.T.);
#1283 = ORIENTED_EDGE('',*,*,#1166,.T.);
#1284 = ORIENTED_EDGE('',*,*,#1285,.T.);
#1285 = EDGE_CURVE('',#1167,#1286,#1288,.T.);
#1286 = VERTEX_POINT('',#1287);
#1287 = CARTESIAN_POINT('',(-1.,-2.8,3.45));
#1288 = LINE('',#1289,#1290);
#1289 = CARTESIAN_POINT('',(-1.,-3.,3.45));
#1290 = VECTOR('',#1291,1.);
#1291 = DIRECTION('',(-1.110223024625E-16,1.,0.));
#1292 = ORIENTED_EDGE('',*,*,#1293,.T.);
#1293 = EDGE_CURVE('',#1286,#1294,#1296,.T.);
#1294 = VERTEX_POINT('',#1295);
#1295 = CARTESIAN_POINT('',(1.,-2.8,3.45));
#1296 = LINE('',#1297,#1298);
#1297 = CARTESIAN_POINT('',(-1.,-2.8,3.45));
#1298 = VECTOR('',#1299,1.);
#1299 = DIRECTION('',(1.,1.110223024625E-16,0.));
#1300 = ORIENTED_EDGE('',*,*,#1301,.T.);
#1301 = EDGE_CURVE('',#1294,#1221,#1302,.T.);
#1302 = LINE('',#1303,#1304);
#1303 = CARTESIAN_POINT('',(1.,-2.8,3.45));
#1304 = VECTOR('',#1305,1.);
#1305 = DIRECTION('',(1.110223024625E-16,-1.,0.));
#1306 = ORIENTED_EDGE('',*,*,#1228,.T.);
#1307 = ORIENTED_EDGE('',*,*,#1308,.T.);
#1308 = EDGE_CURVE('',#1229,#1309,#1311,.T.);
#1309 = VERTEX_POINT('',#1310);
#1310 = CARTESIAN_POINT('',(3.,-2.7,3.45));
#1311 = CIRCLE('',#1312,0.3);
#1312 = AXIS2_PLACEMENT_3D('',#1313,#1314,#1315);
#1313 = CARTESIAN_POINT('',(2.7,-2.7,3.45));
#1314 = DIRECTION('',(-0.,0.,1.));
#1315 = DIRECTION('',(0.,-1.,0.));
#1316 = ORIENTED_EDGE('',*,*,#1317,.T.);
#1317 = EDGE_CURVE('',#1309,#1318,#1320,.T.);
#1318 = VERTEX_POINT('',#1319);
#1319 = CARTESIAN_POINT('',(3.,-1.,3.45));
#1320 = LINE('',#1321,#1322);
#1321 = CARTESIAN_POINT('',(3.,-3.,3.45));
#1322 = VECTOR('',#1323,1.);
#1323 = DIRECTION('',(0.,1.,0.));
#1324 = ORIENTED_EDGE('',*,*,#1325,.F.);
#1325 = EDGE_CURVE('',#1326,#1318,#1328,.T.);
#1326 = VERTEX_POINT('',#1327);
#1327 = CARTESIAN_POINT('',(2.8,-1.,3.45));
#1328 = LINE('',#1329,#1330);
#1329 = CARTESIAN_POINT('',(2.8,-1.,3.45));
#1330 = VECTOR('',#1331,1.);
#1331 = DIRECTION('',(1.,0.,0.));
#1332 = ORIENTED_EDGE('',*,*,#1333,.F.);
#1333 = EDGE_CURVE('',#1334,#1326,#1336,.T.);
#1334 = VERTEX_POINT('',#1335);
#1335 = CARTESIAN_POINT('',(2.8,1.,3.45));
#1336 = LINE('',#1337,#1338);
#1337 = CARTESIAN_POINT('',(2.8,1.,3.45));
#1338 = VECTOR('',#1339,1.);
#1339 = DIRECTION('',(0.,-1.,0.));
#1340 = ORIENTED_EDGE('',*,*,#1341,.F.);
#1341 = EDGE_CURVE('',#1342,#1334,#1344,.T.);
#1342 = VERTEX_POINT('',#1343);
#1343 = CARTESIAN_POINT('',(3.,1.,3.45));
#1344 = LINE('',#1345,#1346);
#1345 = CARTESIAN_POINT('',(3.,1.,3.45));
#1346 = VECTOR('',#1347,1.);
#1347 = DIRECTION('',(-1.,0.,0.));
#1348 = ORIENTED_EDGE('',*,*,#1349,.T.);
#1349 = EDGE_CURVE('',#1342,#1350,#1352,.T.);
#1350 = VERTEX_POINT('',#1351);
#1351 = CARTESIAN_POINT('',(3.,2.7,3.45));
#1352 = LINE('',#1353,#1354);
#1353 = CARTESIAN_POINT('',(3.,-3.,3.45));
#1354 = VECTOR('',#1355,1.);
#1355 = DIRECTION('',(0.,1.,0.));
#1356 = ORIENTED_EDGE('',*,*,#1357,.T.);
#1357 = EDGE_CURVE('',#1350,#1358,#1360,.T.);
#1358 = VERTEX_POINT('',#1359);
#1359 = CARTESIAN_POINT('',(2.7,3.,3.45));
#1360 = CIRCLE('',#1361,0.3);
#1361 = AXIS2_PLACEMENT_3D('',#1362,#1363,#1364);
#1362 = CARTESIAN_POINT('',(2.7,2.7,3.45));
#1363 = DIRECTION('',(-0.,0.,1.));
#1364 = DIRECTION('',(0.,-1.,0.));
#1365 = ORIENTED_EDGE('',*,*,#1366,.T.);
#1366 = EDGE_CURVE('',#1358,#1367,#1369,.T.);
#1367 = VERTEX_POINT('',#1368);
#1368 = CARTESIAN_POINT('',(1.,3.,3.45));
#1369 = LINE('',#1370,#1371);
#1370 = CARTESIAN_POINT('',(3.,3.,3.45));
#1371 = VECTOR('',#1372,1.);
#1372 = DIRECTION('',(-1.,0.,0.));
#1373 = ORIENTED_EDGE('',*,*,#1374,.F.);
#1374 = EDGE_CURVE('',#1375,#1367,#1377,.T.);
#1375 = VERTEX_POINT('',#1376);
#1376 = CARTESIAN_POINT('',(1.,2.8,3.45));
#1377 = LINE('',#1378,#1379);
#1378 = CARTESIAN_POINT('',(1.,2.8,3.45));
#1379 = VECTOR('',#1380,1.);
#1380 = DIRECTION('',(1.110223024625E-16,1.,0.));
#1381 = ORIENTED_EDGE('',*,*,#1382,.F.);
#1382 = EDGE_CURVE('',#1383,#1375,#1385,.T.);
#1383 = VERTEX_POINT('',#1384);
#1384 = CARTESIAN_POINT('',(-1.,2.8,3.45));
#1385 = LINE('',#1386,#1387);
#1386 = CARTESIAN_POINT('',(-1.,2.8,3.45));
#1387 = VECTOR('',#1388,1.);
#1388 = DIRECTION('',(1.,-1.110223024625E-16,0.));
#1389 = ORIENTED_EDGE('',*,*,#1390,.F.);
#1390 = EDGE_CURVE('',#1391,#1383,#1393,.T.);
#1391 = VERTEX_POINT('',#1392);
#1392 = CARTESIAN_POINT('',(-1.,3.,3.45));
#1393 = LINE('',#1394,#1395);
#1394 = CARTESIAN_POINT('',(-1.,3.,3.45));
#1395 = VECTOR('',#1396,1.);
#1396 = DIRECTION('',(-1.110223024625E-16,-1.,0.));
#1397 = ORIENTED_EDGE('',*,*,#1398,.T.);
#1398 = EDGE_CURVE('',#1391,#1251,#1399,.T.);
#1399 = LINE('',#1400,#1401);
#1400 = CARTESIAN_POINT('',(3.,3.,3.45));
#1401 = VECTOR('',#1402,1.);
#1402 = DIRECTION('',(-1.,0.,0.));
#1403 = FACE_BOUND('',#1404,.T.);
#1404 = EDGE_LOOP('',(#1405));
#1405 = ORIENTED_EDGE('',*,*,#1406,.F.);
#1406 = EDGE_CURVE('',#1407,#1407,#1409,.T.);
#1407 = VERTEX_POINT('',#1408);
#1408 = CARTESIAN_POINT('',(-1.3,-1.65,3.45));
#1409 = CIRCLE('',#1410,0.35);
#1410 = AXIS2_PLACEMENT_3D('',#1411,#1412,#1413);
#1411 = CARTESIAN_POINT('',(-1.65,-1.65,3.45));
#1412 = DIRECTION('',(0.,0.,1.));
#1413 = DIRECTION('',(1.,0.,-0.));
#1414 = FACE_BOUND('',#1415,.T.);
#1415 = EDGE_LOOP('',(#1416));
#1416 = ORIENTED_EDGE('',*,*,#1417,.F.);
#1417 = EDGE_CURVE('',#1418,#1418,#1420,.T.);
#1418 = VERTEX_POINT('',#1419);
#1419 = CARTESIAN_POINT('',(2.,-1.65,3.45));
#1420 = CIRCLE('',#1421,0.35);
#1421 = AXIS2_PLACEMENT_3D('',#1422,#1423,#1424);
#1422 = CARTESIAN_POINT('',(1.65,-1.65,3.45));
#1423 = DIRECTION('',(0.,0.,1.));
#1424 = DIRECTION('',(1.,0.,-0.));
#1425 = FACE_BOUND('',#1426,.T.);
#1426 = EDGE_LOOP('',(#1427));
#1427 = ORIENTED_EDGE('',*,*,#1428,.F.);
#1428 = EDGE_CURVE('',#1429,#1429,#1431,.T.);
#1429 = VERTEX_POINT('',#1430);
#1430 = CARTESIAN_POINT('',(-1.3,1.65,3.45));
#1431 = CIRCLE('',#1432,0.35);
#1432 = AXIS2_PLACEMENT_3D('',#1433,#1434,#1435);
#1433 = CARTESIAN_POINT('',(-1.65,1.65,3.45));
#1434 = DIRECTION('',(0.,0.,1.));
#1435 = DIRECTION('',(1.,0.,-0.));
#1436 = FACE_BOUND('',#1437,.T.);
#1437 = EDGE_LOOP('',(#1438));
#1438 = ORIENTED_EDGE('',*,*,#1439,.F.);
#1439 = EDGE_CURVE('',#1440,#1440,#1442,.T.);
#1440 = VERTEX_POINT('',#1441);
#1441 = CARTESIAN_POINT('',(1.8,0.,3.45));
#1442 = CIRCLE('',#1443,1.8);
#1443 = AXIS2_PLACEMENT_3D('',#1444,#1445,#1446);
#1444 = CARTESIAN_POINT('',(0.,0.,3.45));
#1445 = DIRECTION('',(0.,0.,1.));
#1446 = DIRECTION('',(1.,0.,-0.));
#1447 = FACE_BOUND('',#1448,.T.);
#1448 = EDGE_LOOP('',(#1449));
#1449 = ORIENTED_EDGE('',*,*,#1450,.F.);
#1450 = EDGE_CURVE('',#1451,#1451,#1453,.T.);
#1451 = VERTEX_POINT('',#1452);
#1452 = CARTESIAN_POINT('',(2.,1.65,3.45));
#1453 = CIRCLE('',#1454,0.35);
#1454 = AXIS2_PLACEMENT_3D('',#1455,#1456,#1457);
#1455 = CARTESIAN_POINT('',(1.65,1.65,3.45));
#1456 = DIRECTION('',(0.,0.,1.));
#1457 = DIRECTION('',(1.,0.,-0.));
#1458 = PLANE('',#1459);
#1459 = AXIS2_PLACEMENT_3D('',#1460,#1461,#1462);
#1460 = CARTESIAN_POINT('',(0.,0.,3.45));
#1461 = DIRECTION('',(0.,0.,1.));
#1462 = DIRECTION('',(1.,0.,-0.));
#1463 = ADVANCED_FACE('',(#1464),#1521,.F.);
#1464 = FACE_BOUND('',#1465,.F.);
#1465 = EDGE_LOOP('',(#1466,#1476,#1484,#1492,#1500,#1506,#1507,#1508,
    #1514,#1515));
#1466 = ORIENTED_EDGE('',*,*,#1467,.F.);
#1467 = EDGE_CURVE('',#1468,#1470,#1472,.T.);
#1468 = VERTEX_POINT('',#1469);
#1469 = CARTESIAN_POINT('',(2.7,3.,0.));
#1470 = VERTEX_POINT('',#1471);
#1471 = CARTESIAN_POINT('',(1.25,3.,0.));
#1472 = LINE('',#1473,#1474);
#1473 = CARTESIAN_POINT('',(3.,3.,0.));
#1474 = VECTOR('',#1475,1.);
#1475 = DIRECTION('',(-1.,0.,0.));
#1476 = ORIENTED_EDGE('',*,*,#1477,.T.);
#1477 = EDGE_CURVE('',#1468,#1478,#1480,.T.);
#1478 = VERTEX_POINT('',#1479);
#1479 = CARTESIAN_POINT('',(2.7,3.,3.15));
#1480 = LINE('',#1481,#1482);
#1481 = CARTESIAN_POINT('',(2.7,3.,0.));
#1482 = VECTOR('',#1483,1.);
#1483 = DIRECTION('',(0.,0.,1.));
#1484 = ORIENTED_EDGE('',*,*,#1485,.T.);
#1485 = EDGE_CURVE('',#1478,#1486,#1488,.T.);
#1486 = VERTEX_POINT('',#1487);
#1487 = CARTESIAN_POINT('',(1.,3.,3.15));
#1488 = LINE('',#1489,#1490);
#1489 = CARTESIAN_POINT('',(3.,3.,3.15));
#1490 = VECTOR('',#1491,1.);
#1491 = DIRECTION('',(-1.,0.,0.));
#1492 = ORIENTED_EDGE('',*,*,#1493,.T.);
#1493 = EDGE_CURVE('',#1486,#1494,#1496,.T.);
#1494 = VERTEX_POINT('',#1495);
#1495 = CARTESIAN_POINT('',(-1.,3.,3.15));
#1496 = LINE('',#1497,#1498);
#1497 = CARTESIAN_POINT('',(3.,3.,3.15));
#1498 = VECTOR('',#1499,1.);
#1499 = DIRECTION('',(-1.,0.,0.));
#1500 = ORIENTED_EDGE('',*,*,#1501,.T.);
#1501 = EDGE_CURVE('',#1494,#491,#1502,.T.);
#1502 = LINE('',#1503,#1504);
#1503 = CARTESIAN_POINT('',(3.,3.,3.15));
#1504 = VECTOR('',#1505,1.);
#1505 = DIRECTION('',(-1.,0.,0.));
#1506 = ORIENTED_EDGE('',*,*,#499,.F.);
#1507 = ORIENTED_EDGE('',*,*,#465,.F.);
#1508 = ORIENTED_EDGE('',*,*,#1509,.T.);
#1509 = EDGE_CURVE('',#458,#614,#1510,.T.);
#1510 = LINE('',#1511,#1512);
#1511 = CARTESIAN_POINT('',(-1.25,3.,0.));
#1512 = VECTOR('',#1513,1.);
#1513 = DIRECTION('',(0.,0.,1.));
#1514 = ORIENTED_EDGE('',*,*,#613,.T.);
#1515 = ORIENTED_EDGE('',*,*,#1516,.F.);
#1516 = EDGE_CURVE('',#1470,#606,#1517,.T.);
#1517 = LINE('',#1518,#1519);
#1518 = CARTESIAN_POINT('',(1.25,3.,0.));
#1519 = VECTOR('',#1520,1.);
#1520 = DIRECTION('',(0.,0.,1.));
#1521 = PLANE('',#1522);
#1522 = AXIS2_PLACEMENT_3D('',#1523,#1524,#1525);
#1523 = CARTESIAN_POINT('',(3.,3.,0.));
#1524 = DIRECTION('',(0.,-1.,0.));
#1525 = DIRECTION('',(-1.,0.,0.));
#1526 = ADVANCED_FACE('',(#1527),#1533,.T.);
#1527 = FACE_BOUND('',#1528,.T.);
#1528 = EDGE_LOOP('',(#1529,#1530,#1531,#1532));
#1529 = ORIENTED_EDGE('',*,*,#621,.F.);
#1530 = ORIENTED_EDGE('',*,*,#523,.T.);
#1531 = ORIENTED_EDGE('',*,*,#457,.T.);
#1532 = ORIENTED_EDGE('',*,*,#1509,.T.);
#1533 = PLANE('',#1534);
#1534 = AXIS2_PLACEMENT_3D('',#1535,#1536,#1537);
#1535 = CARTESIAN_POINT('',(-1.25,-3.,0.));
#1536 = DIRECTION('',(1.,0.,0.));
#1537 = DIRECTION('',(0.,0.,1.));
#1538 = ADVANCED_FACE('',(#1539),#1550,.T.);
#1539 = FACE_BOUND('',#1540,.T.);
#1540 = EDGE_LOOP('',(#1541,#1542,#1543,#1544));
#1541 = ORIENTED_EDGE('',*,*,#490,.T.);
#1542 = ORIENTED_EDGE('',*,*,#538,.T.);
#1543 = ORIENTED_EDGE('',*,*,#1250,.F.);
#1544 = ORIENTED_EDGE('',*,*,#1545,.F.);
#1545 = EDGE_CURVE('',#491,#1251,#1546,.T.);
#1546 = LINE('',#1547,#1548);
#1547 = CARTESIAN_POINT('',(-2.7,3.,3.15));
#1548 = VECTOR('',#1549,1.);
#1549 = DIRECTION('',(0.,0.,1.));
#1550 = CYLINDRICAL_SURFACE('',#1551,0.3);
#1551 = AXIS2_PLACEMENT_3D('',#1552,#1553,#1554);
#1552 = CARTESIAN_POINT('',(-2.7,2.7,3.15));
#1553 = DIRECTION('',(0.,0.,1.));
#1554 = DIRECTION('',(0.,1.,0.));
#1555 = ADVANCED_FACE('',(#1556),#1567,.T.);
#1556 = FACE_BOUND('',#1557,.F.);
#1557 = EDGE_LOOP('',(#1558,#1559,#1560,#1566));
#1558 = ORIENTED_EDGE('',*,*,#554,.T.);
#1559 = ORIENTED_EDGE('',*,*,#1260,.T.);
#1560 = ORIENTED_EDGE('',*,*,#1561,.F.);
#1561 = EDGE_CURVE('',#645,#1261,#1562,.T.);
#1562 = LINE('',#1563,#1564);
#1563 = CARTESIAN_POINT('',(-2.8,1.,3.15));
#1564 = VECTOR('',#1565,1.);
#1565 = DIRECTION('',(0.,0.,1.));
#1566 = ORIENTED_EDGE('',*,*,#652,.F.);
#1567 = PLANE('',#1568);
#1568 = AXIS2_PLACEMENT_3D('',#1569,#1570,#1571);
#1569 = CARTESIAN_POINT('',(-3.,1.,3.15));
#1570 = DIRECTION('',(-0.,-1.,-0.));
#1571 = DIRECTION('',(-1.,0.,0.));
#1572 = ADVANCED_FACE('',(#1573),#1584,.T.);
#1573 = FACE_BOUND('',#1574,.T.);
#1574 = EDGE_LOOP('',(#1575,#1576,#1577,#1578));
#1575 = ORIENTED_EDGE('',*,*,#1125,.F.);
#1576 = ORIENTED_EDGE('',*,*,#1092,.F.);
#1577 = ORIENTED_EDGE('',*,*,#581,.T.);
#1578 = ORIENTED_EDGE('',*,*,#1579,.F.);
#1579 = EDGE_CURVE('',#1118,#582,#1580,.T.);
#1580 = LINE('',#1581,#1582);
#1581 = CARTESIAN_POINT('',(3.,-1.25,0.));
#1582 = VECTOR('',#1583,1.);
#1583 = DIRECTION('',(0.,0.,1.));
#1584 = PLANE('',#1585);
#1585 = AXIS2_PLACEMENT_3D('',#1586,#1587,#1588);
#1586 = CARTESIAN_POINT('',(-3.,-1.25,0.));
#1587 = DIRECTION('',(0.,1.,0.));
#1588 = DIRECTION('',(0.,-0.,1.));
#1589 = ADVANCED_FACE('',(#1590,#1642,#1676),#1710,.F.);
#1590 = FACE_BOUND('',#1591,.F.);
#1591 = EDGE_LOOP('',(#1592,#1593,#1594,#1602,#1610,#1618,#1626,#1634,
    #1640,#1641));
#1592 = ORIENTED_EDGE('',*,*,#1117,.F.);
#1593 = ORIENTED_EDGE('',*,*,#1140,.T.);
#1594 = ORIENTED_EDGE('',*,*,#1595,.T.);
#1595 = EDGE_CURVE('',#1141,#1596,#1598,.T.);
#1596 = VERTEX_POINT('',#1597);
#1597 = CARTESIAN_POINT('',(3.,-1.,3.15));
#1598 = LINE('',#1599,#1600);
#1599 = CARTESIAN_POINT('',(3.,-3.,3.15));
#1600 = VECTOR('',#1601,1.);
#1601 = DIRECTION('',(0.,1.,0.));
#1602 = ORIENTED_EDGE('',*,*,#1603,.T.);
#1603 = EDGE_CURVE('',#1596,#1604,#1606,.T.);
#1604 = VERTEX_POINT('',#1605);
#1605 = CARTESIAN_POINT('',(3.,1.,3.15));
#1606 = LINE('',#1607,#1608);
#1607 = CARTESIAN_POINT('',(3.,-3.,3.15));
#1608 = VECTOR('',#1609,1.);
#1609 = DIRECTION('',(0.,1.,0.));
#1610 = ORIENTED_EDGE('',*,*,#1611,.T.);
#1611 = EDGE_CURVE('',#1604,#1612,#1614,.T.);
#1612 = VERTEX_POINT('',#1613);
#1613 = CARTESIAN_POINT('',(3.,2.7,3.15));
#1614 = LINE('',#1615,#1616);
#1615 = CARTESIAN_POINT('',(3.,-3.,3.15));
#1616 = VECTOR('',#1617,1.);
#1617 = DIRECTION('',(0.,1.,0.));
#1618 = ORIENTED_EDGE('',*,*,#1619,.F.);
#1619 = EDGE_CURVE('',#1620,#1612,#1622,.T.);
#1620 = VERTEX_POINT('',#1621);
#1621 = CARTESIAN_POINT('',(3.,2.7,0.));
#1622 = LINE('',#1623,#1624);
#1623 = CARTESIAN_POINT('',(3.,2.7,0.));
#1624 = VECTOR('',#1625,1.);
#1625 = DIRECTION('',(0.,0.,1.));
#1626 = ORIENTED_EDGE('',*,*,#1627,.F.);
#1627 = EDGE_CURVE('',#1628,#1620,#1630,.T.);
#1628 = VERTEX_POINT('',#1629);
#1629 = CARTESIAN_POINT('',(3.,1.25,0.));
#1630 = LINE('',#1631,#1632);
#1631 = CARTESIAN_POINT('',(3.,-3.,0.));
#1632 = VECTOR('',#1633,1.);
#1633 = DIRECTION('',(0.,1.,0.));
#1634 = ORIENTED_EDGE('',*,*,#1635,.T.);
#1635 = EDGE_CURVE('',#1628,#590,#1636,.T.);
#1636 = LINE('',#1637,#1638);
#1637 = CARTESIAN_POINT('',(3.,1.25,0.));
#1638 = VECTOR('',#1639,1.);
#1639 = DIRECTION('',(0.,0.,1.));
#1640 = ORIENTED_EDGE('',*,*,#589,.F.);
#1641 = ORIENTED_EDGE('',*,*,#1579,.F.);
#1642 = FACE_BOUND('',#1643,.F.);
#1643 = EDGE_LOOP('',(#1644,#1654,#1662,#1670));
#1644 = ORIENTED_EDGE('',*,*,#1645,.F.);
#1645 = EDGE_CURVE('',#1646,#1648,#1650,.T.);
#1646 = VERTEX_POINT('',#1647);
#1647 = CARTESIAN_POINT('',(3.,-2.6,0.8));
#1648 = VERTEX_POINT('',#1649);
#1649 = CARTESIAN_POINT('',(3.,-2.6,1.1));
#1650 = LINE('',#1651,#1652);
#1651 = CARTESIAN_POINT('',(3.,-2.6,0.8));
#1652 = VECTOR('',#1653,1.);
#1653 = DIRECTION('',(0.,0.,1.));
#1654 = ORIENTED_EDGE('',*,*,#1655,.T.);
#1655 = EDGE_CURVE('',#1646,#1656,#1658,.T.);
#1656 = VERTEX_POINT('',#1657);
#1657 = CARTESIAN_POINT('',(3.,-1.9,0.8));
#1658 = LINE('',#1659,#1660);
#1659 = CARTESIAN_POINT('',(3.,-2.6,0.8));
#1660 = VECTOR('',#1661,1.);
#1661 = DIRECTION('',(0.,1.,0.));
#1662 = ORIENTED_EDGE('',*,*,#1663,.T.);
#1663 = EDGE_CURVE('',#1656,#1664,#1666,.T.);
#1664 = VERTEX_POINT('',#1665);
#1665 = CARTESIAN_POINT('',(3.,-1.9,1.1));
#1666 = LINE('',#1667,#1668);
#1667 = CARTESIAN_POINT('',(3.,-1.9,0.8));
#1668 = VECTOR('',#1669,1.);
#1669 = DIRECTION('',(0.,0.,1.));
#1670 = ORIENTED_EDGE('',*,*,#1671,.F.);
#1671 = EDGE_CURVE('',#1648,#1664,#1672,.T.);
#1672 = LINE('',#1673,#1674);
#1673 = CARTESIAN_POINT('',(3.,-2.6,1.1));
#1674 = VECTOR('',#1675,1.);
#1675 = DIRECTION('',(0.,1.,0.));
#1676 = FACE_BOUND('',#1677,.F.);
#1677 = EDGE_LOOP('',(#1678,#1688,#1696,#1704));
#1678 = ORIENTED_EDGE('',*,*,#1679,.F.);
#1679 = EDGE_CURVE('',#1680,#1682,#1684,.T.);
#1680 = VERTEX_POINT('',#1681);
#1681 = CARTESIAN_POINT('',(3.,1.9,0.8));
#1682 = VERTEX_POINT('',#1683);
#1683 = CARTESIAN_POINT('',(3.,1.9,1.1));
#1684 = LINE('',#1685,#1686);
#1685 = CARTESIAN_POINT('',(3.,1.9,0.8));
#1686 = VECTOR('',#1687,1.);
#1687 = DIRECTION('',(0.,0.,1.));
#1688 = ORIENTED_EDGE('',*,*,#1689,.T.);
#1689 = EDGE_CURVE('',#1680,#1690,#1692,.T.);
#1690 = VERTEX_POINT('',#1691);
#1691 = CARTESIAN_POINT('',(3.,2.6,0.8));
#1692 = LINE('',#1693,#1694);
#1693 = CARTESIAN_POINT('',(3.,1.9,0.8));
#1694 = VECTOR('',#1695,1.);
#1695 = DIRECTION('',(0.,1.,0.));
#1696 = ORIENTED_EDGE('',*,*,#1697,.T.);
#1697 = EDGE_CURVE('',#1690,#1698,#1700,.T.);
#1698 = VERTEX_POINT('',#1699);
#1699 = CARTESIAN_POINT('',(3.,2.6,1.1));
#1700 = LINE('',#1701,#1702);
#1701 = CARTESIAN_POINT('',(3.,2.6,0.8));
#1702 = VECTOR('',#1703,1.);
#1703 = DIRECTION('',(0.,0.,1.));
#1704 = ORIENTED_EDGE('',*,*,#1705,.F.);
#1705 = EDGE_CURVE('',#1682,#1698,#1706,.T.);
#1706 = LINE('',#1707,#1708);
#1707 = CARTESIAN_POINT('',(3.,1.9,1.1));
#1708 = VECTOR('',#1709,1.);
#1709 = DIRECTION('',(0.,1.,0.));
#1710 = PLANE('',#1711);
#1711 = AXIS2_PLACEMENT_3D('',#1712,#1713,#1714);
#1712 = CARTESIAN_POINT('',(3.,-3.,0.));
#1713 = DIRECTION('',(-1.,0.,0.));
#1714 = DIRECTION('',(0.,1.,0.));
#1715 = ADVANCED_FACE('',(#1716),#1734,.F.);
#1716 = FACE_BOUND('',#1717,.F.);
#1717 = EDGE_LOOP('',(#1718,#1726,#1732,#1733));
#1718 = ORIENTED_EDGE('',*,*,#1719,.F.);
#1719 = EDGE_CURVE('',#1720,#1628,#1722,.T.);
#1720 = VERTEX_POINT('',#1721);
#1721 = CARTESIAN_POINT('',(1.25,1.25,0.));
#1722 = LINE('',#1723,#1724);
#1723 = CARTESIAN_POINT('',(-3.,1.25,0.));
#1724 = VECTOR('',#1725,1.);
#1725 = DIRECTION('',(1.,0.,0.));
#1726 = ORIENTED_EDGE('',*,*,#1727,.F.);
#1727 = EDGE_CURVE('',#598,#1720,#1728,.T.);
#1728 = LINE('',#1729,#1730);
#1729 = CARTESIAN_POINT('',(1.25,1.25,0.));
#1730 = VECTOR('',#1731,1.);
#1731 = DIRECTION('',(0.,0.,-1.));
#1732 = ORIENTED_EDGE('',*,*,#597,.T.);
#1733 = ORIENTED_EDGE('',*,*,#1635,.F.);
#1734 = PLANE('',#1735);
#1735 = AXIS2_PLACEMENT_3D('',#1736,#1737,#1738);
#1736 = CARTESIAN_POINT('',(-3.,1.25,0.));
#1737 = DIRECTION('',(0.,1.,0.));
#1738 = DIRECTION('',(0.,-0.,1.));
#1739 = ADVANCED_FACE('',(#1740),#1751,.F.);
#1740 = FACE_BOUND('',#1741,.F.);
#1741 = EDGE_LOOP('',(#1742,#1743,#1744,#1750));
#1742 = ORIENTED_EDGE('',*,*,#605,.F.);
#1743 = ORIENTED_EDGE('',*,*,#1727,.T.);
#1744 = ORIENTED_EDGE('',*,*,#1745,.T.);
#1745 = EDGE_CURVE('',#1720,#1470,#1746,.T.);
#1746 = LINE('',#1747,#1748);
#1747 = CARTESIAN_POINT('',(1.25,-3.,0.));
#1748 = VECTOR('',#1749,1.);
#1749 = DIRECTION('',(0.,1.,0.));
#1750 = ORIENTED_EDGE('',*,*,#1516,.T.);
#1751 = PLANE('',#1752);
#1752 = AXIS2_PLACEMENT_3D('',#1753,#1754,#1755);
#1753 = CARTESIAN_POINT('',(1.25,-3.,0.));
#1754 = DIRECTION('',(1.,0.,0.));
#1755 = DIRECTION('',(0.,0.,1.));
#1756 = ADVANCED_FACE('',(#1757),#1768,.T.);
#1757 = FACE_BOUND('',#1758,.F.);
#1758 = EDGE_LOOP('',(#1759,#1760,#1761,#1767));
#1759 = ORIENTED_EDGE('',*,*,#1561,.T.);
#1760 = ORIENTED_EDGE('',*,*,#1268,.T.);
#1761 = ORIENTED_EDGE('',*,*,#1762,.F.);
#1762 = EDGE_CURVE('',#637,#1269,#1763,.T.);
#1763 = LINE('',#1764,#1765);
#1764 = CARTESIAN_POINT('',(-2.8,-1.,3.15));
#1765 = VECTOR('',#1766,1.);
#1766 = DIRECTION('',(0.,0.,1.));
#1767 = ORIENTED_EDGE('',*,*,#644,.F.);
#1768 = PLANE('',#1769);
#1769 = AXIS2_PLACEMENT_3D('',#1770,#1771,#1772);
#1770 = CARTESIAN_POINT('',(-2.8,1.,3.15));
#1771 = DIRECTION('',(-1.,-0.,-0.));
#1772 = DIRECTION('',(0.,1.,0.));
#1773 = ADVANCED_FACE('',(#1774),#1780,.T.);
#1774 = FACE_BOUND('',#1775,.F.);
#1775 = EDGE_LOOP('',(#1776,#1777,#1778,#1779));
#1776 = ORIENTED_EDGE('',*,*,#1762,.T.);
#1777 = ORIENTED_EDGE('',*,*,#1276,.T.);
#1778 = ORIENTED_EDGE('',*,*,#667,.F.);
#1779 = ORIENTED_EDGE('',*,*,#636,.F.);
#1780 = PLANE('',#1781);
#1781 = AXIS2_PLACEMENT_3D('',#1782,#1783,#1784);
#1782 = CARTESIAN_POINT('',(-2.8,-1.,3.15));
#1783 = DIRECTION('',(0.,1.,0.));
#1784 = DIRECTION('',(1.,0.,0.));
#1785 = ADVANCED_FACE('',(#1786),#1802,.T.);
#1786 = FACE_BOUND('',#1787,.T.);
#1787 = EDGE_LOOP('',(#1788,#1789,#1795,#1796));
#1788 = ORIENTED_EDGE('',*,*,#690,.T.);
#1789 = ORIENTED_EDGE('',*,*,#1790,.T.);
#1790 = EDGE_CURVE('',#693,#798,#1791,.T.);
#1791 = LINE('',#1792,#1793);
#1792 = CARTESIAN_POINT('',(-3.449217410273,2.6,0.));
#1793 = VECTOR('',#1794,1.);
#1794 = DIRECTION('',(-1.224646799147E-16,-1.,0.));
#1795 = ORIENTED_EDGE('',*,*,#795,.F.);
#1796 = ORIENTED_EDGE('',*,*,#1797,.T.);
#1797 = EDGE_CURVE('',#796,#691,#1798,.T.);
#1798 = LINE('',#1799,#1800);
#1799 = CARTESIAN_POINT('',(-4.5,1.9,0.));
#1800 = VECTOR('',#1801,1.);
#1801 = DIRECTION('',(1.224646799147E-16,1.,0.));
#1802 = PLANE('',#1803);
#1803 = AXIS2_PLACEMENT_3D('',#1804,#1805,#1806);
#1804 = CARTESIAN_POINT('',(-4.5,2.25,0.));
#1805 = DIRECTION('',(0.,0.,-1.));
#1806 = DIRECTION('',(1.,-1.224646799147E-16,0.));
#1807 = ADVANCED_FACE('',(#1808),#1819,.T.);
#1808 = FACE_BOUND('',#1809,.T.);
#1809 = EDGE_LOOP('',(#1810,#1811,#1812,#1818));
#1810 = ORIENTED_EDGE('',*,*,#1790,.F.);
#1811 = ORIENTED_EDGE('',*,*,#700,.T.);
#1812 = ORIENTED_EDGE('',*,*,#1813,.T.);
#1813 = EDGE_CURVE('',#701,#806,#1814,.T.);
#1814 = LINE('',#1815,#1816);
#1815 = CARTESIAN_POINT('',(-3.154303630092,2.6,0.244992161835));
#1816 = VECTOR('',#1817,1.);
#1817 = DIRECTION('',(-1.224646799147E-16,-1.,0.));
#1818 = ORIENTED_EDGE('',*,*,#805,.F.);
#1819 = CYLINDRICAL_SURFACE('',#1820,0.3);
#1820 = AXIS2_PLACEMENT_3D('',#1821,#1822,#1823);
#1821 = CARTESIAN_POINT('',(-3.449217410273,2.25,0.3));
#1822 = DIRECTION('',(-1.224646799147E-16,-1.,0.));
#1823 = DIRECTION('',(-0.,0.,-1.));
#1824 = ADVANCED_FACE('',(#1825),#1831,.T.);
#1825 = FACE_BOUND('',#1826,.T.);
#1826 = EDGE_LOOP('',(#1827,#1828,#1829,#1830));
#1827 = ORIENTED_EDGE('',*,*,#1813,.F.);
#1828 = ORIENTED_EDGE('',*,*,#709,.T.);
#1829 = ORIENTED_EDGE('',*,*,#869,.T.);
#1830 = ORIENTED_EDGE('',*,*,#814,.F.);
#1831 = PLANE('',#1832);
#1832 = AXIS2_PLACEMENT_3D('',#1833,#1834,#1835);
#1833 = CARTESIAN_POINT('',(-3.154303630092,2.25,0.244992161835));
#1834 = DIRECTION('',(0.983045933935,-1.203884056408E-16,-0.183359460551
    ));
#1835 = DIRECTION('',(0.183359460551,-2.245505764576E-17,0.983045933935)
  );
#1836 = ADVANCED_FACE('',(#1837),#1848,.T.);
#1837 = FACE_BOUND('',#1838,.T.);
#1838 = EDGE_LOOP('',(#1839,#1840,#1841,#1847));
#1839 = ORIENTED_EDGE('',*,*,#773,.F.);
#1840 = ORIENTED_EDGE('',*,*,#732,.T.);
#1841 = ORIENTED_EDGE('',*,*,#1842,.T.);
#1842 = EDGE_CURVE('',#733,#831,#1843,.T.);
#1843 = LINE('',#1844,#1845);
#1844 = CARTESIAN_POINT('',(-3.345696369908,2.6,0.855007838165));
#1845 = VECTOR('',#1846,1.);
#1846 = DIRECTION('',(-1.224646799147E-16,-1.,0.));
#1847 = ORIENTED_EDGE('',*,*,#830,.F.);
#1848 = CYLINDRICAL_SURFACE('',#1849,0.3);
#1849 = AXIS2_PLACEMENT_3D('',#1850,#1851,#1852);
#1850 = CARTESIAN_POINT('',(-3.050782589727,2.25,0.8));
#1851 = DIRECTION('',(-1.224646799147E-16,-1.,0.));
#1852 = DIRECTION('',(-7.401486830834E-16,9.06420715631E-32,1.));
#1853 = ADVANCED_FACE('',(#1854),#1865,.T.);
#1854 = FACE_BOUND('',#1855,.T.);
#1855 = EDGE_LOOP('',(#1856,#1857,#1858,#1864));
#1856 = ORIENTED_EDGE('',*,*,#1842,.F.);
#1857 = ORIENTED_EDGE('',*,*,#741,.T.);
#1858 = ORIENTED_EDGE('',*,*,#1859,.F.);
#1859 = EDGE_CURVE('',#840,#742,#1860,.T.);
#1860 = LINE('',#1861,#1862);
#1861 = CARTESIAN_POINT('',(-3.449217410273,1.9,0.3));
#1862 = VECTOR('',#1863,1.);
#1863 = DIRECTION('',(1.224646799147E-16,1.,0.));
#1864 = ORIENTED_EDGE('',*,*,#839,.F.);
#1865 = PLANE('',#1866);
#1866 = AXIS2_PLACEMENT_3D('',#1867,#1868,#1869);
#1867 = CARTESIAN_POINT('',(-3.345696369908,2.25,0.855007838165));
#1868 = DIRECTION('',(-0.983045933935,1.203884056408E-16,0.183359460551)
  );
#1869 = DIRECTION('',(-0.183359460551,2.245505764576E-17,-0.983045933935
    ));
#1870 = ADVANCED_FACE('',(#1871),#1882,.T.);
#1871 = FACE_BOUND('',#1872,.T.);
#1872 = EDGE_LOOP('',(#1873,#1874,#1880,#1881));
#1873 = ORIENTED_EDGE('',*,*,#749,.T.);
#1874 = ORIENTED_EDGE('',*,*,#1875,.F.);
#1875 = EDGE_CURVE('',#848,#750,#1876,.T.);
#1876 = LINE('',#1877,#1878);
#1877 = CARTESIAN_POINT('',(-4.5,1.9,0.3));
#1878 = VECTOR('',#1879,1.);
#1879 = DIRECTION('',(1.224646799147E-16,1.,0.));
#1880 = ORIENTED_EDGE('',*,*,#847,.F.);
#1881 = ORIENTED_EDGE('',*,*,#1859,.T.);
#1882 = PLANE('',#1883);
#1883 = AXIS2_PLACEMENT_3D('',#1884,#1885,#1886);
#1884 = CARTESIAN_POINT('',(-3.449217410273,2.25,0.3));
#1885 = DIRECTION('',(5.28283888351E-17,-6.469611729102E-33,1.));
#1886 = DIRECTION('',(-1.,1.224646799147E-16,5.28283888351E-17));
#1887 = ADVANCED_FACE('',(#1888),#1894,.T.);
#1888 = FACE_BOUND('',#1889,.T.);
#1889 = EDGE_LOOP('',(#1890,#1891,#1892,#1893));
#1890 = ORIENTED_EDGE('',*,*,#757,.T.);
#1891 = ORIENTED_EDGE('',*,*,#1797,.F.);
#1892 = ORIENTED_EDGE('',*,*,#855,.F.);
#1893 = ORIENTED_EDGE('',*,*,#1875,.T.);
#1894 = PLANE('',#1895);
#1895 = AXIS2_PLACEMENT_3D('',#1896,#1897,#1898);
#1896 = CARTESIAN_POINT('',(-4.5,2.25,0.3));
#1897 = DIRECTION('',(-1.,1.224646799147E-16,0.));
#1898 = DIRECTION('',(0.,0.,-1.));
#1899 = ADVANCED_FACE('',(#1900),#1916,.T.);
#1900 = FACE_BOUND('',#1901,.T.);
#1901 = EDGE_LOOP('',(#1902,#1903,#1909,#1910));
#1902 = ORIENTED_EDGE('',*,*,#886,.T.);
#1903 = ORIENTED_EDGE('',*,*,#1904,.T.);
#1904 = EDGE_CURVE('',#889,#994,#1905,.T.);
#1905 = LINE('',#1906,#1907);
#1906 = CARTESIAN_POINT('',(-3.449217410273,-1.9,0.));
#1907 = VECTOR('',#1908,1.);
#1908 = DIRECTION('',(-1.224646799147E-16,-1.,0.));
#1909 = ORIENTED_EDGE('',*,*,#991,.F.);
#1910 = ORIENTED_EDGE('',*,*,#1911,.T.);
#1911 = EDGE_CURVE('',#992,#887,#1912,.T.);
#1912 = LINE('',#1913,#1914);
#1913 = CARTESIAN_POINT('',(-4.5,-2.6,0.));
#1914 = VECTOR('',#1915,1.);
#1915 = DIRECTION('',(1.224646799147E-16,1.,0.));
#1916 = PLANE('',#1917);
#1917 = AXIS2_PLACEMENT_3D('',#1918,#1919,#1920);
#1918 = CARTESIAN_POINT('',(-4.5,-2.25,0.));
#1919 = DIRECTION('',(0.,0.,-1.));
#1920 = DIRECTION('',(1.,-1.224646799147E-16,0.));
#1921 = ADVANCED_FACE('',(#1922),#1933,.T.);
#1922 = FACE_BOUND('',#1923,.T.);
#1923 = EDGE_LOOP('',(#1924,#1925,#1926,#1932));
#1924 = ORIENTED_EDGE('',*,*,#1904,.F.);
#1925 = ORIENTED_EDGE('',*,*,#896,.T.);
#1926 = ORIENTED_EDGE('',*,*,#1927,.T.);
#1927 = EDGE_CURVE('',#897,#1002,#1928,.T.);
#1928 = LINE('',#1929,#1930);
#1929 = CARTESIAN_POINT('',(-3.154303630092,-1.9,0.244992161835));
#1930 = VECTOR('',#1931,1.);
#1931 = DIRECTION('',(-1.224646799147E-16,-1.,0.));
#1932 = ORIENTED_EDGE('',*,*,#1001,.F.);
#1933 = CYLINDRICAL_SURFACE('',#1934,0.3);
#1934 = AXIS2_PLACEMENT_3D('',#1935,#1936,#1937);
#1935 = CARTESIAN_POINT('',(-3.449217410273,-2.25,0.3));
#1936 = DIRECTION('',(-1.224646799147E-16,-1.,0.));
#1937 = DIRECTION('',(-0.,0.,-1.));
#1938 = ADVANCED_FACE('',(#1939),#1945,.T.);
#1939 = FACE_BOUND('',#1940,.T.);
#1940 = EDGE_LOOP('',(#1941,#1942,#1943,#1944));
#1941 = ORIENTED_EDGE('',*,*,#1927,.F.);
#1942 = ORIENTED_EDGE('',*,*,#905,.T.);
#1943 = ORIENTED_EDGE('',*,*,#1065,.T.);
#1944 = ORIENTED_EDGE('',*,*,#1010,.F.);
#1945 = PLANE('',#1946);
#1946 = AXIS2_PLACEMENT_3D('',#1947,#1948,#1949);
#1947 = CARTESIAN_POINT('',(-3.154303630092,-2.25,0.244992161835));
#1948 = DIRECTION('',(0.983045933935,-1.203884056408E-16,-0.183359460551
    ));
#1949 = DIRECTION('',(0.183359460551,-2.245505764576E-17,0.983045933935)
  );
#1950 = ADVANCED_FACE('',(#1951),#1962,.T.);
#1951 = FACE_BOUND('',#1952,.T.);
#1952 = EDGE_LOOP('',(#1953,#1954,#1955,#1961));
#1953 = ORIENTED_EDGE('',*,*,#969,.F.);
#1954 = ORIENTED_EDGE('',*,*,#928,.T.);
#1955 = ORIENTED_EDGE('',*,*,#1956,.T.);
#1956 = EDGE_CURVE('',#929,#1027,#1957,.T.);
#1957 = LINE('',#1958,#1959);
#1958 = CARTESIAN_POINT('',(-3.345696369908,-1.9,0.855007838165));
#1959 = VECTOR('',#1960,1.);
#1960 = DIRECTION('',(-1.224646799147E-16,-1.,0.));
#1961 = ORIENTED_EDGE('',*,*,#1026,.F.);
#1962 = CYLINDRICAL_SURFACE('',#1963,0.3);
#1963 = AXIS2_PLACEMENT_3D('',#1964,#1965,#1966);
#1964 = CARTESIAN_POINT('',(-3.050782589727,-2.25,0.8));
#1965 = DIRECTION('',(-1.224646799147E-16,-1.,0.));
#1966 = DIRECTION('',(-7.401486830834E-16,9.06420715631E-32,1.));
#1967 = ADVANCED_FACE('',(#1968),#1979,.T.);
#1968 = FACE_BOUND('',#1969,.T.);
#1969 = EDGE_LOOP('',(#1970,#1971,#1972,#1978));
#1970 = ORIENTED_EDGE('',*,*,#1956,.F.);
#1971 = ORIENTED_EDGE('',*,*,#937,.T.);
#1972 = ORIENTED_EDGE('',*,*,#1973,.F.);
#1973 = EDGE_CURVE('',#1036,#938,#1974,.T.);
#1974 = LINE('',#1975,#1976);
#1975 = CARTESIAN_POINT('',(-3.449217410273,-2.6,0.3));
#1976 = VECTOR('',#1977,1.);
#1977 = DIRECTION('',(1.224646799147E-16,1.,0.));
#1978 = ORIENTED_EDGE('',*,*,#1035,.F.);
#1979 = PLANE('',#1980);
#1980 = AXIS2_PLACEMENT_3D('',#1981,#1982,#1983);
#1981 = CARTESIAN_POINT('',(-3.345696369908,-2.25,0.855007838165));
#1982 = DIRECTION('',(-0.983045933935,1.203884056408E-16,0.183359460551)
  );
#1983 = DIRECTION('',(-0.183359460551,2.245505764576E-17,-0.983045933935
    ));
#1984 = ADVANCED_FACE('',(#1985),#1996,.T.);
#1985 = FACE_BOUND('',#1986,.T.);
#1986 = EDGE_LOOP('',(#1987,#1988,#1994,#1995));
#1987 = ORIENTED_EDGE('',*,*,#945,.T.);
#1988 = ORIENTED_EDGE('',*,*,#1989,.F.);
#1989 = EDGE_CURVE('',#1044,#946,#1990,.T.);
#1990 = LINE('',#1991,#1992);
#1991 = CARTESIAN_POINT('',(-4.5,-2.6,0.3));
#1992 = VECTOR('',#1993,1.);
#1993 = DIRECTION('',(1.224646799147E-16,1.,0.));
#1994 = ORIENTED_EDGE('',*,*,#1043,.F.);
#1995 = ORIENTED_EDGE('',*,*,#1973,.T.);
#1996 = PLANE('',#1997);
#1997 = AXIS2_PLACEMENT_3D('',#1998,#1999,#2000);
#1998 = CARTESIAN_POINT('',(-3.449217410273,-2.25,0.3));
#1999 = DIRECTION('',(5.28283888351E-17,-6.469611729102E-33,1.));
#2000 = DIRECTION('',(-1.,1.224646799147E-16,5.28283888351E-17));
#2001 = ADVANCED_FACE('',(#2002),#2008,.T.);
#2002 = FACE_BOUND('',#2003,.T.);
#2003 = EDGE_LOOP('',(#2004,#2005,#2006,#2007));
#2004 = ORIENTED_EDGE('',*,*,#953,.T.);
#2005 = ORIENTED_EDGE('',*,*,#1911,.F.);
#2006 = ORIENTED_EDGE('',*,*,#1051,.F.);
#2007 = ORIENTED_EDGE('',*,*,#1989,.T.);
#2008 = PLANE('',#2009);
#2009 = AXIS2_PLACEMENT_3D('',#2010,#2011,#2012);
#2010 = CARTESIAN_POINT('',(-4.5,-2.25,0.3));
#2011 = DIRECTION('',(-1.,1.224646799147E-16,0.));
#2012 = DIRECTION('',(0.,0.,-1.));
#2013 = ADVANCED_FACE('',(#2014),#2025,.T.);
#2014 = FACE_BOUND('',#2015,.T.);
#2015 = EDGE_LOOP('',(#2016,#2017,#2023,#2024));
#2016 = ORIENTED_EDGE('',*,*,#1148,.T.);
#2017 = ORIENTED_EDGE('',*,*,#2018,.T.);
#2018 = EDGE_CURVE('',#1141,#1309,#2019,.T.);
#2019 = LINE('',#2020,#2021);
#2020 = CARTESIAN_POINT('',(3.,-2.7,3.15));
#2021 = VECTOR('',#2022,1.);
#2022 = DIRECTION('',(0.,0.,1.));
#2023 = ORIENTED_EDGE('',*,*,#1308,.F.);
#2024 = ORIENTED_EDGE('',*,*,#1236,.F.);
#2025 = CYLINDRICAL_SURFACE('',#2026,0.3);
#2026 = AXIS2_PLACEMENT_3D('',#2027,#2028,#2029);
#2027 = CARTESIAN_POINT('',(2.7,-2.7,3.15));
#2028 = DIRECTION('',(0.,0.,1.));
#2029 = DIRECTION('',(0.,-1.,0.));
#2030 = ADVANCED_FACE('',(#2031),#2042,.T.);
#2031 = FACE_BOUND('',#2032,.F.);
#2032 = EDGE_LOOP('',(#2033,#2034,#2035,#2041));
#2033 = ORIENTED_EDGE('',*,*,#1174,.T.);
#2034 = ORIENTED_EDGE('',*,*,#1285,.T.);
#2035 = ORIENTED_EDGE('',*,*,#2036,.F.);
#2036 = EDGE_CURVE('',#1189,#1286,#2037,.T.);
#2037 = LINE('',#2038,#2039);
#2038 = CARTESIAN_POINT('',(-1.,-2.8,3.15));
#2039 = VECTOR('',#2040,1.);
#2040 = DIRECTION('',(0.,0.,1.));
#2041 = ORIENTED_EDGE('',*,*,#1188,.F.);
#2042 = PLANE('',#2043);
#2043 = AXIS2_PLACEMENT_3D('',#2044,#2045,#2046);
#2044 = CARTESIAN_POINT('',(-1.,-3.,3.15));
#2045 = DIRECTION('',(1.,1.110223024625E-16,0.));
#2046 = DIRECTION('',(1.110223024625E-16,-1.,0.));
#2047 = ADVANCED_FACE('',(#2048),#2059,.T.);
#2048 = FACE_BOUND('',#2049,.F.);
#2049 = EDGE_LOOP('',(#2050,#2051,#2052,#2058));
#2050 = ORIENTED_EDGE('',*,*,#2036,.T.);
#2051 = ORIENTED_EDGE('',*,*,#1293,.T.);
#2052 = ORIENTED_EDGE('',*,*,#2053,.F.);
#2053 = EDGE_CURVE('',#1198,#1294,#2054,.T.);
#2054 = LINE('',#2055,#2056);
#2055 = CARTESIAN_POINT('',(1.,-2.8,3.15));
#2056 = VECTOR('',#2057,1.);
#2057 = DIRECTION('',(0.,0.,1.));
#2058 = ORIENTED_EDGE('',*,*,#1205,.F.);
#2059 = PLANE('',#2060);
#2060 = AXIS2_PLACEMENT_3D('',#2061,#2062,#2063);
#2061 = CARTESIAN_POINT('',(-1.,-2.8,3.15));
#2062 = DIRECTION('',(1.110223024625E-16,-1.,0.));
#2063 = DIRECTION('',(-1.,-1.110223024625E-16,0.));
#2064 = ADVANCED_FACE('',(#2065),#2071,.T.);
#2065 = FACE_BOUND('',#2066,.F.);
#2066 = EDGE_LOOP('',(#2067,#2068,#2069,#2070));
#2067 = ORIENTED_EDGE('',*,*,#2053,.T.);
#2068 = ORIENTED_EDGE('',*,*,#1301,.T.);
#2069 = ORIENTED_EDGE('',*,*,#1220,.F.);
#2070 = ORIENTED_EDGE('',*,*,#1197,.F.);
#2071 = PLANE('',#2072);
#2072 = AXIS2_PLACEMENT_3D('',#2073,#2074,#2075);
#2073 = CARTESIAN_POINT('',(1.,-2.8,3.15));
#2074 = DIRECTION('',(-1.,-1.110223024625E-16,-0.));
#2075 = DIRECTION('',(-1.110223024625E-16,1.,0.));
#2076 = ADVANCED_FACE('',(#2077),#2088,.F.);
#2077 = FACE_BOUND('',#2078,.F.);
#2078 = EDGE_LOOP('',(#2079,#2080,#2086,#2087));
#2079 = ORIENTED_EDGE('',*,*,#1501,.F.);
#2080 = ORIENTED_EDGE('',*,*,#2081,.T.);
#2081 = EDGE_CURVE('',#1494,#1391,#2082,.T.);
#2082 = LINE('',#2083,#2084);
#2083 = CARTESIAN_POINT('',(-1.,3.,3.15));
#2084 = VECTOR('',#2085,1.);
#2085 = DIRECTION('',(0.,0.,1.));
#2086 = ORIENTED_EDGE('',*,*,#1398,.T.);
#2087 = ORIENTED_EDGE('',*,*,#1545,.F.);
#2088 = PLANE('',#2089);
#2089 = AXIS2_PLACEMENT_3D('',#2090,#2091,#2092);
#2090 = CARTESIAN_POINT('',(3.,3.,3.15));
#2091 = DIRECTION('',(0.,-1.,0.));
#2092 = DIRECTION('',(-1.,0.,0.));
#2093 = ADVANCED_FACE('',(#2094),#2112,.T.);
#2094 = FACE_BOUND('',#2095,.T.);
#2095 = EDGE_LOOP('',(#2096,#2097,#2098,#2106));
#2096 = ORIENTED_EDGE('',*,*,#2081,.T.);
#2097 = ORIENTED_EDGE('',*,*,#1390,.T.);
#2098 = ORIENTED_EDGE('',*,*,#2099,.F.);
#2099 = EDGE_CURVE('',#2100,#1383,#2102,.T.);
#2100 = VERTEX_POINT('',#2101);
#2101 = CARTESIAN_POINT('',(-1.,2.8,3.15));
#2102 = LINE('',#2103,#2104);
#2103 = CARTESIAN_POINT('',(-1.,2.8,3.15));
#2104 = VECTOR('',#2105,1.);
#2105 = DIRECTION('',(0.,0.,1.));
#2106 = ORIENTED_EDGE('',*,*,#2107,.F.);
#2107 = EDGE_CURVE('',#1494,#2100,#2108,.T.);
#2108 = LINE('',#2109,#2110);
#2109 = CARTESIAN_POINT('',(-1.,3.,3.15));
#2110 = VECTOR('',#2111,1.);
#2111 = DIRECTION('',(-1.110223024625E-16,-1.,0.));
#2112 = PLANE('',#2113);
#2113 = AXIS2_PLACEMENT_3D('',#2114,#2115,#2116);
#2114 = CARTESIAN_POINT('',(-1.,3.,3.15));
#2115 = DIRECTION('',(1.,-1.110223024625E-16,0.));
#2116 = DIRECTION('',(-1.110223024625E-16,-1.,0.));
#2117 = ADVANCED_FACE('',(#2118),#2136,.T.);
#2118 = FACE_BOUND('',#2119,.T.);
#2119 = EDGE_LOOP('',(#2120,#2121,#2122,#2130));
#2120 = ORIENTED_EDGE('',*,*,#2099,.T.);
#2121 = ORIENTED_EDGE('',*,*,#1382,.T.);
#2122 = ORIENTED_EDGE('',*,*,#2123,.F.);
#2123 = EDGE_CURVE('',#2124,#1375,#2126,.T.);
#2124 = VERTEX_POINT('',#2125);
#2125 = CARTESIAN_POINT('',(1.,2.8,3.15));
#2126 = LINE('',#2127,#2128);
#2127 = CARTESIAN_POINT('',(1.,2.8,3.15));
#2128 = VECTOR('',#2129,1.);
#2129 = DIRECTION('',(0.,0.,1.));
#2130 = ORIENTED_EDGE('',*,*,#2131,.F.);
#2131 = EDGE_CURVE('',#2100,#2124,#2132,.T.);
#2132 = LINE('',#2133,#2134);
#2133 = CARTESIAN_POINT('',(-1.,2.8,3.15));
#2134 = VECTOR('',#2135,1.);
#2135 = DIRECTION('',(1.,-1.110223024625E-16,0.));
#2136 = PLANE('',#2137);
#2137 = AXIS2_PLACEMENT_3D('',#2138,#2139,#2140);
#2138 = CARTESIAN_POINT('',(-1.,2.8,3.15));
#2139 = DIRECTION('',(1.110223024625E-16,1.,0.));
#2140 = DIRECTION('',(1.,-1.110223024625E-16,0.));
#2141 = ADVANCED_FACE('',(#2142),#2158,.T.);
#2142 = FACE_BOUND('',#2143,.T.);
#2143 = EDGE_LOOP('',(#2144,#2145,#2146,#2152));
#2144 = ORIENTED_EDGE('',*,*,#2123,.T.);
#2145 = ORIENTED_EDGE('',*,*,#1374,.T.);
#2146 = ORIENTED_EDGE('',*,*,#2147,.F.);
#2147 = EDGE_CURVE('',#1486,#1367,#2148,.T.);
#2148 = LINE('',#2149,#2150);
#2149 = CARTESIAN_POINT('',(1.,3.,3.15));
#2150 = VECTOR('',#2151,1.);
#2151 = DIRECTION('',(0.,0.,1.));
#2152 = ORIENTED_EDGE('',*,*,#2153,.F.);
#2153 = EDGE_CURVE('',#2124,#1486,#2154,.T.);
#2154 = LINE('',#2155,#2156);
#2155 = CARTESIAN_POINT('',(1.,2.8,3.15));
#2156 = VECTOR('',#2157,1.);
#2157 = DIRECTION('',(1.110223024625E-16,1.,0.));
#2158 = PLANE('',#2159);
#2159 = AXIS2_PLACEMENT_3D('',#2160,#2161,#2162);
#2160 = CARTESIAN_POINT('',(1.,2.8,3.15));
#2161 = DIRECTION('',(-1.,1.110223024625E-16,0.));
#2162 = DIRECTION('',(1.110223024625E-16,1.,0.));
#2163 = ADVANCED_FACE('',(#2164),#2175,.F.);
#2164 = FACE_BOUND('',#2165,.F.);
#2165 = EDGE_LOOP('',(#2166,#2167,#2173,#2174));
#2166 = ORIENTED_EDGE('',*,*,#1485,.F.);
#2167 = ORIENTED_EDGE('',*,*,#2168,.T.);
#2168 = EDGE_CURVE('',#1478,#1358,#2169,.T.);
#2169 = LINE('',#2170,#2171);
#2170 = CARTESIAN_POINT('',(2.7,3.,3.15));
#2171 = VECTOR('',#2172,1.);
#2172 = DIRECTION('',(0.,0.,1.));
#2173 = ORIENTED_EDGE('',*,*,#1366,.T.);
#2174 = ORIENTED_EDGE('',*,*,#2147,.F.);
#2175 = PLANE('',#2176);
#2176 = AXIS2_PLACEMENT_3D('',#2177,#2178,#2179);
#2177 = CARTESIAN_POINT('',(3.,3.,3.15));
#2178 = DIRECTION('',(0.,-1.,0.));
#2179 = DIRECTION('',(-1.,0.,0.));
#2180 = ADVANCED_FACE('',(#2181),#2198,.T.);
#2181 = FACE_BOUND('',#2182,.T.);
#2182 = EDGE_LOOP('',(#2183,#2190,#2191,#2192));
#2183 = ORIENTED_EDGE('',*,*,#2184,.T.);
#2184 = EDGE_CURVE('',#1612,#1478,#2185,.T.);
#2185 = CIRCLE('',#2186,0.3);
#2186 = AXIS2_PLACEMENT_3D('',#2187,#2188,#2189);
#2187 = CARTESIAN_POINT('',(2.7,2.7,3.15));
#2188 = DIRECTION('',(-0.,0.,1.));
#2189 = DIRECTION('',(0.,-1.,0.));
#2190 = ORIENTED_EDGE('',*,*,#2168,.T.);
#2191 = ORIENTED_EDGE('',*,*,#1357,.F.);
#2192 = ORIENTED_EDGE('',*,*,#2193,.F.);
#2193 = EDGE_CURVE('',#1612,#1350,#2194,.T.);
#2194 = LINE('',#2195,#2196);
#2195 = CARTESIAN_POINT('',(3.,2.7,3.15));
#2196 = VECTOR('',#2197,1.);
#2197 = DIRECTION('',(0.,0.,1.));
#2198 = CYLINDRICAL_SURFACE('',#2199,0.3);
#2199 = AXIS2_PLACEMENT_3D('',#2200,#2201,#2202);
#2200 = CARTESIAN_POINT('',(2.7,2.7,3.15));
#2201 = DIRECTION('',(0.,0.,1.));
#2202 = DIRECTION('',(1.,0.,-0.));
#2203 = ADVANCED_FACE('',(#2204),#2215,.F.);
#2204 = FACE_BOUND('',#2205,.F.);
#2205 = EDGE_LOOP('',(#2206,#2207,#2213,#2214));
#2206 = ORIENTED_EDGE('',*,*,#1611,.F.);
#2207 = ORIENTED_EDGE('',*,*,#2208,.T.);
#2208 = EDGE_CURVE('',#1604,#1342,#2209,.T.);
#2209 = LINE('',#2210,#2211);
#2210 = CARTESIAN_POINT('',(3.,1.,3.15));
#2211 = VECTOR('',#2212,1.);
#2212 = DIRECTION('',(0.,0.,1.));
#2213 = ORIENTED_EDGE('',*,*,#1349,.T.);
#2214 = ORIENTED_EDGE('',*,*,#2193,.F.);
#2215 = PLANE('',#2216);
#2216 = AXIS2_PLACEMENT_3D('',#2217,#2218,#2219);
#2217 = CARTESIAN_POINT('',(3.,-3.,3.15));
#2218 = DIRECTION('',(-1.,0.,0.));
#2219 = DIRECTION('',(0.,1.,0.));
#2220 = ADVANCED_FACE('',(#2221),#2239,.T.);
#2221 = FACE_BOUND('',#2222,.T.);
#2222 = EDGE_LOOP('',(#2223,#2224,#2225,#2233));
#2223 = ORIENTED_EDGE('',*,*,#2208,.T.);
#2224 = ORIENTED_EDGE('',*,*,#1341,.T.);
#2225 = ORIENTED_EDGE('',*,*,#2226,.F.);
#2226 = EDGE_CURVE('',#2227,#1334,#2229,.T.);
#2227 = VERTEX_POINT('',#2228);
#2228 = CARTESIAN_POINT('',(2.8,1.,3.15));
#2229 = LINE('',#2230,#2231);
#2230 = CARTESIAN_POINT('',(2.8,1.,3.15));
#2231 = VECTOR('',#2232,1.);
#2232 = DIRECTION('',(0.,0.,1.));
#2233 = ORIENTED_EDGE('',*,*,#2234,.F.);
#2234 = EDGE_CURVE('',#1604,#2227,#2235,.T.);
#2235 = LINE('',#2236,#2237);
#2236 = CARTESIAN_POINT('',(3.,1.,3.15));
#2237 = VECTOR('',#2238,1.);
#2238 = DIRECTION('',(-1.,0.,0.));
#2239 = PLANE('',#2240);
#2240 = AXIS2_PLACEMENT_3D('',#2241,#2242,#2243);
#2241 = CARTESIAN_POINT('',(3.,1.,3.15));
#2242 = DIRECTION('',(0.,-1.,0.));
#2243 = DIRECTION('',(-1.,0.,0.));
#2244 = ADVANCED_FACE('',(#2245),#2263,.T.);
#2245 = FACE_BOUND('',#2246,.T.);
#2246 = EDGE_LOOP('',(#2247,#2248,#2249,#2257));
#2247 = ORIENTED_EDGE('',*,*,#2226,.T.);
#2248 = ORIENTED_EDGE('',*,*,#1333,.T.);
#2249 = ORIENTED_EDGE('',*,*,#2250,.F.);
#2250 = EDGE_CURVE('',#2251,#1326,#2253,.T.);
#2251 = VERTEX_POINT('',#2252);
#2252 = CARTESIAN_POINT('',(2.8,-1.,3.15));
#2253 = LINE('',#2254,#2255);
#2254 = CARTESIAN_POINT('',(2.8,-1.,3.15));
#2255 = VECTOR('',#2256,1.);
#2256 = DIRECTION('',(0.,0.,1.));
#2257 = ORIENTED_EDGE('',*,*,#2258,.F.);
#2258 = EDGE_CURVE('',#2227,#2251,#2259,.T.);
#2259 = LINE('',#2260,#2261);
#2260 = CARTESIAN_POINT('',(2.8,1.,3.15));
#2261 = VECTOR('',#2262,1.);
#2262 = DIRECTION('',(0.,-1.,0.));
#2263 = PLANE('',#2264);
#2264 = AXIS2_PLACEMENT_3D('',#2265,#2266,#2267);
#2265 = CARTESIAN_POINT('',(2.8,1.,3.15));
#2266 = DIRECTION('',(1.,0.,0.));
#2267 = DIRECTION('',(0.,-1.,0.));
#2268 = ADVANCED_FACE('',(#2269),#2285,.T.);
#2269 = FACE_BOUND('',#2270,.T.);
#2270 = EDGE_LOOP('',(#2271,#2272,#2273,#2279));
#2271 = ORIENTED_EDGE('',*,*,#2250,.T.);
#2272 = ORIENTED_EDGE('',*,*,#1325,.T.);
#2273 = ORIENTED_EDGE('',*,*,#2274,.F.);
#2274 = EDGE_CURVE('',#1596,#1318,#2275,.T.);
#2275 = LINE('',#2276,#2277);
#2276 = CARTESIAN_POINT('',(3.,-1.,3.15));
#2277 = VECTOR('',#2278,1.);
#2278 = DIRECTION('',(0.,0.,1.));
#2279 = ORIENTED_EDGE('',*,*,#2280,.F.);
#2280 = EDGE_CURVE('',#2251,#1596,#2281,.T.);
#2281 = LINE('',#2282,#2283);
#2282 = CARTESIAN_POINT('',(2.8,-1.,3.15));
#2283 = VECTOR('',#2284,1.);
#2284 = DIRECTION('',(1.,0.,0.));
#2285 = PLANE('',#2286);
#2286 = AXIS2_PLACEMENT_3D('',#2287,#2288,#2289);
#2287 = CARTESIAN_POINT('',(2.8,-1.,3.15));
#2288 = DIRECTION('',(0.,1.,0.));
#2289 = DIRECTION('',(1.,0.,0.));
#2290 = ADVANCED_FACE('',(#2291),#2297,.F.);
#2291 = FACE_BOUND('',#2292,.F.);
#2292 = EDGE_LOOP('',(#2293,#2294,#2295,#2296));
#2293 = ORIENTED_EDGE('',*,*,#1595,.F.);
#2294 = ORIENTED_EDGE('',*,*,#2018,.T.);
#2295 = ORIENTED_EDGE('',*,*,#1317,.T.);
#2296 = ORIENTED_EDGE('',*,*,#2274,.F.);
#2297 = PLANE('',#2298);
#2298 = AXIS2_PLACEMENT_3D('',#2299,#2300,#2301);
#2299 = CARTESIAN_POINT('',(3.,-3.,3.15));
#2300 = DIRECTION('',(-1.,0.,0.));
#2301 = DIRECTION('',(0.,1.,0.));
#2302 = ADVANCED_FACE('',(#2303),#2322,.T.);
#2303 = FACE_BOUND('',#2304,.T.);
#2304 = EDGE_LOOP('',(#2305,#2306,#2314,#2321));
#2305 = ORIENTED_EDGE('',*,*,#1406,.T.);
#2306 = ORIENTED_EDGE('',*,*,#2307,.T.);
#2307 = EDGE_CURVE('',#1407,#2308,#2310,.T.);
#2308 = VERTEX_POINT('',#2309);
#2309 = CARTESIAN_POINT('',(-1.3,-1.65,3.5));
#2310 = LINE('',#2311,#2312);
#2311 = CARTESIAN_POINT('',(-1.3,-1.65,3.15));
#2312 = VECTOR('',#2313,1.);
#2313 = DIRECTION('',(0.,0.,1.));
#2314 = ORIENTED_EDGE('',*,*,#2315,.F.);
#2315 = EDGE_CURVE('',#2308,#2308,#2316,.T.);
#2316 = CIRCLE('',#2317,0.35);
#2317 = AXIS2_PLACEMENT_3D('',#2318,#2319,#2320);
#2318 = CARTESIAN_POINT('',(-1.65,-1.65,3.5));
#2319 = DIRECTION('',(0.,0.,1.));
#2320 = DIRECTION('',(1.,0.,-0.));
#2321 = ORIENTED_EDGE('',*,*,#2307,.F.);
#2322 = CYLINDRICAL_SURFACE('',#2323,0.35);
#2323 = AXIS2_PLACEMENT_3D('',#2324,#2325,#2326);
#2324 = CARTESIAN_POINT('',(-1.65,-1.65,3.15));
#2325 = DIRECTION('',(0.,0.,1.));
#2326 = DIRECTION('',(1.,0.,-0.));
#2327 = ADVANCED_FACE('',(#2328),#2347,.T.);
#2328 = FACE_BOUND('',#2329,.T.);
#2329 = EDGE_LOOP('',(#2330,#2331,#2339,#2346));
#2330 = ORIENTED_EDGE('',*,*,#1417,.T.);
#2331 = ORIENTED_EDGE('',*,*,#2332,.T.);
#2332 = EDGE_CURVE('',#1418,#2333,#2335,.T.);
#2333 = VERTEX_POINT('',#2334);
#2334 = CARTESIAN_POINT('',(2.,-1.65,3.5));
#2335 = LINE('',#2336,#2337);
#2336 = CARTESIAN_POINT('',(2.,-1.65,3.15));
#2337 = VECTOR('',#2338,1.);
#2338 = DIRECTION('',(0.,0.,1.));
#2339 = ORIENTED_EDGE('',*,*,#2340,.F.);
#2340 = EDGE_CURVE('',#2333,#2333,#2341,.T.);
#2341 = CIRCLE('',#2342,0.35);
#2342 = AXIS2_PLACEMENT_3D('',#2343,#2344,#2345);
#2343 = CARTESIAN_POINT('',(1.65,-1.65,3.5));
#2344 = DIRECTION('',(0.,0.,1.));
#2345 = DIRECTION('',(1.,0.,-0.));
#2346 = ORIENTED_EDGE('',*,*,#2332,.F.);
#2347 = CYLINDRICAL_SURFACE('',#2348,0.35);
#2348 = AXIS2_PLACEMENT_3D('',#2349,#2350,#2351);
#2349 = CARTESIAN_POINT('',(1.65,-1.65,3.15));
#2350 = DIRECTION('',(0.,0.,1.));
#2351 = DIRECTION('',(1.,0.,-0.));
#2352 = ADVANCED_FACE('',(#2353),#2372,.T.);
#2353 = FACE_BOUND('',#2354,.T.);
#2354 = EDGE_LOOP('',(#2355,#2356,#2364,#2371));
#2355 = ORIENTED_EDGE('',*,*,#1428,.T.);
#2356 = ORIENTED_EDGE('',*,*,#2357,.T.);
#2357 = EDGE_CURVE('',#1429,#2358,#2360,.T.);
#2358 = VERTEX_POINT('',#2359);
#2359 = CARTESIAN_POINT('',(-1.3,1.65,3.5));
#2360 = LINE('',#2361,#2362);
#2361 = CARTESIAN_POINT('',(-1.3,1.65,3.15));
#2362 = VECTOR('',#2363,1.);
#2363 = DIRECTION('',(0.,0.,1.));
#2364 = ORIENTED_EDGE('',*,*,#2365,.F.);
#2365 = EDGE_CURVE('',#2358,#2358,#2366,.T.);
#2366 = CIRCLE('',#2367,0.35);
#2367 = AXIS2_PLACEMENT_3D('',#2368,#2369,#2370);
#2368 = CARTESIAN_POINT('',(-1.65,1.65,3.5));
#2369 = DIRECTION('',(0.,0.,1.));
#2370 = DIRECTION('',(1.,0.,-0.));
#2371 = ORIENTED_EDGE('',*,*,#2357,.F.);
#2372 = CYLINDRICAL_SURFACE('',#2373,0.35);
#2373 = AXIS2_PLACEMENT_3D('',#2374,#2375,#2376);
#2374 = CARTESIAN_POINT('',(-1.65,1.65,3.15));
#2375 = DIRECTION('',(0.,0.,1.));
#2376 = DIRECTION('',(1.,0.,-0.));
#2377 = ADVANCED_FACE('',(#2378),#2397,.F.);
#2378 = FACE_BOUND('',#2379,.F.);
#2379 = EDGE_LOOP('',(#2380,#2388,#2395,#2396));
#2380 = ORIENTED_EDGE('',*,*,#2381,.F.);
#2381 = EDGE_CURVE('',#2382,#1440,#2384,.T.);
#2382 = VERTEX_POINT('',#2383);
#2383 = CARTESIAN_POINT('',(1.8,0.,3.15));
#2384 = LINE('',#2385,#2386);
#2385 = CARTESIAN_POINT('',(1.8,0.,3.15));
#2386 = VECTOR('',#2387,1.);
#2387 = DIRECTION('',(0.,0.,1.));
#2388 = ORIENTED_EDGE('',*,*,#2389,.T.);
#2389 = EDGE_CURVE('',#2382,#2382,#2390,.T.);
#2390 = CIRCLE('',#2391,1.8);
#2391 = AXIS2_PLACEMENT_3D('',#2392,#2393,#2394);
#2392 = CARTESIAN_POINT('',(0.,0.,3.15));
#2393 = DIRECTION('',(0.,0.,1.));
#2394 = DIRECTION('',(1.,0.,-0.));
#2395 = ORIENTED_EDGE('',*,*,#2381,.T.);
#2396 = ORIENTED_EDGE('',*,*,#1439,.F.);
#2397 = CYLINDRICAL_SURFACE('',#2398,1.8);
#2398 = AXIS2_PLACEMENT_3D('',#2399,#2400,#2401);
#2399 = CARTESIAN_POINT('',(0.,0.,3.15));
#2400 = DIRECTION('',(0.,0.,1.));
#2401 = DIRECTION('',(1.,0.,-0.));
#2402 = ADVANCED_FACE('',(#2403),#2422,.T.);
#2403 = FACE_BOUND('',#2404,.T.);
#2404 = EDGE_LOOP('',(#2405,#2406,#2414,#2421));
#2405 = ORIENTED_EDGE('',*,*,#1450,.T.);
#2406 = ORIENTED_EDGE('',*,*,#2407,.T.);
#2407 = EDGE_CURVE('',#1451,#2408,#2410,.T.);
#2408 = VERTEX_POINT('',#2409);
#2409 = CARTESIAN_POINT('',(2.,1.65,3.5));
#2410 = LINE('',#2411,#2412);
#2411 = CARTESIAN_POINT('',(2.,1.65,3.15));
#2412 = VECTOR('',#2413,1.);
#2413 = DIRECTION('',(0.,0.,1.));
#2414 = ORIENTED_EDGE('',*,*,#2415,.F.);
#2415 = EDGE_CURVE('',#2408,#2408,#2416,.T.);
#2416 = CIRCLE('',#2417,0.35);
#2417 = AXIS2_PLACEMENT_3D('',#2418,#2419,#2420);
#2418 = CARTESIAN_POINT('',(1.65,1.65,3.5));
#2419 = DIRECTION('',(0.,0.,1.));
#2420 = DIRECTION('',(1.,0.,-0.));
#2421 = ORIENTED_EDGE('',*,*,#2407,.F.);
#2422 = CYLINDRICAL_SURFACE('',#2423,0.35);
#2423 = AXIS2_PLACEMENT_3D('',#2424,#2425,#2426);
#2424 = CARTESIAN_POINT('',(1.65,1.65,3.15));
#2425 = DIRECTION('',(0.,0.,1.));
#2426 = DIRECTION('',(1.,0.,-0.));
#2427 = ADVANCED_FACE('',(#2428),#2441,.F.);
#2428 = FACE_BOUND('',#2429,.F.);
#2429 = EDGE_LOOP('',(#2430,#2431,#2432,#2433,#2440));
#2430 = ORIENTED_EDGE('',*,*,#1745,.F.);
#2431 = ORIENTED_EDGE('',*,*,#1719,.T.);
#2432 = ORIENTED_EDGE('',*,*,#1627,.T.);
#2433 = ORIENTED_EDGE('',*,*,#2434,.T.);
#2434 = EDGE_CURVE('',#1620,#1468,#2435,.T.);
#2435 = CIRCLE('',#2436,0.3);
#2436 = AXIS2_PLACEMENT_3D('',#2437,#2438,#2439);
#2437 = CARTESIAN_POINT('',(2.7,2.7,0.));
#2438 = DIRECTION('',(-0.,0.,1.));
#2439 = DIRECTION('',(0.,-1.,0.));
#2440 = ORIENTED_EDGE('',*,*,#1467,.T.);
#2441 = PLANE('',#2442);
#2442 = AXIS2_PLACEMENT_3D('',#2443,#2444,#2445);
#2443 = CARTESIAN_POINT('',(0.,0.,0.));
#2444 = DIRECTION('',(0.,0.,1.));
#2445 = DIRECTION('',(1.,0.,-0.));
#2446 = ADVANCED_FACE('',(#2447),#2453,.T.);
#2447 = FACE_BOUND('',#2448,.T.);
#2448 = EDGE_LOOP('',(#2449,#2450,#2451,#2452));
#2449 = ORIENTED_EDGE('',*,*,#1493,.T.);
#2450 = ORIENTED_EDGE('',*,*,#2107,.T.);
#2451 = ORIENTED_EDGE('',*,*,#2131,.T.);
#2452 = ORIENTED_EDGE('',*,*,#2153,.T.);
#2453 = PLANE('',#2454);
#2454 = AXIS2_PLACEMENT_3D('',#2455,#2456,#2457);
#2455 = CARTESIAN_POINT('',(0.,0.,3.15));
#2456 = DIRECTION('',(0.,0.,1.));
#2457 = DIRECTION('',(1.,0.,-0.));
#2458 = ADVANCED_FACE('',(#2459),#2465,.T.);
#2459 = FACE_BOUND('',#2460,.T.);
#2460 = EDGE_LOOP('',(#2461,#2462,#2463,#2464));
#2461 = ORIENTED_EDGE('',*,*,#2434,.T.);
#2462 = ORIENTED_EDGE('',*,*,#1477,.T.);
#2463 = ORIENTED_EDGE('',*,*,#2184,.F.);
#2464 = ORIENTED_EDGE('',*,*,#1619,.F.);
#2465 = CYLINDRICAL_SURFACE('',#2466,0.3);
#2466 = AXIS2_PLACEMENT_3D('',#2467,#2468,#2469);
#2467 = CARTESIAN_POINT('',(2.7,2.7,0.));
#2468 = DIRECTION('',(0.,0.,1.));
#2469 = DIRECTION('',(1.,0.,-0.));
#2470 = ADVANCED_FACE('',(#2471),#2477,.T.);
#2471 = FACE_BOUND('',#2472,.T.);
#2472 = EDGE_LOOP('',(#2473,#2474,#2475,#2476));
#2473 = ORIENTED_EDGE('',*,*,#2280,.T.);
#2474 = ORIENTED_EDGE('',*,*,#1603,.T.);
#2475 = ORIENTED_EDGE('',*,*,#2234,.T.);
#2476 = ORIENTED_EDGE('',*,*,#2258,.T.);
#2477 = PLANE('',#2478);
#2478 = AXIS2_PLACEMENT_3D('',#2479,#2480,#2481);
#2479 = CARTESIAN_POINT('',(0.,0.,3.15));
#2480 = DIRECTION('',(0.,0.,1.));
#2481 = DIRECTION('',(1.,0.,-0.));
#2482 = ADVANCED_FACE('',(#2483),#2558,.F.);
#2483 = FACE_BOUND('',#2484,.F.);
#2484 = EDGE_LOOP('',(#2485,#2495,#2504,#2512,#2518,#2519,#2527,#2536,
    #2544,#2552));
#2485 = ORIENTED_EDGE('',*,*,#2486,.T.);
#2486 = EDGE_CURVE('',#2487,#2489,#2491,.T.);
#2487 = VERTEX_POINT('',#2488);
#2488 = CARTESIAN_POINT('',(4.5,-2.6,0.));
#2489 = VERTEX_POINT('',#2490);
#2490 = CARTESIAN_POINT('',(3.449217410273,-2.6,5.551115123126E-17));
#2491 = LINE('',#2492,#2493);
#2492 = CARTESIAN_POINT('',(4.5,-2.6,0.));
#2493 = VECTOR('',#2494,1.);
#2494 = DIRECTION('',(-1.,0.,0.));
#2495 = ORIENTED_EDGE('',*,*,#2496,.T.);
#2496 = EDGE_CURVE('',#2489,#2497,#2499,.T.);
#2497 = VERTEX_POINT('',#2498);
#2498 = CARTESIAN_POINT('',(3.154303630092,-2.6,0.244992161835));
#2499 = CIRCLE('',#2500,0.3);
#2500 = AXIS2_PLACEMENT_3D('',#2501,#2502,#2503);
#2501 = CARTESIAN_POINT('',(3.449217410273,-2.6,0.3));
#2502 = DIRECTION('',(0.,1.,0.));
#2503 = DIRECTION('',(0.,0.,-1.));
#2504 = ORIENTED_EDGE('',*,*,#2505,.T.);
#2505 = EDGE_CURVE('',#2497,#2506,#2508,.T.);
#2506 = VERTEX_POINT('',#2507);
#2507 = CARTESIAN_POINT('',(3.050782589727,-2.6,0.8));
#2508 = LINE('',#2509,#2510);
#2509 = CARTESIAN_POINT('',(3.154303630092,-2.6,0.244992161835));
#2510 = VECTOR('',#2511,1.);
#2511 = DIRECTION('',(-0.183359460551,0.,0.983045933935));
#2512 = ORIENTED_EDGE('',*,*,#2513,.T.);
#2513 = EDGE_CURVE('',#2506,#1646,#2514,.T.);
#2514 = LINE('',#2515,#2516);
#2515 = CARTESIAN_POINT('',(3.050782589727,-2.6,0.8));
#2516 = VECTOR('',#2517,1.);
#2517 = DIRECTION('',(-1.,0.,0.));
#2518 = ORIENTED_EDGE('',*,*,#1645,.T.);
#2519 = ORIENTED_EDGE('',*,*,#2520,.T.);
#2520 = EDGE_CURVE('',#1648,#2521,#2523,.T.);
#2521 = VERTEX_POINT('',#2522);
#2522 = CARTESIAN_POINT('',(3.050782589727,-2.6,1.1));
#2523 = LINE('',#2524,#2525);
#2524 = CARTESIAN_POINT('',(3.,-2.6,1.1));
#2525 = VECTOR('',#2526,1.);
#2526 = DIRECTION('',(1.,0.,0.));
#2527 = ORIENTED_EDGE('',*,*,#2528,.T.);
#2528 = EDGE_CURVE('',#2521,#2529,#2531,.T.);
#2529 = VERTEX_POINT('',#2530);
#2530 = CARTESIAN_POINT('',(3.345696369908,-2.6,0.855007838165));
#2531 = CIRCLE('',#2532,0.3);
#2532 = AXIS2_PLACEMENT_3D('',#2533,#2534,#2535);
#2533 = CARTESIAN_POINT('',(3.050782589727,-2.6,0.8));
#2534 = DIRECTION('',(-0.,1.,0.));
#2535 = DIRECTION('',(7.401486830834E-16,0.,1.));
#2536 = ORIENTED_EDGE('',*,*,#2537,.T.);
#2537 = EDGE_CURVE('',#2529,#2538,#2540,.T.);
#2538 = VERTEX_POINT('',#2539);
#2539 = CARTESIAN_POINT('',(3.449217410273,-2.6,0.3));
#2540 = LINE('',#2541,#2542);
#2541 = CARTESIAN_POINT('',(3.345696369908,-2.6,0.855007838165));
#2542 = VECTOR('',#2543,1.);
#2543 = DIRECTION('',(0.183359460551,0.,-0.983045933935));
#2544 = ORIENTED_EDGE('',*,*,#2545,.T.);
#2545 = EDGE_CURVE('',#2538,#2546,#2548,.T.);
#2546 = VERTEX_POINT('',#2547);
#2547 = CARTESIAN_POINT('',(4.5,-2.6,0.3));
#2548 = LINE('',#2549,#2550);
#2549 = CARTESIAN_POINT('',(3.449217410273,-2.6,0.3));
#2550 = VECTOR('',#2551,1.);
#2551 = DIRECTION('',(1.,0.,5.28283888351E-17));
#2552 = ORIENTED_EDGE('',*,*,#2553,.T.);
#2553 = EDGE_CURVE('',#2546,#2487,#2554,.T.);
#2554 = LINE('',#2555,#2556);
#2555 = CARTESIAN_POINT('',(4.5,-2.6,0.3));
#2556 = VECTOR('',#2557,1.);
#2557 = DIRECTION('',(0.,0.,-1.));
#2558 = PLANE('',#2559);
#2559 = AXIS2_PLACEMENT_3D('',#2560,#2561,#2562);
#2560 = CARTESIAN_POINT('',(3.628410136446,-2.6,0.381817717135));
#2561 = DIRECTION('',(0.,1.,0.));
#2562 = DIRECTION('',(0.,-0.,1.));
#2563 = ADVANCED_FACE('',(#2564),#2582,.T.);
#2564 = FACE_BOUND('',#2565,.T.);
#2565 = EDGE_LOOP('',(#2566,#2567,#2568,#2576));
#2566 = ORIENTED_EDGE('',*,*,#1671,.F.);
#2567 = ORIENTED_EDGE('',*,*,#2520,.T.);
#2568 = ORIENTED_EDGE('',*,*,#2569,.T.);
#2569 = EDGE_CURVE('',#2521,#2570,#2572,.T.);
#2570 = VERTEX_POINT('',#2571);
#2571 = CARTESIAN_POINT('',(3.050782589727,-1.9,1.1));
#2572 = LINE('',#2573,#2574);
#2573 = CARTESIAN_POINT('',(3.050782589727,-2.6,1.1));
#2574 = VECTOR('',#2575,1.);
#2575 = DIRECTION('',(0.,1.,0.));
#2576 = ORIENTED_EDGE('',*,*,#2577,.F.);
#2577 = EDGE_CURVE('',#1664,#2570,#2578,.T.);
#2578 = LINE('',#2579,#2580);
#2579 = CARTESIAN_POINT('',(3.,-1.9,1.1));
#2580 = VECTOR('',#2581,1.);
#2581 = DIRECTION('',(1.,0.,0.));
#2582 = PLANE('',#2583);
#2583 = AXIS2_PLACEMENT_3D('',#2584,#2585,#2586);
#2584 = CARTESIAN_POINT('',(3.,-2.25,1.1));
#2585 = DIRECTION('',(0.,0.,1.));
#2586 = DIRECTION('',(1.,0.,-0.));
#2587 = ADVANCED_FACE('',(#2588),#2656,.T.);
#2588 = FACE_BOUND('',#2589,.T.);
#2589 = EDGE_LOOP('',(#2590,#2600,#2609,#2617,#2623,#2624,#2625,#2634,
    #2642,#2650));
#2590 = ORIENTED_EDGE('',*,*,#2591,.T.);
#2591 = EDGE_CURVE('',#2592,#2594,#2596,.T.);
#2592 = VERTEX_POINT('',#2593);
#2593 = CARTESIAN_POINT('',(4.5,-1.9,0.));
#2594 = VERTEX_POINT('',#2595);
#2595 = CARTESIAN_POINT('',(3.449217410273,-1.9,5.551115123126E-17));
#2596 = LINE('',#2597,#2598);
#2597 = CARTESIAN_POINT('',(4.5,-1.9,0.));
#2598 = VECTOR('',#2599,1.);
#2599 = DIRECTION('',(-1.,0.,0.));
#2600 = ORIENTED_EDGE('',*,*,#2601,.T.);
#2601 = EDGE_CURVE('',#2594,#2602,#2604,.T.);
#2602 = VERTEX_POINT('',#2603);
#2603 = CARTESIAN_POINT('',(3.154303630092,-1.9,0.244992161835));
#2604 = CIRCLE('',#2605,0.3);
#2605 = AXIS2_PLACEMENT_3D('',#2606,#2607,#2608);
#2606 = CARTESIAN_POINT('',(3.449217410273,-1.9,0.3));
#2607 = DIRECTION('',(0.,1.,0.));
#2608 = DIRECTION('',(0.,0.,-1.));
#2609 = ORIENTED_EDGE('',*,*,#2610,.T.);
#2610 = EDGE_CURVE('',#2602,#2611,#2613,.T.);
#2611 = VERTEX_POINT('',#2612);
#2612 = CARTESIAN_POINT('',(3.050782589727,-1.9,0.8));
#2613 = LINE('',#2614,#2615);
#2614 = CARTESIAN_POINT('',(3.154303630092,-1.9,0.244992161835));
#2615 = VECTOR('',#2616,1.);
#2616 = DIRECTION('',(-0.183359460551,0.,0.983045933935));
#2617 = ORIENTED_EDGE('',*,*,#2618,.T.);
#2618 = EDGE_CURVE('',#2611,#1656,#2619,.T.);
#2619 = LINE('',#2620,#2621);
#2620 = CARTESIAN_POINT('',(3.050782589727,-1.9,0.8));
#2621 = VECTOR('',#2622,1.);
#2622 = DIRECTION('',(-1.,0.,0.));
#2623 = ORIENTED_EDGE('',*,*,#1663,.T.);
#2624 = ORIENTED_EDGE('',*,*,#2577,.T.);
#2625 = ORIENTED_EDGE('',*,*,#2626,.T.);
#2626 = EDGE_CURVE('',#2570,#2627,#2629,.T.);
#2627 = VERTEX_POINT('',#2628);
#2628 = CARTESIAN_POINT('',(3.345696369908,-1.9,0.855007838165));
#2629 = CIRCLE('',#2630,0.3);
#2630 = AXIS2_PLACEMENT_3D('',#2631,#2632,#2633);
#2631 = CARTESIAN_POINT('',(3.050782589727,-1.9,0.8));
#2632 = DIRECTION('',(-0.,1.,0.));
#2633 = DIRECTION('',(7.401486830834E-16,0.,1.));
#2634 = ORIENTED_EDGE('',*,*,#2635,.T.);
#2635 = EDGE_CURVE('',#2627,#2636,#2638,.T.);
#2636 = VERTEX_POINT('',#2637);
#2637 = CARTESIAN_POINT('',(3.449217410273,-1.9,0.3));
#2638 = LINE('',#2639,#2640);
#2639 = CARTESIAN_POINT('',(3.345696369908,-1.9,0.855007838165));
#2640 = VECTOR('',#2641,1.);
#2641 = DIRECTION('',(0.183359460551,0.,-0.983045933935));
#2642 = ORIENTED_EDGE('',*,*,#2643,.T.);
#2643 = EDGE_CURVE('',#2636,#2644,#2646,.T.);
#2644 = VERTEX_POINT('',#2645);
#2645 = CARTESIAN_POINT('',(4.5,-1.9,0.3));
#2646 = LINE('',#2647,#2648);
#2647 = CARTESIAN_POINT('',(3.449217410273,-1.9,0.3));
#2648 = VECTOR('',#2649,1.);
#2649 = DIRECTION('',(1.,0.,5.28283888351E-17));
#2650 = ORIENTED_EDGE('',*,*,#2651,.T.);
#2651 = EDGE_CURVE('',#2644,#2592,#2652,.T.);
#2652 = LINE('',#2653,#2654);
#2653 = CARTESIAN_POINT('',(4.5,-1.9,0.3));
#2654 = VECTOR('',#2655,1.);
#2655 = DIRECTION('',(0.,0.,-1.));
#2656 = PLANE('',#2657);
#2657 = AXIS2_PLACEMENT_3D('',#2658,#2659,#2660);
#2658 = CARTESIAN_POINT('',(3.628410136446,-1.9,0.381817717135));
#2659 = DIRECTION('',(0.,1.,0.));
#2660 = DIRECTION('',(0.,-0.,1.));
#2661 = ADVANCED_FACE('',(#2662),#2673,.T.);
#2662 = FACE_BOUND('',#2663,.T.);
#2663 = EDGE_LOOP('',(#2664,#2670,#2671,#2672));
#2664 = ORIENTED_EDGE('',*,*,#2665,.F.);
#2665 = EDGE_CURVE('',#2506,#2611,#2666,.T.);
#2666 = LINE('',#2667,#2668);
#2667 = CARTESIAN_POINT('',(3.050782589727,-2.6,0.8));
#2668 = VECTOR('',#2669,1.);
#2669 = DIRECTION('',(0.,1.,0.));
#2670 = ORIENTED_EDGE('',*,*,#2513,.T.);
#2671 = ORIENTED_EDGE('',*,*,#1655,.T.);
#2672 = ORIENTED_EDGE('',*,*,#2618,.F.);
#2673 = PLANE('',#2674);
#2674 = AXIS2_PLACEMENT_3D('',#2675,#2676,#2677);
#2675 = CARTESIAN_POINT('',(3.050782589727,-2.25,0.8));
#2676 = DIRECTION('',(-0.,-0.,-1.));
#2677 = DIRECTION('',(-1.,0.,0.));
#2678 = ADVANCED_FACE('',(#2679),#2754,.F.);
#2679 = FACE_BOUND('',#2680,.F.);
#2680 = EDGE_LOOP('',(#2681,#2691,#2700,#2708,#2714,#2715,#2723,#2732,
    #2740,#2748));
#2681 = ORIENTED_EDGE('',*,*,#2682,.T.);
#2682 = EDGE_CURVE('',#2683,#2685,#2687,.T.);
#2683 = VERTEX_POINT('',#2684);
#2684 = CARTESIAN_POINT('',(4.5,1.9,0.));
#2685 = VERTEX_POINT('',#2686);
#2686 = CARTESIAN_POINT('',(3.449217410273,1.9,5.551115123126E-17));
#2687 = LINE('',#2688,#2689);
#2688 = CARTESIAN_POINT('',(4.5,1.9,0.));
#2689 = VECTOR('',#2690,1.);
#2690 = DIRECTION('',(-1.,0.,0.));
#2691 = ORIENTED_EDGE('',*,*,#2692,.T.);
#2692 = EDGE_CURVE('',#2685,#2693,#2695,.T.);
#2693 = VERTEX_POINT('',#2694);
#2694 = CARTESIAN_POINT('',(3.154303630092,1.9,0.244992161835));
#2695 = CIRCLE('',#2696,0.3);
#2696 = AXIS2_PLACEMENT_3D('',#2697,#2698,#2699);
#2697 = CARTESIAN_POINT('',(3.449217410273,1.9,0.3));
#2698 = DIRECTION('',(0.,1.,0.));
#2699 = DIRECTION('',(0.,0.,-1.));
#2700 = ORIENTED_EDGE('',*,*,#2701,.T.);
#2701 = EDGE_CURVE('',#2693,#2702,#2704,.T.);
#2702 = VERTEX_POINT('',#2703);
#2703 = CARTESIAN_POINT('',(3.050782589727,1.9,0.8));
#2704 = LINE('',#2705,#2706);
#2705 = CARTESIAN_POINT('',(3.154303630092,1.9,0.244992161835));
#2706 = VECTOR('',#2707,1.);
#2707 = DIRECTION('',(-0.183359460551,0.,0.983045933935));
#2708 = ORIENTED_EDGE('',*,*,#2709,.T.);
#2709 = EDGE_CURVE('',#2702,#1680,#2710,.T.);
#2710 = LINE('',#2711,#2712);
#2711 = CARTESIAN_POINT('',(3.050782589727,1.9,0.8));
#2712 = VECTOR('',#2713,1.);
#2713 = DIRECTION('',(-1.,0.,0.));
#2714 = ORIENTED_EDGE('',*,*,#1679,.T.);
#2715 = ORIENTED_EDGE('',*,*,#2716,.T.);
#2716 = EDGE_CURVE('',#1682,#2717,#2719,.T.);
#2717 = VERTEX_POINT('',#2718);
#2718 = CARTESIAN_POINT('',(3.050782589727,1.9,1.1));
#2719 = LINE('',#2720,#2721);
#2720 = CARTESIAN_POINT('',(3.,1.9,1.1));
#2721 = VECTOR('',#2722,1.);
#2722 = DIRECTION('',(1.,0.,0.));
#2723 = ORIENTED_EDGE('',*,*,#2724,.T.);
#2724 = EDGE_CURVE('',#2717,#2725,#2727,.T.);
#2725 = VERTEX_POINT('',#2726);
#2726 = CARTESIAN_POINT('',(3.345696369908,1.9,0.855007838165));
#2727 = CIRCLE('',#2728,0.3);
#2728 = AXIS2_PLACEMENT_3D('',#2729,#2730,#2731);
#2729 = CARTESIAN_POINT('',(3.050782589727,1.9,0.8));
#2730 = DIRECTION('',(-0.,1.,0.));
#2731 = DIRECTION('',(7.401486830834E-16,0.,1.));
#2732 = ORIENTED_EDGE('',*,*,#2733,.T.);
#2733 = EDGE_CURVE('',#2725,#2734,#2736,.T.);
#2734 = VERTEX_POINT('',#2735);
#2735 = CARTESIAN_POINT('',(3.449217410273,1.9,0.3));
#2736 = LINE('',#2737,#2738);
#2737 = CARTESIAN_POINT('',(3.345696369908,1.9,0.855007838165));
#2738 = VECTOR('',#2739,1.);
#2739 = DIRECTION('',(0.183359460551,0.,-0.983045933935));
#2740 = ORIENTED_EDGE('',*,*,#2741,.T.);
#2741 = EDGE_CURVE('',#2734,#2742,#2744,.T.);
#2742 = VERTEX_POINT('',#2743);
#2743 = CARTESIAN_POINT('',(4.5,1.9,0.3));
#2744 = LINE('',#2745,#2746);
#2745 = CARTESIAN_POINT('',(3.449217410273,1.9,0.3));
#2746 = VECTOR('',#2747,1.);
#2747 = DIRECTION('',(1.,0.,5.28283888351E-17));
#2748 = ORIENTED_EDGE('',*,*,#2749,.T.);
#2749 = EDGE_CURVE('',#2742,#2683,#2750,.T.);
#2750 = LINE('',#2751,#2752);
#2751 = CARTESIAN_POINT('',(4.5,1.9,0.3));
#2752 = VECTOR('',#2753,1.);
#2753 = DIRECTION('',(0.,0.,-1.));
#2754 = PLANE('',#2755);
#2755 = AXIS2_PLACEMENT_3D('',#2756,#2757,#2758);
#2756 = CARTESIAN_POINT('',(3.628410136446,1.9,0.381817717135));
#2757 = DIRECTION('',(0.,1.,0.));
#2758 = DIRECTION('',(0.,-0.,1.));
#2759 = ADVANCED_FACE('',(#2760),#2778,.T.);
#2760 = FACE_BOUND('',#2761,.T.);
#2761 = EDGE_LOOP('',(#2762,#2763,#2764,#2772));
#2762 = ORIENTED_EDGE('',*,*,#1705,.F.);
#2763 = ORIENTED_EDGE('',*,*,#2716,.T.);
#2764 = ORIENTED_EDGE('',*,*,#2765,.T.);
#2765 = EDGE_CURVE('',#2717,#2766,#2768,.T.);
#2766 = VERTEX_POINT('',#2767);
#2767 = CARTESIAN_POINT('',(3.050782589727,2.6,1.1));
#2768 = LINE('',#2769,#2770);
#2769 = CARTESIAN_POINT('',(3.050782589727,1.9,1.1));
#2770 = VECTOR('',#2771,1.);
#2771 = DIRECTION('',(0.,1.,0.));
#2772 = ORIENTED_EDGE('',*,*,#2773,.F.);
#2773 = EDGE_CURVE('',#1698,#2766,#2774,.T.);
#2774 = LINE('',#2775,#2776);
#2775 = CARTESIAN_POINT('',(3.,2.6,1.1));
#2776 = VECTOR('',#2777,1.);
#2777 = DIRECTION('',(1.,0.,0.));
#2778 = PLANE('',#2779);
#2779 = AXIS2_PLACEMENT_3D('',#2780,#2781,#2782);
#2780 = CARTESIAN_POINT('',(3.,2.25,1.1));
#2781 = DIRECTION('',(0.,0.,1.));
#2782 = DIRECTION('',(1.,0.,-0.));
#2783 = ADVANCED_FACE('',(#2784),#2852,.T.);
#2784 = FACE_BOUND('',#2785,.T.);
#2785 = EDGE_LOOP('',(#2786,#2796,#2805,#2813,#2819,#2820,#2821,#2830,
    #2838,#2846));
#2786 = ORIENTED_EDGE('',*,*,#2787,.T.);
#2787 = EDGE_CURVE('',#2788,#2790,#2792,.T.);
#2788 = VERTEX_POINT('',#2789);
#2789 = CARTESIAN_POINT('',(4.5,2.6,0.));
#2790 = VERTEX_POINT('',#2791);
#2791 = CARTESIAN_POINT('',(3.449217410273,2.6,5.551115123126E-17));
#2792 = LINE('',#2793,#2794);
#2793 = CARTESIAN_POINT('',(4.5,2.6,0.));
#2794 = VECTOR('',#2795,1.);
#2795 = DIRECTION('',(-1.,0.,0.));
#2796 = ORIENTED_EDGE('',*,*,#2797,.T.);
#2797 = EDGE_CURVE('',#2790,#2798,#2800,.T.);
#2798 = VERTEX_POINT('',#2799);
#2799 = CARTESIAN_POINT('',(3.154303630092,2.6,0.244992161835));
#2800 = CIRCLE('',#2801,0.3);
#2801 = AXIS2_PLACEMENT_3D('',#2802,#2803,#2804);
#2802 = CARTESIAN_POINT('',(3.449217410273,2.6,0.3));
#2803 = DIRECTION('',(0.,1.,0.));
#2804 = DIRECTION('',(0.,0.,-1.));
#2805 = ORIENTED_EDGE('',*,*,#2806,.T.);
#2806 = EDGE_CURVE('',#2798,#2807,#2809,.T.);
#2807 = VERTEX_POINT('',#2808);
#2808 = CARTESIAN_POINT('',(3.050782589727,2.6,0.8));
#2809 = LINE('',#2810,#2811);
#2810 = CARTESIAN_POINT('',(3.154303630092,2.6,0.244992161835));
#2811 = VECTOR('',#2812,1.);
#2812 = DIRECTION('',(-0.183359460551,0.,0.983045933935));
#2813 = ORIENTED_EDGE('',*,*,#2814,.T.);
#2814 = EDGE_CURVE('',#2807,#1690,#2815,.T.);
#2815 = LINE('',#2816,#2817);
#2816 = CARTESIAN_POINT('',(3.050782589727,2.6,0.8));
#2817 = VECTOR('',#2818,1.);
#2818 = DIRECTION('',(-1.,0.,0.));
#2819 = ORIENTED_EDGE('',*,*,#1697,.T.);
#2820 = ORIENTED_EDGE('',*,*,#2773,.T.);
#2821 = ORIENTED_EDGE('',*,*,#2822,.T.);
#2822 = EDGE_CURVE('',#2766,#2823,#2825,.T.);
#2823 = VERTEX_POINT('',#2824);
#2824 = CARTESIAN_POINT('',(3.345696369908,2.6,0.855007838165));
#2825 = CIRCLE('',#2826,0.3);
#2826 = AXIS2_PLACEMENT_3D('',#2827,#2828,#2829);
#2827 = CARTESIAN_POINT('',(3.050782589727,2.6,0.8));
#2828 = DIRECTION('',(-0.,1.,0.));
#2829 = DIRECTION('',(7.401486830834E-16,0.,1.));
#2830 = ORIENTED_EDGE('',*,*,#2831,.T.);
#2831 = EDGE_CURVE('',#2823,#2832,#2834,.T.);
#2832 = VERTEX_POINT('',#2833);
#2833 = CARTESIAN_POINT('',(3.449217410273,2.6,0.3));
#2834 = LINE('',#2835,#2836);
#2835 = CARTESIAN_POINT('',(3.345696369908,2.6,0.855007838165));
#2836 = VECTOR('',#2837,1.);
#2837 = DIRECTION('',(0.183359460551,0.,-0.983045933935));
#2838 = ORIENTED_EDGE('',*,*,#2839,.T.);
#2839 = EDGE_CURVE('',#2832,#2840,#2842,.T.);
#2840 = VERTEX_POINT('',#2841);
#2841 = CARTESIAN_POINT('',(4.5,2.6,0.3));
#2842 = LINE('',#2843,#2844);
#2843 = CARTESIAN_POINT('',(3.449217410273,2.6,0.3));
#2844 = VECTOR('',#2845,1.);
#2845 = DIRECTION('',(1.,0.,5.28283888351E-17));
#2846 = ORIENTED_EDGE('',*,*,#2847,.T.);
#2847 = EDGE_CURVE('',#2840,#2788,#2848,.T.);
#2848 = LINE('',#2849,#2850);
#2849 = CARTESIAN_POINT('',(4.5,2.6,0.3));
#2850 = VECTOR('',#2851,1.);
#2851 = DIRECTION('',(0.,0.,-1.));
#2852 = PLANE('',#2853);
#2853 = AXIS2_PLACEMENT_3D('',#2854,#2855,#2856);
#2854 = CARTESIAN_POINT('',(3.628410136446,2.6,0.381817717135));
#2855 = DIRECTION('',(0.,1.,0.));
#2856 = DIRECTION('',(0.,-0.,1.));
#2857 = ADVANCED_FACE('',(#2858),#2869,.T.);
#2858 = FACE_BOUND('',#2859,.T.);
#2859 = EDGE_LOOP('',(#2860,#2866,#2867,#2868));
#2860 = ORIENTED_EDGE('',*,*,#2861,.F.);
#2861 = EDGE_CURVE('',#2702,#2807,#2862,.T.);
#2862 = LINE('',#2863,#2864);
#2863 = CARTESIAN_POINT('',(3.050782589727,1.9,0.8));
#2864 = VECTOR('',#2865,1.);
#2865 = DIRECTION('',(0.,1.,0.));
#2866 = ORIENTED_EDGE('',*,*,#2709,.T.);
#2867 = ORIENTED_EDGE('',*,*,#1689,.T.);
#2868 = ORIENTED_EDGE('',*,*,#2814,.F.);
#2869 = PLANE('',#2870);
#2870 = AXIS2_PLACEMENT_3D('',#2871,#2872,#2873);
#2871 = CARTESIAN_POINT('',(3.050782589727,2.25,0.8));
#2872 = DIRECTION('',(-0.,-0.,-1.));
#2873 = DIRECTION('',(-1.,0.,0.));
#2874 = ADVANCED_FACE('',(#2875),#2895,.T.);
#2875 = FACE_BOUND('',#2876,.T.);
#2876 = EDGE_LOOP('',(#2877,#2886,#2887,#2888));
#2877 = ORIENTED_EDGE('',*,*,#2878,.F.);
#2878 = EDGE_CURVE('',#2308,#2879,#2881,.T.);
#2879 = VERTEX_POINT('',#2880);
#2880 = CARTESIAN_POINT('',(-1.55,-1.65,3.75));
#2881 = CIRCLE('',#2882,0.25);
#2882 = AXIS2_PLACEMENT_3D('',#2883,#2884,#2885);
#2883 = CARTESIAN_POINT('',(-1.55,-1.65,3.5));
#2884 = DIRECTION('',(0.,-1.,0.));
#2885 = DIRECTION('',(1.,0.,0.));
#2886 = ORIENTED_EDGE('',*,*,#2315,.T.);
#2887 = ORIENTED_EDGE('',*,*,#2878,.T.);
#2888 = ORIENTED_EDGE('',*,*,#2889,.F.);
#2889 = EDGE_CURVE('',#2879,#2879,#2890,.T.);
#2890 = CIRCLE('',#2891,0.1);
#2891 = AXIS2_PLACEMENT_3D('',#2892,#2893,#2894);
#2892 = CARTESIAN_POINT('',(-1.65,-1.65,3.75));
#2893 = DIRECTION('',(0.,0.,1.));
#2894 = DIRECTION('',(1.,0.,-0.));
#2895 = SURFACE_OF_REVOLUTION('',#2896,#2904);
#2896 = B_SPLINE_CURVE_WITH_KNOTS('',6,(#2897,#2898,#2899,#2900,#2901,
    #2902,#2903),.UNSPECIFIED.,.F.,.F.,(7,7),(0.,1.570796326795),
  .PIECEWISE_BEZIER_KNOTS.);
#2897 = CARTESIAN_POINT('',(-1.3,-1.65,3.5));
#2898 = CARTESIAN_POINT('',(-1.3,-1.65,3.56544984695));
#2899 = CARTESIAN_POINT('',(-1.320556921505,-1.65,3.630894125176));
#2900 = CARTESIAN_POINT('',(-1.36170246259,-1.65,3.68829753741));
#2901 = CARTESIAN_POINT('',(-1.419105874824,-1.65,3.729443078495));
#2902 = CARTESIAN_POINT('',(-1.48455015305,-1.65,3.75));
#2903 = CARTESIAN_POINT('',(-1.55,-1.65,3.75));
#2904 = AXIS1_PLACEMENT('',#2905,#2906);
#2905 = CARTESIAN_POINT('',(-1.65,-1.65,3.5));
#2906 = DIRECTION('',(0.,0.,1.));
#2907 = ADVANCED_FACE('',(#2908),#2928,.T.);
#2908 = FACE_BOUND('',#2909,.T.);
#2909 = EDGE_LOOP('',(#2910,#2919,#2920,#2921));
#2910 = ORIENTED_EDGE('',*,*,#2911,.F.);
#2911 = EDGE_CURVE('',#2333,#2912,#2914,.T.);
#2912 = VERTEX_POINT('',#2913);
#2913 = CARTESIAN_POINT('',(1.75,-1.65,3.75));
#2914 = CIRCLE('',#2915,0.25);
#2915 = AXIS2_PLACEMENT_3D('',#2916,#2917,#2918);
#2916 = CARTESIAN_POINT('',(1.75,-1.65,3.5));
#2917 = DIRECTION('',(0.,-1.,0.));
#2918 = DIRECTION('',(1.,0.,0.));
#2919 = ORIENTED_EDGE('',*,*,#2340,.T.);
#2920 = ORIENTED_EDGE('',*,*,#2911,.T.);
#2921 = ORIENTED_EDGE('',*,*,#2922,.F.);
#2922 = EDGE_CURVE('',#2912,#2912,#2923,.T.);
#2923 = CIRCLE('',#2924,0.1);
#2924 = AXIS2_PLACEMENT_3D('',#2925,#2926,#2927);
#2925 = CARTESIAN_POINT('',(1.65,-1.65,3.75));
#2926 = DIRECTION('',(0.,0.,1.));
#2927 = DIRECTION('',(1.,0.,-0.));
#2928 = SURFACE_OF_REVOLUTION('',#2929,#2937);
#2929 = B_SPLINE_CURVE_WITH_KNOTS('',6,(#2930,#2931,#2932,#2933,#2934,
    #2935,#2936),.UNSPECIFIED.,.F.,.F.,(7,7),(0.,1.570796326795),
  .PIECEWISE_BEZIER_KNOTS.);
#2930 = CARTESIAN_POINT('',(2.,-1.65,3.5));
#2931 = CARTESIAN_POINT('',(2.,-1.65,3.56544984695));
#2932 = CARTESIAN_POINT('',(1.979443078495,-1.65,3.630894125176));
#2933 = CARTESIAN_POINT('',(1.93829753741,-1.65,3.68829753741));
#2934 = CARTESIAN_POINT('',(1.880894125176,-1.65,3.729443078495));
#2935 = CARTESIAN_POINT('',(1.81544984695,-1.65,3.75));
#2936 = CARTESIAN_POINT('',(1.75,-1.65,3.75));
#2937 = AXIS1_PLACEMENT('',#2938,#2939);
#2938 = CARTESIAN_POINT('',(1.65,-1.65,3.5));
#2939 = DIRECTION('',(0.,0.,1.));
#2940 = ADVANCED_FACE('',(#2941),#2961,.T.);
#2941 = FACE_BOUND('',#2942,.T.);
#2942 = EDGE_LOOP('',(#2943,#2952,#2953,#2954));
#2943 = ORIENTED_EDGE('',*,*,#2944,.F.);
#2944 = EDGE_CURVE('',#2358,#2945,#2947,.T.);
#2945 = VERTEX_POINT('',#2946);
#2946 = CARTESIAN_POINT('',(-1.55,1.65,3.75));
#2947 = CIRCLE('',#2948,0.25);
#2948 = AXIS2_PLACEMENT_3D('',#2949,#2950,#2951);
#2949 = CARTESIAN_POINT('',(-1.55,1.65,3.5));
#2950 = DIRECTION('',(0.,-1.,0.));
#2951 = DIRECTION('',(1.,0.,0.));
#2952 = ORIENTED_EDGE('',*,*,#2365,.T.);
#2953 = ORIENTED_EDGE('',*,*,#2944,.T.);
#2954 = ORIENTED_EDGE('',*,*,#2955,.F.);
#2955 = EDGE_CURVE('',#2945,#2945,#2956,.T.);
#2956 = CIRCLE('',#2957,0.1);
#2957 = AXIS2_PLACEMENT_3D('',#2958,#2959,#2960);
#2958 = CARTESIAN_POINT('',(-1.65,1.65,3.75));
#2959 = DIRECTION('',(0.,0.,1.));
#2960 = DIRECTION('',(1.,0.,-0.));
#2961 = SURFACE_OF_REVOLUTION('',#2962,#2970);
#2962 = B_SPLINE_CURVE_WITH_KNOTS('',6,(#2963,#2964,#2965,#2966,#2967,
    #2968,#2969),.UNSPECIFIED.,.F.,.F.,(7,7),(0.,1.570796326795),
  .PIECEWISE_BEZIER_KNOTS.);
#2963 = CARTESIAN_POINT('',(-1.3,1.65,3.5));
#2964 = CARTESIAN_POINT('',(-1.3,1.65,3.56544984695));
#2965 = CARTESIAN_POINT('',(-1.320556921505,1.65,3.630894125176));
#2966 = CARTESIAN_POINT('',(-1.36170246259,1.65,3.68829753741));
#2967 = CARTESIAN_POINT('',(-1.419105874824,1.65,3.729443078495));
#2968 = CARTESIAN_POINT('',(-1.48455015305,1.65,3.75));
#2969 = CARTESIAN_POINT('',(-1.55,1.65,3.75));
#2970 = AXIS1_PLACEMENT('',#2971,#2972);
#2971 = CARTESIAN_POINT('',(-1.65,1.65,3.5));
#2972 = DIRECTION('',(0.,0.,1.));
#2973 = ADVANCED_FACE('',(#2974,#2977),#2988,.T.);
#2974 = FACE_BOUND('',#2975,.T.);
#2975 = EDGE_LOOP('',(#2976));
#2976 = ORIENTED_EDGE('',*,*,#2389,.T.);
#2977 = FACE_BOUND('',#2978,.T.);
#2978 = EDGE_LOOP('',(#2979));
#2979 = ORIENTED_EDGE('',*,*,#2980,.F.);
#2980 = EDGE_CURVE('',#2981,#2981,#2983,.T.);
#2981 = VERTEX_POINT('',#2982);
#2982 = CARTESIAN_POINT('',(1.75,0.,3.15));
#2983 = CIRCLE('',#2984,1.75);
#2984 = AXIS2_PLACEMENT_3D('',#2985,#2986,#2987);
#2985 = CARTESIAN_POINT('',(0.,0.,3.15));
#2986 = DIRECTION('',(0.,0.,1.));
#2987 = DIRECTION('',(1.,0.,-0.));
#2988 = PLANE('',#2989);
#2989 = AXIS2_PLACEMENT_3D('',#2990,#2991,#2992);
#2990 = CARTESIAN_POINT('',(0.,0.,3.15));
#2991 = DIRECTION('',(0.,0.,1.));
#2992 = DIRECTION('',(1.,0.,-0.));
#2993 = ADVANCED_FACE('',(#2994),#3014,.T.);
#2994 = FACE_BOUND('',#2995,.T.);
#2995 = EDGE_LOOP('',(#2996,#3005,#3006,#3007));
#2996 = ORIENTED_EDGE('',*,*,#2997,.F.);
#2997 = EDGE_CURVE('',#2408,#2998,#3000,.T.);
#2998 = VERTEX_POINT('',#2999);
#2999 = CARTESIAN_POINT('',(1.75,1.65,3.75));
#3000 = CIRCLE('',#3001,0.25);
#3001 = AXIS2_PLACEMENT_3D('',#3002,#3003,#3004);
#3002 = CARTESIAN_POINT('',(1.75,1.65,3.5));
#3003 = DIRECTION('',(0.,-1.,0.));
#3004 = DIRECTION('',(1.,0.,0.));
#3005 = ORIENTED_EDGE('',*,*,#2415,.T.);
#3006 = ORIENTED_EDGE('',*,*,#2997,.T.);
#3007 = ORIENTED_EDGE('',*,*,#3008,.F.);
#3008 = EDGE_CURVE('',#2998,#2998,#3009,.T.);
#3009 = CIRCLE('',#3010,0.1);
#3010 = AXIS2_PLACEMENT_3D('',#3011,#3012,#3013);
#3011 = CARTESIAN_POINT('',(1.65,1.65,3.75));
#3012 = DIRECTION('',(0.,0.,1.));
#3013 = DIRECTION('',(1.,0.,-0.));
#3014 = SURFACE_OF_REVOLUTION('',#3015,#3023);
#3015 = B_SPLINE_CURVE_WITH_KNOTS('',6,(#3016,#3017,#3018,#3019,#3020,
    #3021,#3022),.UNSPECIFIED.,.F.,.F.,(7,7),(0.,1.570796326795),
  .PIECEWISE_BEZIER_KNOTS.);
#3016 = CARTESIAN_POINT('',(2.,1.65,3.5));
#3017 = CARTESIAN_POINT('',(2.,1.65,3.56544984695));
#3018 = CARTESIAN_POINT('',(1.979443078495,1.65,3.630894125176));
#3019 = CARTESIAN_POINT('',(1.93829753741,1.65,3.68829753741));
#3020 = CARTESIAN_POINT('',(1.880894125176,1.65,3.729443078495));
#3021 = CARTESIAN_POINT('',(1.81544984695,1.65,3.75));
#3022 = CARTESIAN_POINT('',(1.75,1.65,3.75));
#3023 = AXIS1_PLACEMENT('',#3024,#3025);
#3024 = CARTESIAN_POINT('',(1.65,1.65,3.5));
#3025 = DIRECTION('',(0.,0.,1.));
#3026 = ADVANCED_FACE('',(#3027),#3043,.T.);
#3027 = FACE_BOUND('',#3028,.T.);
#3028 = EDGE_LOOP('',(#3029,#3030,#3036,#3037));
#3029 = ORIENTED_EDGE('',*,*,#2486,.T.);
#3030 = ORIENTED_EDGE('',*,*,#3031,.T.);
#3031 = EDGE_CURVE('',#2489,#2594,#3032,.T.);
#3032 = LINE('',#3033,#3034);
#3033 = CARTESIAN_POINT('',(3.449217410273,-2.6,5.551115123126E-17));
#3034 = VECTOR('',#3035,1.);
#3035 = DIRECTION('',(0.,1.,0.));
#3036 = ORIENTED_EDGE('',*,*,#2591,.F.);
#3037 = ORIENTED_EDGE('',*,*,#3038,.T.);
#3038 = EDGE_CURVE('',#2592,#2487,#3039,.T.);
#3039 = LINE('',#3040,#3041);
#3040 = CARTESIAN_POINT('',(4.5,-1.9,0.));
#3041 = VECTOR('',#3042,1.);
#3042 = DIRECTION('',(0.,-1.,0.));
#3043 = PLANE('',#3044);
#3044 = AXIS2_PLACEMENT_3D('',#3045,#3046,#3047);
#3045 = CARTESIAN_POINT('',(4.5,-2.25,0.));
#3046 = DIRECTION('',(-0.,-0.,-1.));
#3047 = DIRECTION('',(-1.,0.,0.));
#3048 = ADVANCED_FACE('',(#3049),#3060,.T.);
#3049 = FACE_BOUND('',#3050,.T.);
#3050 = EDGE_LOOP('',(#3051,#3052,#3053,#3059));
#3051 = ORIENTED_EDGE('',*,*,#3031,.F.);
#3052 = ORIENTED_EDGE('',*,*,#2496,.T.);
#3053 = ORIENTED_EDGE('',*,*,#3054,.T.);
#3054 = EDGE_CURVE('',#2497,#2602,#3055,.T.);
#3055 = LINE('',#3056,#3057);
#3056 = CARTESIAN_POINT('',(3.154303630092,-2.6,0.244992161835));
#3057 = VECTOR('',#3058,1.);
#3058 = DIRECTION('',(0.,1.,0.));
#3059 = ORIENTED_EDGE('',*,*,#2601,.F.);
#3060 = CYLINDRICAL_SURFACE('',#3061,0.3);
#3061 = AXIS2_PLACEMENT_3D('',#3062,#3063,#3064);
#3062 = CARTESIAN_POINT('',(3.449217410273,-2.25,0.3));
#3063 = DIRECTION('',(0.,1.,0.));
#3064 = DIRECTION('',(0.,0.,-1.));
#3065 = ADVANCED_FACE('',(#3066),#3072,.T.);
#3066 = FACE_BOUND('',#3067,.T.);
#3067 = EDGE_LOOP('',(#3068,#3069,#3070,#3071));
#3068 = ORIENTED_EDGE('',*,*,#3054,.F.);
#3069 = ORIENTED_EDGE('',*,*,#2505,.T.);
#3070 = ORIENTED_EDGE('',*,*,#2665,.T.);
#3071 = ORIENTED_EDGE('',*,*,#2610,.F.);
#3072 = PLANE('',#3073);
#3073 = AXIS2_PLACEMENT_3D('',#3074,#3075,#3076);
#3074 = CARTESIAN_POINT('',(3.154303630092,-2.25,0.244992161835));
#3075 = DIRECTION('',(-0.983045933935,-0.,-0.183359460551));
#3076 = DIRECTION('',(-0.183359460551,0.,0.983045933935));
#3077 = ADVANCED_FACE('',(#3078),#3089,.T.);
#3078 = FACE_BOUND('',#3079,.T.);
#3079 = EDGE_LOOP('',(#3080,#3081,#3082,#3088));
#3080 = ORIENTED_EDGE('',*,*,#2569,.F.);
#3081 = ORIENTED_EDGE('',*,*,#2528,.T.);
#3082 = ORIENTED_EDGE('',*,*,#3083,.T.);
#3083 = EDGE_CURVE('',#2529,#2627,#3084,.T.);
#3084 = LINE('',#3085,#3086);
#3085 = CARTESIAN_POINT('',(3.345696369908,-2.6,0.855007838165));
#3086 = VECTOR('',#3087,1.);
#3087 = DIRECTION('',(0.,1.,0.));
#3088 = ORIENTED_EDGE('',*,*,#2626,.F.);
#3089 = CYLINDRICAL_SURFACE('',#3090,0.3);
#3090 = AXIS2_PLACEMENT_3D('',#3091,#3092,#3093);
#3091 = CARTESIAN_POINT('',(3.050782589727,-2.25,0.8));
#3092 = DIRECTION('',(0.,1.,0.));
#3093 = DIRECTION('',(7.401486830834E-16,-0.,1.));
#3094 = ADVANCED_FACE('',(#3095),#3106,.T.);
#3095 = FACE_BOUND('',#3096,.T.);
#3096 = EDGE_LOOP('',(#3097,#3098,#3099,#3105));
#3097 = ORIENTED_EDGE('',*,*,#3083,.F.);
#3098 = ORIENTED_EDGE('',*,*,#2537,.T.);
#3099 = ORIENTED_EDGE('',*,*,#3100,.F.);
#3100 = EDGE_CURVE('',#2636,#2538,#3101,.T.);
#3101 = LINE('',#3102,#3103);
#3102 = CARTESIAN_POINT('',(3.449217410273,-1.9,0.3));
#3103 = VECTOR('',#3104,1.);
#3104 = DIRECTION('',(0.,-1.,0.));
#3105 = ORIENTED_EDGE('',*,*,#2635,.F.);
#3106 = PLANE('',#3107);
#3107 = AXIS2_PLACEMENT_3D('',#3108,#3109,#3110);
#3108 = CARTESIAN_POINT('',(3.345696369908,-2.25,0.855007838165));
#3109 = DIRECTION('',(0.983045933935,0.,0.183359460551));
#3110 = DIRECTION('',(0.183359460551,0.,-0.983045933935));
#3111 = ADVANCED_FACE('',(#3112),#3123,.T.);
#3112 = FACE_BOUND('',#3113,.T.);
#3113 = EDGE_LOOP('',(#3114,#3115,#3121,#3122));
#3114 = ORIENTED_EDGE('',*,*,#2545,.T.);
#3115 = ORIENTED_EDGE('',*,*,#3116,.F.);
#3116 = EDGE_CURVE('',#2644,#2546,#3117,.T.);
#3117 = LINE('',#3118,#3119);
#3118 = CARTESIAN_POINT('',(4.5,-1.9,0.3));
#3119 = VECTOR('',#3120,1.);
#3120 = DIRECTION('',(0.,-1.,0.));
#3121 = ORIENTED_EDGE('',*,*,#2643,.F.);
#3122 = ORIENTED_EDGE('',*,*,#3100,.T.);
#3123 = PLANE('',#3124);
#3124 = AXIS2_PLACEMENT_3D('',#3125,#3126,#3127);
#3125 = CARTESIAN_POINT('',(3.449217410273,-2.25,0.3));
#3126 = DIRECTION('',(-5.28283888351E-17,0.,1.));
#3127 = DIRECTION('',(1.,0.,5.28283888351E-17));
#3128 = ADVANCED_FACE('',(#3129),#3135,.T.);
#3129 = FACE_BOUND('',#3130,.T.);
#3130 = EDGE_LOOP('',(#3131,#3132,#3133,#3134));
#3131 = ORIENTED_EDGE('',*,*,#2553,.T.);
#3132 = ORIENTED_EDGE('',*,*,#3038,.F.);
#3133 = ORIENTED_EDGE('',*,*,#2651,.F.);
#3134 = ORIENTED_EDGE('',*,*,#3116,.T.);
#3135 = PLANE('',#3136);
#3136 = AXIS2_PLACEMENT_3D('',#3137,#3138,#3139);
#3137 = CARTESIAN_POINT('',(4.5,-2.25,0.3));
#3138 = DIRECTION('',(1.,0.,0.));
#3139 = DIRECTION('',(0.,0.,-1.));
#3140 = ADVANCED_FACE('',(#3141),#3157,.T.);
#3141 = FACE_BOUND('',#3142,.T.);
#3142 = EDGE_LOOP('',(#3143,#3144,#3150,#3151));
#3143 = ORIENTED_EDGE('',*,*,#2682,.T.);
#3144 = ORIENTED_EDGE('',*,*,#3145,.T.);
#3145 = EDGE_CURVE('',#2685,#2790,#3146,.T.);
#3146 = LINE('',#3147,#3148);
#3147 = CARTESIAN_POINT('',(3.449217410273,1.9,5.551115123126E-17));
#3148 = VECTOR('',#3149,1.);
#3149 = DIRECTION('',(0.,1.,0.));
#3150 = ORIENTED_EDGE('',*,*,#2787,.F.);
#3151 = ORIENTED_EDGE('',*,*,#3152,.T.);
#3152 = EDGE_CURVE('',#2788,#2683,#3153,.T.);
#3153 = LINE('',#3154,#3155);
#3154 = CARTESIAN_POINT('',(4.5,2.6,0.));
#3155 = VECTOR('',#3156,1.);
#3156 = DIRECTION('',(0.,-1.,0.));
#3157 = PLANE('',#3158);
#3158 = AXIS2_PLACEMENT_3D('',#3159,#3160,#3161);
#3159 = CARTESIAN_POINT('',(4.5,2.25,0.));
#3160 = DIRECTION('',(-0.,-0.,-1.));
#3161 = DIRECTION('',(-1.,0.,0.));
#3162 = ADVANCED_FACE('',(#3163),#3174,.T.);
#3163 = FACE_BOUND('',#3164,.T.);
#3164 = EDGE_LOOP('',(#3165,#3166,#3167,#3173));
#3165 = ORIENTED_EDGE('',*,*,#3145,.F.);
#3166 = ORIENTED_EDGE('',*,*,#2692,.T.);
#3167 = ORIENTED_EDGE('',*,*,#3168,.T.);
#3168 = EDGE_CURVE('',#2693,#2798,#3169,.T.);
#3169 = LINE('',#3170,#3171);
#3170 = CARTESIAN_POINT('',(3.154303630092,1.9,0.244992161835));
#3171 = VECTOR('',#3172,1.);
#3172 = DIRECTION('',(0.,1.,0.));
#3173 = ORIENTED_EDGE('',*,*,#2797,.F.);
#3174 = CYLINDRICAL_SURFACE('',#3175,0.3);
#3175 = AXIS2_PLACEMENT_3D('',#3176,#3177,#3178);
#3176 = CARTESIAN_POINT('',(3.449217410273,2.25,0.3));
#3177 = DIRECTION('',(0.,1.,0.));
#3178 = DIRECTION('',(0.,0.,-1.));
#3179 = ADVANCED_FACE('',(#3180),#3186,.T.);
#3180 = FACE_BOUND('',#3181,.T.);
#3181 = EDGE_LOOP('',(#3182,#3183,#3184,#3185));
#3182 = ORIENTED_EDGE('',*,*,#3168,.F.);
#3183 = ORIENTED_EDGE('',*,*,#2701,.T.);
#3184 = ORIENTED_EDGE('',*,*,#2861,.T.);
#3185 = ORIENTED_EDGE('',*,*,#2806,.F.);
#3186 = PLANE('',#3187);
#3187 = AXIS2_PLACEMENT_3D('',#3188,#3189,#3190);
#3188 = CARTESIAN_POINT('',(3.154303630092,2.25,0.244992161835));
#3189 = DIRECTION('',(-0.983045933935,-0.,-0.183359460551));
#3190 = DIRECTION('',(-0.183359460551,0.,0.983045933935));
#3191 = ADVANCED_FACE('',(#3192),#3203,.T.);
#3192 = FACE_BOUND('',#3193,.T.);
#3193 = EDGE_LOOP('',(#3194,#3195,#3196,#3202));
#3194 = ORIENTED_EDGE('',*,*,#2765,.F.);
#3195 = ORIENTED_EDGE('',*,*,#2724,.T.);
#3196 = ORIENTED_EDGE('',*,*,#3197,.T.);
#3197 = EDGE_CURVE('',#2725,#2823,#3198,.T.);
#3198 = LINE('',#3199,#3200);
#3199 = CARTESIAN_POINT('',(3.345696369908,1.9,0.855007838165));
#3200 = VECTOR('',#3201,1.);
#3201 = DIRECTION('',(0.,1.,0.));
#3202 = ORIENTED_EDGE('',*,*,#2822,.F.);
#3203 = CYLINDRICAL_SURFACE('',#3204,0.3);
#3204 = AXIS2_PLACEMENT_3D('',#3205,#3206,#3207);
#3205 = CARTESIAN_POINT('',(3.050782589727,2.25,0.8));
#3206 = DIRECTION('',(0.,1.,0.));
#3207 = DIRECTION('',(7.401486830834E-16,-0.,1.));
#3208 = ADVANCED_FACE('',(#3209),#3220,.T.);
#3209 = FACE_BOUND('',#3210,.T.);
#3210 = EDGE_LOOP('',(#3211,#3212,#3213,#3219));
#3211 = ORIENTED_EDGE('',*,*,#3197,.F.);
#3212 = ORIENTED_EDGE('',*,*,#2733,.T.);
#3213 = ORIENTED_EDGE('',*,*,#3214,.F.);
#3214 = EDGE_CURVE('',#2832,#2734,#3215,.T.);
#3215 = LINE('',#3216,#3217);
#3216 = CARTESIAN_POINT('',(3.449217410273,2.6,0.3));
#3217 = VECTOR('',#3218,1.);
#3218 = DIRECTION('',(0.,-1.,0.));
#3219 = ORIENTED_EDGE('',*,*,#2831,.F.);
#3220 = PLANE('',#3221);
#3221 = AXIS2_PLACEMENT_3D('',#3222,#3223,#3224);
#3222 = CARTESIAN_POINT('',(3.345696369908,2.25,0.855007838165));
#3223 = DIRECTION('',(0.983045933935,0.,0.183359460551));
#3224 = DIRECTION('',(0.183359460551,0.,-0.983045933935));
#3225 = ADVANCED_FACE('',(#3226),#3237,.T.);
#3226 = FACE_BOUND('',#3227,.T.);
#3227 = EDGE_LOOP('',(#3228,#3229,#3235,#3236));
#3228 = ORIENTED_EDGE('',*,*,#2741,.T.);
#3229 = ORIENTED_EDGE('',*,*,#3230,.F.);
#3230 = EDGE_CURVE('',#2840,#2742,#3231,.T.);
#3231 = LINE('',#3232,#3233);
#3232 = CARTESIAN_POINT('',(4.5,2.6,0.3));
#3233 = VECTOR('',#3234,1.);
#3234 = DIRECTION('',(0.,-1.,0.));
#3235 = ORIENTED_EDGE('',*,*,#2839,.F.);
#3236 = ORIENTED_EDGE('',*,*,#3214,.T.);
#3237 = PLANE('',#3238);
#3238 = AXIS2_PLACEMENT_3D('',#3239,#3240,#3241);
#3239 = CARTESIAN_POINT('',(3.449217410273,2.25,0.3));
#3240 = DIRECTION('',(-5.28283888351E-17,0.,1.));
#3241 = DIRECTION('',(1.,0.,5.28283888351E-17));
#3242 = ADVANCED_FACE('',(#3243),#3249,.T.);
#3243 = FACE_BOUND('',#3244,.T.);
#3244 = EDGE_LOOP('',(#3245,#3246,#3247,#3248));
#3245 = ORIENTED_EDGE('',*,*,#2749,.T.);
#3246 = ORIENTED_EDGE('',*,*,#3152,.F.);
#3247 = ORIENTED_EDGE('',*,*,#2847,.F.);
#3248 = ORIENTED_EDGE('',*,*,#3230,.T.);
#3249 = PLANE('',#3250);
#3250 = AXIS2_PLACEMENT_3D('',#3251,#3252,#3253);
#3251 = CARTESIAN_POINT('',(4.5,2.25,0.3));
#3252 = DIRECTION('',(1.,0.,0.));
#3253 = DIRECTION('',(0.,0.,-1.));
#3254 = ADVANCED_FACE('',(#3255),#3258,.T.);
#3255 = FACE_BOUND('',#3256,.T.);
#3256 = EDGE_LOOP('',(#3257));
#3257 = ORIENTED_EDGE('',*,*,#2889,.T.);
#3258 = PLANE('',#3259);
#3259 = AXIS2_PLACEMENT_3D('',#3260,#3261,#3262);
#3260 = CARTESIAN_POINT('',(-1.65,-1.65,3.75));
#3261 = DIRECTION('',(0.,0.,1.));
#3262 = DIRECTION('',(1.,0.,-0.));
#3263 = ADVANCED_FACE('',(#3264),#3267,.T.);
#3264 = FACE_BOUND('',#3265,.T.);
#3265 = EDGE_LOOP('',(#3266));
#3266 = ORIENTED_EDGE('',*,*,#2922,.T.);
#3267 = PLANE('',#3268);
#3268 = AXIS2_PLACEMENT_3D('',#3269,#3270,#3271);
#3269 = CARTESIAN_POINT('',(1.65,-1.65,3.75));
#3270 = DIRECTION('',(0.,0.,1.));
#3271 = DIRECTION('',(1.,0.,-0.));
#3272 = ADVANCED_FACE('',(#3273),#3276,.T.);
#3273 = FACE_BOUND('',#3274,.T.);
#3274 = EDGE_LOOP('',(#3275));
#3275 = ORIENTED_EDGE('',*,*,#2955,.T.);
#3276 = PLANE('',#3277);
#3277 = AXIS2_PLACEMENT_3D('',#3278,#3279,#3280);
#3278 = CARTESIAN_POINT('',(-1.65,1.65,3.75));
#3279 = DIRECTION('',(0.,0.,1.));
#3280 = DIRECTION('',(1.,0.,-0.));
#3281 = ADVANCED_FACE('',(#3282),#3301,.T.);
#3282 = FACE_BOUND('',#3283,.T.);
#3283 = EDGE_LOOP('',(#3284,#3292,#3293,#3294));
#3284 = ORIENTED_EDGE('',*,*,#3285,.F.);
#3285 = EDGE_CURVE('',#2981,#3286,#3288,.T.);
#3286 = VERTEX_POINT('',#3287);
#3287 = CARTESIAN_POINT('',(1.75,0.,4.1));
#3288 = LINE('',#3289,#3290);
#3289 = CARTESIAN_POINT('',(1.75,0.,3.15));
#3290 = VECTOR('',#3291,1.);
#3291 = DIRECTION('',(0.,0.,1.));
#3292 = ORIENTED_EDGE('',*,*,#2980,.T.);
#3293 = ORIENTED_EDGE('',*,*,#3285,.T.);
#3294 = ORIENTED_EDGE('',*,*,#3295,.F.);
#3295 = EDGE_CURVE('',#3286,#3286,#3296,.T.);
#3296 = CIRCLE('',#3297,1.75);
#3297 = AXIS2_PLACEMENT_3D('',#3298,#3299,#3300);
#3298 = CARTESIAN_POINT('',(0.,0.,4.1));
#3299 = DIRECTION('',(0.,0.,1.));
#3300 = DIRECTION('',(1.,0.,-0.));
#3301 = CYLINDRICAL_SURFACE('',#3302,1.75);
#3302 = AXIS2_PLACEMENT_3D('',#3303,#3304,#3305);
#3303 = CARTESIAN_POINT('',(0.,0.,3.15));
#3304 = DIRECTION('',(0.,0.,1.));
#3305 = DIRECTION('',(1.,0.,-0.));
#3306 = ADVANCED_FACE('',(#3307),#3310,.T.);
#3307 = FACE_BOUND('',#3308,.T.);
#3308 = EDGE_LOOP('',(#3309));
#3309 = ORIENTED_EDGE('',*,*,#3008,.T.);
#3310 = PLANE('',#3311);
#3311 = AXIS2_PLACEMENT_3D('',#3312,#3313,#3314);
#3312 = CARTESIAN_POINT('',(1.65,1.65,3.75));
#3313 = DIRECTION('',(0.,0.,1.));
#3314 = DIRECTION('',(1.,0.,-0.));
#3315 = ADVANCED_FACE('',(#3316),#3336,.T.);
#3316 = FACE_BOUND('',#3317,.T.);
#3317 = EDGE_LOOP('',(#3318,#3327,#3328,#3329));
#3318 = ORIENTED_EDGE('',*,*,#3319,.F.);
#3319 = EDGE_CURVE('',#3286,#3320,#3322,.T.);
#3320 = VERTEX_POINT('',#3321);
#3321 = CARTESIAN_POINT('',(1.55,0.,4.3));
#3322 = CIRCLE('',#3323,0.2);
#3323 = AXIS2_PLACEMENT_3D('',#3324,#3325,#3326);
#3324 = CARTESIAN_POINT('',(1.55,0.,4.1));
#3325 = DIRECTION('',(0.,-1.,0.));
#3326 = DIRECTION('',(1.,0.,0.));
#3327 = ORIENTED_EDGE('',*,*,#3295,.T.);
#3328 = ORIENTED_EDGE('',*,*,#3319,.T.);
#3329 = ORIENTED_EDGE('',*,*,#3330,.F.);
#3330 = EDGE_CURVE('',#3320,#3320,#3331,.T.);
#3331 = CIRCLE('',#3332,1.55);
#3332 = AXIS2_PLACEMENT_3D('',#3333,#3334,#3335);
#3333 = CARTESIAN_POINT('',(0.,0.,4.3));
#3334 = DIRECTION('',(0.,0.,1.));
#3335 = DIRECTION('',(1.,0.,-0.));
#3336 = TOROIDAL_SURFACE('',#3337,1.55,0.2);
#3337 = AXIS2_PLACEMENT_3D('',#3338,#3339,#3340);
#3338 = CARTESIAN_POINT('',(0.,0.,4.1));
#3339 = DIRECTION('',(0.,0.,1.));
#3340 = DIRECTION('',(1.,0.,-0.));
#3341 = ADVANCED_FACE('',(#3342),#3345,.T.);
#3342 = FACE_BOUND('',#3343,.T.);
#3343 = EDGE_LOOP('',(#3344));
#3344 = ORIENTED_EDGE('',*,*,#3330,.T.);
#3345 = PLANE('',#3346);
#3346 = AXIS2_PLACEMENT_3D('',#3347,#3348,#3349);
#3347 = CARTESIAN_POINT('',(0.,0.,4.3));
#3348 = DIRECTION('',(0.,0.,1.));
#3349 = DIRECTION('',(1.,0.,-0.));
#3350 = ( GEOMETRIC_REPRESENTATION_CONTEXT(3) 
GLOBAL_UNCERTAINTY_ASSIGNED_CONTEXT((#3354)) 
GLOBAL_UNIT_ASSIGNED_CONTEXT((#3351,#3352,#3353)) REPRESENTATION_CONTEXT
('Context #1','3D Context with UNIT and UNCERTAINTY') );
#3351 = ( LENGTH_UNIT() NAMED_UNIT(*) SI_UNIT(.MILLI.,.METRE.) );
#3352 = ( NAMED_UNIT(*) PLANE_ANGLE_UNIT() SI_UNIT($,.RADIAN.) );
#3353 = ( NAMED_UNIT(*) SI_UNIT($,.STERADIAN.) SOLID_ANGLE_UNIT() );
#3354 = UNCERTAINTY_MEASURE_WITH_UNIT(LENGTH_MEASURE(1.E-07),#3351,
  'distance_accuracy_value','confusion accuracy');
#3355 = CONTEXT_DEPENDENT_SHAPE_REPRESENTATION(#3356,#3358);
#3356 = ( REPRESENTATION_RELATIONSHIP('','',#75,#52) 
REPRESENTATION_RELATIONSHIP_WITH_TRANSFORMATION(#3357) 
SHAPE_REPRESENTATION_RELATIONSHIP() );
#3357 = ITEM_DEFINED_TRANSFORMATION('','',#11,#53);
#3358 = PRODUCT_DEFINITION_SHAPE('Placement','Placement of an item',
  #3359);
#3359 = NEXT_ASSEMBLY_USAGE_OCCURRENCE('1','=>[0:1:1:3]','',#47,#70,$);
#3360 = PRODUCT_RELATED_PRODUCT_CATEGORY('part',$,(#72));
#3361 = CONTEXT_DEPENDENT_SHAPE_REPRESENTATION(#3362,#3364);
#3362 = ( REPRESENTATION_RELATIONSHIP('','',#52,#10) 
REPRESENTATION_RELATIONSHIP_WITH_TRANSFORMATION(#3363) 
SHAPE_REPRESENTATION_RELATIONSHIP() );
#3363 = ITEM_DEFINED_TRANSFORMATION('','',#11,#19);
#3364 = PRODUCT_DEFINITION_SHAPE('Placement','Placement of an item',
  #3365);
#3365 = NEXT_ASSEMBLY_USAGE_OCCURRENCE('3','SW1','',#5,#47,$);
#3366 = SHAPE_DEFINITION_REPRESENTATION(#3367,#3373);
#3367 = PRODUCT_DEFINITION_SHAPE('','',#3368);
#3368 = PRODUCT_DEFINITION('design','',#3369,#3372);
#3369 = PRODUCT_DEFINITION_FORMATION('','',#3370);
#3370 = PRODUCT('PinSocket_1x04_P2.54mm_Vertical',
  'PinSocket_1x04_P2.54mm_Vertical','',(#3371));
#3371 = PRODUCT_CONTEXT('',#2,'mechanical');
#3372 = PRODUCT_DEFINITION_CONTEXT('part definition',#2,'design');
#3373 = SHAPE_REPRESENTATION('',(#11,#3374),#3378);
#3374 = AXIS2_PLACEMENT_3D('',#3375,#3376,#3377);
#3375 = CARTESIAN_POINT('',(0.,0.,0.));
#3376 = DIRECTION('',(0.,0.,1.));
#3377 = DIRECTION('',(1.,0.,-0.));
#3378 = ( GEOMETRIC_REPRESENTATION_CONTEXT(3) 
GLOBAL_UNCERTAINTY_ASSIGNED_CONTEXT((#3382)) 
GLOBAL_UNIT_ASSIGNED_CONTEXT((#3379,#3380,#3381)) REPRESENTATION_CONTEXT
('Context #1','3D Context with UNIT and UNCERTAINTY') );
#3379 = ( LENGTH_UNIT() NAMED_UNIT(*) SI_UNIT(.MILLI.,.METRE.) );
#3380 = ( NAMED_UNIT(*) PLANE_ANGLE_UNIT() SI_UNIT($,.RADIAN.) );
#3381 = ( NAMED_UNIT(*) SI_UNIT($,.STERADIAN.) SOLID_ANGLE_UNIT() );
#3382 = UNCERTAINTY_MEASURE_WITH_UNIT(LENGTH_MEASURE(1.E-07),#3379,
  'distance_accuracy_value','confusion accuracy');
#3383 = CONTEXT_DEPENDENT_SHAPE_REPRESENTATION(#3384,#3386);
#3384 = ( REPRESENTATION_RELATIONSHIP('','',#3373,#10) 
REPRESENTATION_RELATIONSHIP_WITH_TRANSFORMATION(#3385) 
SHAPE_REPRESENTATION_RELATIONSHIP() );
#3385 = ITEM_DEFINED_TRANSFORMATION('','',#11,#23);
#3386 = PRODUCT_DEFINITION_SHAPE('Placement','Placement of an item',
  #3387);
#3387 = NEXT_ASSEMBLY_USAGE_OCCURRENCE('5','J2','',#5,#3368,$);
#3388 = PRODUCT_RELATED_PRODUCT_CATEGORY('part',$,(#3370));
#3389 = SHAPE_DEFINITION_REPRESENTATION(#3390,#3396);
#3390 = PRODUCT_DEFINITION_SHAPE('','',#3391);
#3391 = PRODUCT_DEFINITION('design','',#3392,#3395);
#3392 = PRODUCT_DEFINITION_FORMATION('','',#3393);
#3393 = PRODUCT('PinSocket_1x04_P2.54mm_Vertical',
  'PinSocket_1x04_P2.54mm_Vertical','',(#3394));
#3394 = PRODUCT_CONTEXT('',#2,'mechanical');
#3395 = PRODUCT_DEFINITION_CONTEXT('part definition',#2,'design');
#3396 = ADVANCED_BREP_SHAPE_REPRESENTATION('',(#11,#3397),#6783);
#3397 = MANIFOLD_SOLID_BREP('',#3398);
#3398 = CLOSED_SHELL('',(#3399,#3439,#3502,#3565,#3582,#3735,#3757,#3774
    ,#4055,#4067,#4079,#4110,#4134,#4158,#4175,#4206,#4230,#4254,#4271,
    #4302,#4326,#4350,#4367,#4398,#4422,#4446,#4463,#4480,#4527,#4544,
    #4591,#4608,#4655,#4672,#4719,#4736,#4783,#4800,#4847,#4864,#4911,
    #4928,#4975,#5006,#5062,#5086,#5135,#5166,#5222,#5246,#5295,#5326,
    #5382,#5406,#5455,#5486,#5542,#5566,#5615,#5632,#5649,#5666,#5683,
    #5695,#5712,#5729,#5746,#5763,#5775,#5792,#5809,#5826,#5843,#5855,
    #5872,#5889,#5906,#5923,#5935,#5952,#5969,#6018,#6042,#6084,#6101,
    #6118,#6135,#6184,#6208,#6250,#6267,#6284,#6301,#6350,#6374,#6416,
    #6433,#6450,#6467,#6516,#6540,#6582,#6599,#6616,#6633,#6645,#6662,
    #6679,#6691,#6708,#6725,#6737,#6754,#6771));
#3399 = ADVANCED_FACE('',(#3400),#3434,.F.);
#3400 = FACE_BOUND('',#3401,.F.);
#3401 = EDGE_LOOP('',(#3402,#3412,#3420,#3428));
#3402 = ORIENTED_EDGE('',*,*,#3403,.T.);
#3403 = EDGE_CURVE('',#3404,#3406,#3408,.T.);
#3404 = VERTEX_POINT('',#3405);
#3405 = CARTESIAN_POINT('',(1.27,-8.89,0.));
#3406 = VERTEX_POINT('',#3407);
#3407 = CARTESIAN_POINT('',(1.27,-8.89,8.5));
#3408 = LINE('',#3409,#3410);
#3409 = CARTESIAN_POINT('',(1.27,-8.89,0.));
#3410 = VECTOR('',#3411,1.);
#3411 = DIRECTION('',(0.,0.,1.));
#3412 = ORIENTED_EDGE('',*,*,#3413,.T.);
#3413 = EDGE_CURVE('',#3406,#3414,#3416,.T.);
#3414 = VERTEX_POINT('',#3415);
#3415 = CARTESIAN_POINT('',(1.27,1.27,8.5));
#3416 = LINE('',#3417,#3418);
#3417 = CARTESIAN_POINT('',(1.27,-8.89,8.5));
#3418 = VECTOR('',#3419,1.);
#3419 = DIRECTION('',(1.110223024625E-16,1.,0.));
#3420 = ORIENTED_EDGE('',*,*,#3421,.F.);
#3421 = EDGE_CURVE('',#3422,#3414,#3424,.T.);
#3422 = VERTEX_POINT('',#3423);
#3423 = CARTESIAN_POINT('',(1.27,1.27,0.));
#3424 = LINE('',#3425,#3426);
#3425 = CARTESIAN_POINT('',(1.27,1.27,0.));
#3426 = VECTOR('',#3427,1.);
#3427 = DIRECTION('',(0.,0.,1.));
#3428 = ORIENTED_EDGE('',*,*,#3429,.F.);
#3429 = EDGE_CURVE('',#3404,#3422,#3430,.T.);
#3430 = LINE('',#3431,#3432);
#3431 = CARTESIAN_POINT('',(1.27,-8.89,0.));
#3432 = VECTOR('',#3433,1.);
#3433 = DIRECTION('',(1.110223024625E-16,1.,0.));
#3434 = PLANE('',#3435);
#3435 = AXIS2_PLACEMENT_3D('',#3436,#3437,#3438);
#3436 = CARTESIAN_POINT('',(1.27,-8.89,0.));
#3437 = DIRECTION('',(-1.,1.110223024625E-16,0.));
#3438 = DIRECTION('',(1.110223024625E-16,1.,0.));
#3439 = ADVANCED_FACE('',(#3440),#3497,.F.);
#3440 = FACE_BOUND('',#3441,.F.);
#3441 = EDGE_LOOP('',(#3442,#3452,#3460,#3466,#3467,#3475,#3483,#3491));
#3442 = ORIENTED_EDGE('',*,*,#3443,.F.);
#3443 = EDGE_CURVE('',#3444,#3446,#3448,.T.);
#3444 = VERTEX_POINT('',#3445);
#3445 = CARTESIAN_POINT('',(-1.27,-8.89,0.));
#3446 = VERTEX_POINT('',#3447);
#3447 = CARTESIAN_POINT('',(-0.846666666667,-8.89,0.));
#3448 = LINE('',#3449,#3450);
#3449 = CARTESIAN_POINT('',(-1.27,-8.89,0.));
#3450 = VECTOR('',#3451,1.);
#3451 = DIRECTION('',(1.,-1.110223024625E-16,0.));
#3452 = ORIENTED_EDGE('',*,*,#3453,.T.);
#3453 = EDGE_CURVE('',#3444,#3454,#3456,.T.);
#3454 = VERTEX_POINT('',#3455);
#3455 = CARTESIAN_POINT('',(-1.27,-8.89,8.5));
#3456 = LINE('',#3457,#3458);
#3457 = CARTESIAN_POINT('',(-1.27,-8.89,0.));
#3458 = VECTOR('',#3459,1.);
#3459 = DIRECTION('',(0.,0.,1.));
#3460 = ORIENTED_EDGE('',*,*,#3461,.T.);
#3461 = EDGE_CURVE('',#3454,#3406,#3462,.T.);
#3462 = LINE('',#3463,#3464);
#3463 = CARTESIAN_POINT('',(-1.27,-8.89,8.5));
#3464 = VECTOR('',#3465,1.);
#3465 = DIRECTION('',(1.,-1.110223024625E-16,0.));
#3466 = ORIENTED_EDGE('',*,*,#3403,.F.);
#3467 = ORIENTED_EDGE('',*,*,#3468,.F.);
#3468 = EDGE_CURVE('',#3469,#3404,#3471,.T.);
#3469 = VERTEX_POINT('',#3470);
#3470 = CARTESIAN_POINT('',(0.846666666667,-8.89,0.));
#3471 = LINE('',#3472,#3473);
#3472 = CARTESIAN_POINT('',(-1.27,-8.89,0.));
#3473 = VECTOR('',#3474,1.);
#3474 = DIRECTION('',(1.,-1.110223024625E-16,0.));
#3475 = ORIENTED_EDGE('',*,*,#3476,.T.);
#3476 = EDGE_CURVE('',#3469,#3477,#3479,.T.);
#3477 = VERTEX_POINT('',#3478);
#3478 = CARTESIAN_POINT('',(0.846666666667,-8.89,0.2));
#3479 = LINE('',#3480,#3481);
#3480 = CARTESIAN_POINT('',(0.846666666667,-8.89,0.));
#3481 = VECTOR('',#3482,1.);
#3482 = DIRECTION('',(0.,0.,1.));
#3483 = ORIENTED_EDGE('',*,*,#3484,.F.);
#3484 = EDGE_CURVE('',#3485,#3477,#3487,.T.);
#3485 = VERTEX_POINT('',#3486);
#3486 = CARTESIAN_POINT('',(-0.846666666667,-8.89,0.2));
#3487 = LINE('',#3488,#3489);
#3488 = CARTESIAN_POINT('',(-0.846666666667,-8.89,0.2));
#3489 = VECTOR('',#3490,1.);
#3490 = DIRECTION('',(1.,-1.110223024625E-16,0.));
#3491 = ORIENTED_EDGE('',*,*,#3492,.F.);
#3492 = EDGE_CURVE('',#3446,#3485,#3493,.T.);
#3493 = LINE('',#3494,#3495);
#3494 = CARTESIAN_POINT('',(-0.846666666667,-8.89,0.));
#3495 = VECTOR('',#3496,1.);
#3496 = DIRECTION('',(0.,0.,1.));
#3497 = PLANE('',#3498);
#3498 = AXIS2_PLACEMENT_3D('',#3499,#3500,#3501);
#3499 = CARTESIAN_POINT('',(-1.27,-8.89,0.));
#3500 = DIRECTION('',(1.110223024625E-16,1.,0.));
#3501 = DIRECTION('',(1.,-1.110223024625E-16,0.));
#3502 = ADVANCED_FACE('',(#3503),#3560,.F.);
#3503 = FACE_BOUND('',#3504,.F.);
#3504 = EDGE_LOOP('',(#3505,#3513,#3514,#3522,#3530,#3538,#3546,#3554));
#3505 = ORIENTED_EDGE('',*,*,#3506,.F.);
#3506 = EDGE_CURVE('',#3422,#3507,#3509,.T.);
#3507 = VERTEX_POINT('',#3508);
#3508 = CARTESIAN_POINT('',(0.846666666667,1.27,0.));
#3509 = LINE('',#3510,#3511);
#3510 = CARTESIAN_POINT('',(1.27,1.27,0.));
#3511 = VECTOR('',#3512,1.);
#3512 = DIRECTION('',(-1.,1.110223024625E-16,0.));
#3513 = ORIENTED_EDGE('',*,*,#3421,.T.);
#3514 = ORIENTED_EDGE('',*,*,#3515,.T.);
#3515 = EDGE_CURVE('',#3414,#3516,#3518,.T.);
#3516 = VERTEX_POINT('',#3517);
#3517 = CARTESIAN_POINT('',(-1.27,1.27,8.5));
#3518 = LINE('',#3519,#3520);
#3519 = CARTESIAN_POINT('',(1.27,1.27,8.5));
#3520 = VECTOR('',#3521,1.);
#3521 = DIRECTION('',(-1.,1.110223024625E-16,0.));
#3522 = ORIENTED_EDGE('',*,*,#3523,.F.);
#3523 = EDGE_CURVE('',#3524,#3516,#3526,.T.);
#3524 = VERTEX_POINT('',#3525);
#3525 = CARTESIAN_POINT('',(-1.27,1.27,0.));
#3526 = LINE('',#3527,#3528);
#3527 = CARTESIAN_POINT('',(-1.27,1.27,0.));
#3528 = VECTOR('',#3529,1.);
#3529 = DIRECTION('',(0.,0.,1.));
#3530 = ORIENTED_EDGE('',*,*,#3531,.F.);
#3531 = EDGE_CURVE('',#3532,#3524,#3534,.T.);
#3532 = VERTEX_POINT('',#3533);
#3533 = CARTESIAN_POINT('',(-0.846666666667,1.27,0.));
#3534 = LINE('',#3535,#3536);
#3535 = CARTESIAN_POINT('',(1.27,1.27,0.));
#3536 = VECTOR('',#3537,1.);
#3537 = DIRECTION('',(-1.,1.110223024625E-16,0.));
#3538 = ORIENTED_EDGE('',*,*,#3539,.T.);
#3539 = EDGE_CURVE('',#3532,#3540,#3542,.T.);
#3540 = VERTEX_POINT('',#3541);
#3541 = CARTESIAN_POINT('',(-0.846666666667,1.27,0.2));
#3542 = LINE('',#3543,#3544);
#3543 = CARTESIAN_POINT('',(-0.846666666667,1.27,0.));
#3544 = VECTOR('',#3545,1.);
#3545 = DIRECTION('',(0.,0.,1.));
#3546 = ORIENTED_EDGE('',*,*,#3547,.F.);
#3547 = EDGE_CURVE('',#3548,#3540,#3550,.T.);
#3548 = VERTEX_POINT('',#3549);
#3549 = CARTESIAN_POINT('',(0.846666666667,1.27,0.2));
#3550 = LINE('',#3551,#3552);
#3551 = CARTESIAN_POINT('',(0.846666666667,1.27,0.2));
#3552 = VECTOR('',#3553,1.);
#3553 = DIRECTION('',(-1.,1.110223024625E-16,0.));
#3554 = ORIENTED_EDGE('',*,*,#3555,.F.);
#3555 = EDGE_CURVE('',#3507,#3548,#3556,.T.);
#3556 = LINE('',#3557,#3558);
#3557 = CARTESIAN_POINT('',(0.846666666667,1.27,0.));
#3558 = VECTOR('',#3559,1.);
#3559 = DIRECTION('',(0.,0.,1.));
#3560 = PLANE('',#3561);
#3561 = AXIS2_PLACEMENT_3D('',#3562,#3563,#3564);
#3562 = CARTESIAN_POINT('',(1.27,1.27,0.));
#3563 = DIRECTION('',(-1.110223024625E-16,-1.,0.));
#3564 = DIRECTION('',(-1.,1.110223024625E-16,0.));
#3565 = ADVANCED_FACE('',(#3566),#3577,.F.);
#3566 = FACE_BOUND('',#3567,.F.);
#3567 = EDGE_LOOP('',(#3568,#3569,#3570,#3571));
#3568 = ORIENTED_EDGE('',*,*,#3468,.T.);
#3569 = ORIENTED_EDGE('',*,*,#3429,.T.);
#3570 = ORIENTED_EDGE('',*,*,#3506,.T.);
#3571 = ORIENTED_EDGE('',*,*,#3572,.F.);
#3572 = EDGE_CURVE('',#3469,#3507,#3573,.T.);
#3573 = LINE('',#3574,#3575);
#3574 = CARTESIAN_POINT('',(0.846666666667,-8.89,0.));
#3575 = VECTOR('',#3576,1.);
#3576 = DIRECTION('',(1.110223024625E-16,1.,0.));
#3577 = PLANE('',#3578);
#3578 = AXIS2_PLACEMENT_3D('',#3579,#3580,#3581);
#3579 = CARTESIAN_POINT('',(-3.952393967666E-16,-3.81,0.));
#3580 = DIRECTION('',(0.,0.,1.));
#3581 = DIRECTION('',(1.110223024625E-16,1.,-0.));
#3582 = ADVANCED_FACE('',(#3583,#3594,#3628,#3662,#3696),#3730,.T.);
#3583 = FACE_BOUND('',#3584,.T.);
#3584 = EDGE_LOOP('',(#3585,#3586,#3587,#3593));
#3585 = ORIENTED_EDGE('',*,*,#3413,.T.);
#3586 = ORIENTED_EDGE('',*,*,#3515,.T.);
#3587 = ORIENTED_EDGE('',*,*,#3588,.T.);
#3588 = EDGE_CURVE('',#3516,#3454,#3589,.T.);
#3589 = LINE('',#3590,#3591);
#3590 = CARTESIAN_POINT('',(-1.27,1.27,8.5));
#3591 = VECTOR('',#3592,1.);
#3592 = DIRECTION('',(-1.110223024625E-16,-1.,0.));
#3593 = ORIENTED_EDGE('',*,*,#3461,.T.);
#3594 = FACE_BOUND('',#3595,.T.);
#3595 = EDGE_LOOP('',(#3596,#3606,#3614,#3622));
#3596 = ORIENTED_EDGE('',*,*,#3597,.F.);
#3597 = EDGE_CURVE('',#3598,#3600,#3602,.T.);
#3598 = VERTEX_POINT('',#3599);
#3599 = CARTESIAN_POINT('',(0.6,-8.22,8.5));
#3600 = VERTEX_POINT('',#3601);
#3601 = CARTESIAN_POINT('',(0.6,-7.02,8.5));
#3602 = LINE('',#3603,#3604);
#3603 = CARTESIAN_POINT('',(0.6,-8.22,8.5));
#3604 = VECTOR('',#3605,1.);
#3605 = DIRECTION('',(1.110223024625E-16,1.,0.));
#3606 = ORIENTED_EDGE('',*,*,#3607,.F.);
#3607 = EDGE_CURVE('',#3608,#3598,#3610,.T.);
#3608 = VERTEX_POINT('',#3609);
#3609 = CARTESIAN_POINT('',(-0.6,-8.22,8.5));
#3610 = LINE('',#3611,#3612);
#3611 = CARTESIAN_POINT('',(-0.6,-8.22,8.5));
#3612 = VECTOR('',#3613,1.);
#3613 = DIRECTION('',(1.,-1.110223024625E-16,0.));
#3614 = ORIENTED_EDGE('',*,*,#3615,.F.);
#3615 = EDGE_CURVE('',#3616,#3608,#3618,.T.);
#3616 = VERTEX_POINT('',#3617);
#3617 = CARTESIAN_POINT('',(-0.6,-7.02,8.5));
#3618 = LINE('',#3619,#3620);
#3619 = CARTESIAN_POINT('',(-0.6,-7.02,8.5));
#3620 = VECTOR('',#3621,1.);
#3621 = DIRECTION('',(-1.110223024625E-16,-1.,0.));
#3622 = ORIENTED_EDGE('',*,*,#3623,.F.);
#3623 = EDGE_CURVE('',#3600,#3616,#3624,.T.);
#3624 = LINE('',#3625,#3626);
#3625 = CARTESIAN_POINT('',(0.6,-7.02,8.5));
#3626 = VECTOR('',#3627,1.);
#3627 = DIRECTION('',(-1.,1.110223024625E-16,0.));
#3628 = FACE_BOUND('',#3629,.T.);
#3629 = EDGE_LOOP('',(#3630,#3640,#3648,#3656));
#3630 = ORIENTED_EDGE('',*,*,#3631,.F.);
#3631 = EDGE_CURVE('',#3632,#3634,#3636,.T.);
#3632 = VERTEX_POINT('',#3633);
#3633 = CARTESIAN_POINT('',(0.6,-5.68,8.5));
#3634 = VERTEX_POINT('',#3635);
#3635 = CARTESIAN_POINT('',(0.6,-4.48,8.5));
#3636 = LINE('',#3637,#3638);
#3637 = CARTESIAN_POINT('',(0.6,-5.68,8.5));
#3638 = VECTOR('',#3639,1.);
#3639 = DIRECTION('',(1.110223024625E-16,1.,0.));
#3640 = ORIENTED_EDGE('',*,*,#3641,.F.);
#3641 = EDGE_CURVE('',#3642,#3632,#3644,.T.);
#3642 = VERTEX_POINT('',#3643);
#3643 = CARTESIAN_POINT('',(-0.6,-5.68,8.5));
#3644 = LINE('',#3645,#3646);
#3645 = CARTESIAN_POINT('',(-0.6,-5.68,8.5));
#3646 = VECTOR('',#3647,1.);
#3647 = DIRECTION('',(1.,-1.110223024625E-16,0.));
#3648 = ORIENTED_EDGE('',*,*,#3649,.F.);
#3649 = EDGE_CURVE('',#3650,#3642,#3652,.T.);
#3650 = VERTEX_POINT('',#3651);
#3651 = CARTESIAN_POINT('',(-0.6,-4.48,8.5));
#3652 = LINE('',#3653,#3654);
#3653 = CARTESIAN_POINT('',(-0.6,-4.48,8.5));
#3654 = VECTOR('',#3655,1.);
#3655 = DIRECTION('',(-1.110223024625E-16,-1.,0.));
#3656 = ORIENTED_EDGE('',*,*,#3657,.F.);
#3657 = EDGE_CURVE('',#3634,#3650,#3658,.T.);
#3658 = LINE('',#3659,#3660);
#3659 = CARTESIAN_POINT('',(0.6,-4.48,8.5));
#3660 = VECTOR('',#3661,1.);
#3661 = DIRECTION('',(-1.,1.110223024625E-16,0.));
#3662 = FACE_BOUND('',#3663,.T.);
#3663 = EDGE_LOOP('',(#3664,#3674,#3682,#3690));
#3664 = ORIENTED_EDGE('',*,*,#3665,.F.);
#3665 = EDGE_CURVE('',#3666,#3668,#3670,.T.);
#3666 = VERTEX_POINT('',#3667);
#3667 = CARTESIAN_POINT('',(0.6,-3.14,8.5));
#3668 = VERTEX_POINT('',#3669);
#3669 = CARTESIAN_POINT('',(0.6,-1.94,8.5));
#3670 = LINE('',#3671,#3672);
#3671 = CARTESIAN_POINT('',(0.6,-3.14,8.5));
#3672 = VECTOR('',#3673,1.);
#3673 = DIRECTION('',(1.110223024625E-16,1.,0.));
#3674 = ORIENTED_EDGE('',*,*,#3675,.F.);
#3675 = EDGE_CURVE('',#3676,#3666,#3678,.T.);
#3676 = VERTEX_POINT('',#3677);
#3677 = CARTESIAN_POINT('',(-0.6,-3.14,8.5));
#3678 = LINE('',#3679,#3680);
#3679 = CARTESIAN_POINT('',(-0.6,-3.14,8.5));
#3680 = VECTOR('',#3681,1.);
#3681 = DIRECTION('',(1.,-1.110223024625E-16,0.));
#3682 = ORIENTED_EDGE('',*,*,#3683,.F.);
#3683 = EDGE_CURVE('',#3684,#3676,#3686,.T.);
#3684 = VERTEX_POINT('',#3685);
#3685 = CARTESIAN_POINT('',(-0.6,-1.94,8.5));
#3686 = LINE('',#3687,#3688);
#3687 = CARTESIAN_POINT('',(-0.6,-1.94,8.5));
#3688 = VECTOR('',#3689,1.);
#3689 = DIRECTION('',(-1.110223024625E-16,-1.,0.));
#3690 = ORIENTED_EDGE('',*,*,#3691,.F.);
#3691 = EDGE_CURVE('',#3668,#3684,#3692,.T.);
#3692 = LINE('',#3693,#3694);
#3693 = CARTESIAN_POINT('',(0.6,-1.94,8.5));
#3694 = VECTOR('',#3695,1.);
#3695 = DIRECTION('',(-1.,1.110223024625E-16,0.));
#3696 = FACE_BOUND('',#3697,.T.);
#3697 = EDGE_LOOP('',(#3698,#3708,#3716,#3724));
#3698 = ORIENTED_EDGE('',*,*,#3699,.F.);
#3699 = EDGE_CURVE('',#3700,#3702,#3704,.T.);
#3700 = VERTEX_POINT('',#3701);
#3701 = CARTESIAN_POINT('',(0.6,-0.6,8.5));
#3702 = VERTEX_POINT('',#3703);
#3703 = CARTESIAN_POINT('',(0.6,0.6,8.5));
#3704 = LINE('',#3705,#3706);
#3705 = CARTESIAN_POINT('',(0.6,-0.6,8.5));
#3706 = VECTOR('',#3707,1.);
#3707 = DIRECTION('',(1.110223024625E-16,1.,0.));
#3708 = ORIENTED_EDGE('',*,*,#3709,.F.);
#3709 = EDGE_CURVE('',#3710,#3700,#3712,.T.);
#3710 = VERTEX_POINT('',#3711);
#3711 = CARTESIAN_POINT('',(-0.6,-0.6,8.5));
#3712 = LINE('',#3713,#3714);
#3713 = CARTESIAN_POINT('',(-0.6,-0.6,8.5));
#3714 = VECTOR('',#3715,1.);
#3715 = DIRECTION('',(1.,-1.110223024625E-16,0.));
#3716 = ORIENTED_EDGE('',*,*,#3717,.F.);
#3717 = EDGE_CURVE('',#3718,#3710,#3720,.T.);
#3718 = VERTEX_POINT('',#3719);
#3719 = CARTESIAN_POINT('',(-0.6,0.6,8.5));
#3720 = LINE('',#3721,#3722);
#3721 = CARTESIAN_POINT('',(-0.6,0.6,8.5));
#3722 = VECTOR('',#3723,1.);
#3723 = DIRECTION('',(-1.110223024625E-16,-1.,0.));
#3724 = ORIENTED_EDGE('',*,*,#3725,.F.);
#3725 = EDGE_CURVE('',#3702,#3718,#3726,.T.);
#3726 = LINE('',#3727,#3728);
#3727 = CARTESIAN_POINT('',(0.6,0.6,8.5));
#3728 = VECTOR('',#3729,1.);
#3729 = DIRECTION('',(-1.,1.110223024625E-16,0.));
#3730 = PLANE('',#3731);
#3731 = AXIS2_PLACEMENT_3D('',#3732,#3733,#3734);
#3732 = CARTESIAN_POINT('',(-3.952393967666E-16,-3.81,8.5));
#3733 = DIRECTION('',(0.,0.,1.));
#3734 = DIRECTION('',(1.110223024625E-16,1.,-0.));
#3735 = ADVANCED_FACE('',(#3736),#3752,.F.);
#3736 = FACE_BOUND('',#3737,.F.);
#3737 = EDGE_LOOP('',(#3738,#3739,#3745,#3746));
#3738 = ORIENTED_EDGE('',*,*,#3443,.T.);
#3739 = ORIENTED_EDGE('',*,*,#3740,.F.);
#3740 = EDGE_CURVE('',#3532,#3446,#3741,.T.);
#3741 = LINE('',#3742,#3743);
#3742 = CARTESIAN_POINT('',(-0.846666666667,1.27,0.));
#3743 = VECTOR('',#3744,1.);
#3744 = DIRECTION('',(-1.110223024625E-16,-1.,0.));
#3745 = ORIENTED_EDGE('',*,*,#3531,.T.);
#3746 = ORIENTED_EDGE('',*,*,#3747,.T.);
#3747 = EDGE_CURVE('',#3524,#3444,#3748,.T.);
#3748 = LINE('',#3749,#3750);
#3749 = CARTESIAN_POINT('',(-1.27,1.27,0.));
#3750 = VECTOR('',#3751,1.);
#3751 = DIRECTION('',(-1.110223024625E-16,-1.,0.));
#3752 = PLANE('',#3753);
#3753 = AXIS2_PLACEMENT_3D('',#3754,#3755,#3756);
#3754 = CARTESIAN_POINT('',(-3.952393967666E-16,-3.81,0.));
#3755 = DIRECTION('',(0.,0.,1.));
#3756 = DIRECTION('',(1.110223024625E-16,1.,-0.));
#3757 = ADVANCED_FACE('',(#3758),#3769,.T.);
#3758 = FACE_BOUND('',#3759,.T.);
#3759 = EDGE_LOOP('',(#3760,#3761,#3767,#3768));
#3760 = ORIENTED_EDGE('',*,*,#3539,.T.);
#3761 = ORIENTED_EDGE('',*,*,#3762,.T.);
#3762 = EDGE_CURVE('',#3540,#3485,#3763,.T.);
#3763 = LINE('',#3764,#3765);
#3764 = CARTESIAN_POINT('',(-0.846666666667,1.27,0.2));
#3765 = VECTOR('',#3766,1.);
#3766 = DIRECTION('',(-1.110223024625E-16,-1.,0.));
#3767 = ORIENTED_EDGE('',*,*,#3492,.F.);
#3768 = ORIENTED_EDGE('',*,*,#3740,.F.);
#3769 = PLANE('',#3770);
#3770 = AXIS2_PLACEMENT_3D('',#3771,#3772,#3773);
#3771 = CARTESIAN_POINT('',(-0.846666666667,1.27,0.));
#3772 = DIRECTION('',(1.,-1.110223024625E-16,0.));
#3773 = DIRECTION('',(-1.110223024625E-16,-1.,0.));
#3774 = ADVANCED_FACE('',(#3775,#3786,#3852,#3918,#3984),#4050,.F.);
#3775 = FACE_BOUND('',#3776,.F.);
#3776 = EDGE_LOOP('',(#3777,#3783,#3784,#3785));
#3777 = ORIENTED_EDGE('',*,*,#3778,.T.);
#3778 = EDGE_CURVE('',#3477,#3548,#3779,.T.);
#3779 = LINE('',#3780,#3781);
#3780 = CARTESIAN_POINT('',(0.846666666667,-8.89,0.2));
#3781 = VECTOR('',#3782,1.);
#3782 = DIRECTION('',(1.110223024625E-16,1.,0.));
#3783 = ORIENTED_EDGE('',*,*,#3547,.T.);
#3784 = ORIENTED_EDGE('',*,*,#3762,.T.);
#3785 = ORIENTED_EDGE('',*,*,#3484,.T.);
#3786 = FACE_BOUND('',#3787,.F.);
#3787 = EDGE_LOOP('',(#3788,#3798,#3806,#3814,#3822,#3830,#3838,#3846));
#3788 = ORIENTED_EDGE('',*,*,#3789,.F.);
#3789 = EDGE_CURVE('',#3790,#3792,#3794,.T.);
#3790 = VERTEX_POINT('',#3791);
#3791 = CARTESIAN_POINT('',(-0.1,-8.07,0.2));
#3792 = VERTEX_POINT('',#3793);
#3793 = CARTESIAN_POINT('',(0.1,-8.07,0.2));
#3794 = LINE('',#3795,#3796);
#3795 = CARTESIAN_POINT('',(-0.1,-8.07,0.2));
#3796 = VECTOR('',#3797,1.);
#3797 = DIRECTION('',(1.,-1.110223024625E-16,0.));
#3798 = ORIENTED_EDGE('',*,*,#3799,.T.);
#3799 = EDGE_CURVE('',#3790,#3800,#3802,.T.);
#3800 = VERTEX_POINT('',#3801);
#3801 = CARTESIAN_POINT('',(-0.1,-7.92,0.2));
#3802 = LINE('',#3803,#3804);
#3803 = CARTESIAN_POINT('',(-0.1,-8.07,0.2));
#3804 = VECTOR('',#3805,1.);
#3805 = DIRECTION('',(1.110223024625E-16,1.,0.));
#3806 = ORIENTED_EDGE('',*,*,#3807,.F.);
#3807 = EDGE_CURVE('',#3808,#3800,#3810,.T.);
#3808 = VERTEX_POINT('',#3809);
#3809 = CARTESIAN_POINT('',(-0.1,-7.32,0.2));
#3810 = LINE('',#3811,#3812);
#3811 = CARTESIAN_POINT('',(-0.1,-5.715,0.2));
#3812 = VECTOR('',#3813,1.);
#3813 = DIRECTION('',(-1.110223024625E-16,-1.,0.));
#3814 = ORIENTED_EDGE('',*,*,#3815,.T.);
#3815 = EDGE_CURVE('',#3808,#3816,#3818,.T.);
#3816 = VERTEX_POINT('',#3817);
#3817 = CARTESIAN_POINT('',(-0.1,-7.17,0.2));
#3818 = LINE('',#3819,#3820);
#3819 = CARTESIAN_POINT('',(-0.1,-8.07,0.2));
#3820 = VECTOR('',#3821,1.);
#3821 = DIRECTION('',(1.110223024625E-16,1.,0.));
#3822 = ORIENTED_EDGE('',*,*,#3823,.T.);
#3823 = EDGE_CURVE('',#3816,#3824,#3826,.T.);
#3824 = VERTEX_POINT('',#3825);
#3825 = CARTESIAN_POINT('',(0.1,-7.17,0.2));
#3826 = LINE('',#3827,#3828);
#3827 = CARTESIAN_POINT('',(-0.1,-7.17,0.2));
#3828 = VECTOR('',#3829,1.);
#3829 = DIRECTION('',(1.,-1.110223024625E-16,0.));
#3830 = ORIENTED_EDGE('',*,*,#3831,.T.);
#3831 = EDGE_CURVE('',#3824,#3832,#3834,.T.);
#3832 = VERTEX_POINT('',#3833);
#3833 = CARTESIAN_POINT('',(0.1,-7.32,0.2));
#3834 = LINE('',#3835,#3836);
#3835 = CARTESIAN_POINT('',(0.1,-7.17,0.2));
#3836 = VECTOR('',#3837,1.);
#3837 = DIRECTION('',(-1.110223024625E-16,-1.,0.));
#3838 = ORIENTED_EDGE('',*,*,#3839,.T.);
#3839 = EDGE_CURVE('',#3832,#3840,#3842,.T.);
#3840 = VERTEX_POINT('',#3841);
#3841 = CARTESIAN_POINT('',(0.1,-7.92,0.2));
#3842 = LINE('',#3843,#3844);
#3843 = CARTESIAN_POINT('',(0.1,-5.715,0.2));
#3844 = VECTOR('',#3845,1.);
#3845 = DIRECTION('',(-1.110223024625E-16,-1.,0.));
#3846 = ORIENTED_EDGE('',*,*,#3847,.T.);
#3847 = EDGE_CURVE('',#3840,#3792,#3848,.T.);
#3848 = LINE('',#3849,#3850);
#3849 = CARTESIAN_POINT('',(0.1,-7.17,0.2));
#3850 = VECTOR('',#3851,1.);
#3851 = DIRECTION('',(-1.110223024625E-16,-1.,0.));
#3852 = FACE_BOUND('',#3853,.F.);
#3853 = EDGE_LOOP('',(#3854,#3864,#3872,#3880,#3888,#3896,#3904,#3912));
#3854 = ORIENTED_EDGE('',*,*,#3855,.F.);
#3855 = EDGE_CURVE('',#3856,#3858,#3860,.T.);
#3856 = VERTEX_POINT('',#3857);
#3857 = CARTESIAN_POINT('',(-0.1,-5.53,0.2));
#3858 = VERTEX_POINT('',#3859);
#3859 = CARTESIAN_POINT('',(0.1,-5.53,0.2));
#3860 = LINE('',#3861,#3862);
#3861 = CARTESIAN_POINT('',(-0.1,-5.53,0.2));
#3862 = VECTOR('',#3863,1.);
#3863 = DIRECTION('',(1.,-1.110223024625E-16,0.));
#3864 = ORIENTED_EDGE('',*,*,#3865,.T.);
#3865 = EDGE_CURVE('',#3856,#3866,#3868,.T.);
#3866 = VERTEX_POINT('',#3867);
#3867 = CARTESIAN_POINT('',(-0.1,-5.38,0.2));
#3868 = LINE('',#3869,#3870);
#3869 = CARTESIAN_POINT('',(-0.1,-5.53,0.2));
#3870 = VECTOR('',#3871,1.);
#3871 = DIRECTION('',(1.110223024625E-16,1.,0.));
#3872 = ORIENTED_EDGE('',*,*,#3873,.F.);
#3873 = EDGE_CURVE('',#3874,#3866,#3876,.T.);
#3874 = VERTEX_POINT('',#3875);
#3875 = CARTESIAN_POINT('',(-0.1,-4.78,0.2));
#3876 = LINE('',#3877,#3878);
#3877 = CARTESIAN_POINT('',(-0.1,-4.445,0.2));
#3878 = VECTOR('',#3879,1.);
#3879 = DIRECTION('',(-1.110223024625E-16,-1.,0.));
#3880 = ORIENTED_EDGE('',*,*,#3881,.T.);
#3881 = EDGE_CURVE('',#3874,#3882,#3884,.T.);
#3882 = VERTEX_POINT('',#3883);
#3883 = CARTESIAN_POINT('',(-0.1,-4.63,0.2));
#3884 = LINE('',#3885,#3886);
#3885 = CARTESIAN_POINT('',(-0.1,-5.53,0.2));
#3886 = VECTOR('',#3887,1.);
#3887 = DIRECTION('',(1.110223024625E-16,1.,0.));
#3888 = ORIENTED_EDGE('',*,*,#3889,.T.);
#3889 = EDGE_CURVE('',#3882,#3890,#3892,.T.);
#3890 = VERTEX_POINT('',#3891);
#3891 = CARTESIAN_POINT('',(0.1,-4.63,0.2));
#3892 = LINE('',#3893,#3894);
#3893 = CARTESIAN_POINT('',(-0.1,-4.63,0.2));
#3894 = VECTOR('',#3895,1.);
#3895 = DIRECTION('',(1.,-1.110223024625E-16,0.));
#3896 = ORIENTED_EDGE('',*,*,#3897,.T.);
#3897 = EDGE_CURVE('',#3890,#3898,#3900,.T.);
#3898 = VERTEX_POINT('',#3899);
#3899 = CARTESIAN_POINT('',(0.1,-4.78,0.2));
#3900 = LINE('',#3901,#3902);
#3901 = CARTESIAN_POINT('',(0.1,-4.63,0.2));
#3902 = VECTOR('',#3903,1.);
#3903 = DIRECTION('',(-1.110223024625E-16,-1.,0.));
#3904 = ORIENTED_EDGE('',*,*,#3905,.T.);
#3905 = EDGE_CURVE('',#3898,#3906,#3908,.T.);
#3906 = VERTEX_POINT('',#3907);
#3907 = CARTESIAN_POINT('',(0.1,-5.38,0.2));
#3908 = LINE('',#3909,#3910);
#3909 = CARTESIAN_POINT('',(0.1,-4.445,0.2));
#3910 = VECTOR('',#3911,1.);
#3911 = DIRECTION('',(-1.110223024625E-16,-1.,0.));
#3912 = ORIENTED_EDGE('',*,*,#3913,.T.);
#3913 = EDGE_CURVE('',#3906,#3858,#3914,.T.);
#3914 = LINE('',#3915,#3916);
#3915 = CARTESIAN_POINT('',(0.1,-4.63,0.2));
#3916 = VECTOR('',#3917,1.);
#3917 = DIRECTION('',(-1.110223024625E-16,-1.,0.));
#3918 = FACE_BOUND('',#3919,.F.);
#3919 = EDGE_LOOP('',(#3920,#3930,#3938,#3946,#3954,#3962,#3970,#3978));
#3920 = ORIENTED_EDGE('',*,*,#3921,.F.);
#3921 = EDGE_CURVE('',#3922,#3924,#3926,.T.);
#3922 = VERTEX_POINT('',#3923);
#3923 = CARTESIAN_POINT('',(-0.1,-2.99,0.2));
#3924 = VERTEX_POINT('',#3925);
#3925 = CARTESIAN_POINT('',(0.1,-2.99,0.2));
#3926 = LINE('',#3927,#3928);
#3927 = CARTESIAN_POINT('',(-0.1,-2.99,0.2));
#3928 = VECTOR('',#3929,1.);
#3929 = DIRECTION('',(1.,-1.110223024625E-16,0.));
#3930 = ORIENTED_EDGE('',*,*,#3931,.T.);
#3931 = EDGE_CURVE('',#3922,#3932,#3934,.T.);
#3932 = VERTEX_POINT('',#3933);
#3933 = CARTESIAN_POINT('',(-0.1,-2.84,0.2));
#3934 = LINE('',#3935,#3936);
#3935 = CARTESIAN_POINT('',(-0.1,-2.99,0.2));
#3936 = VECTOR('',#3937,1.);
#3937 = DIRECTION('',(1.110223024625E-16,1.,0.));
#3938 = ORIENTED_EDGE('',*,*,#3939,.F.);
#3939 = EDGE_CURVE('',#3940,#3932,#3942,.T.);
#3940 = VERTEX_POINT('',#3941);
#3941 = CARTESIAN_POINT('',(-0.1,-2.24,0.2));
#3942 = LINE('',#3943,#3944);
#3943 = CARTESIAN_POINT('',(-0.1,-3.175,0.2));
#3944 = VECTOR('',#3945,1.);
#3945 = DIRECTION('',(-1.110223024625E-16,-1.,0.));
#3946 = ORIENTED_EDGE('',*,*,#3947,.T.);
#3947 = EDGE_CURVE('',#3940,#3948,#3950,.T.);
#3948 = VERTEX_POINT('',#3949);
#3949 = CARTESIAN_POINT('',(-0.1,-2.09,0.2));
#3950 = LINE('',#3951,#3952);
#3951 = CARTESIAN_POINT('',(-0.1,-2.99,0.2));
#3952 = VECTOR('',#3953,1.);
#3953 = DIRECTION('',(1.110223024625E-16,1.,0.));
#3954 = ORIENTED_EDGE('',*,*,#3955,.T.);
#3955 = EDGE_CURVE('',#3948,#3956,#3958,.T.);
#3956 = VERTEX_POINT('',#3957);
#3957 = CARTESIAN_POINT('',(0.1,-2.09,0.2));
#3958 = LINE('',#3959,#3960);
#3959 = CARTESIAN_POINT('',(-0.1,-2.09,0.2));
#3960 = VECTOR('',#3961,1.);
#3961 = DIRECTION('',(1.,-1.110223024625E-16,0.));
#3962 = ORIENTED_EDGE('',*,*,#3963,.T.);
#3963 = EDGE_CURVE('',#3956,#3964,#3966,.T.);
#3964 = VERTEX_POINT('',#3965);
#3965 = CARTESIAN_POINT('',(0.1,-2.24,0.2));
#3966 = LINE('',#3967,#3968);
#3967 = CARTESIAN_POINT('',(0.1,-2.09,0.2));
#3968 = VECTOR('',#3969,1.);
#3969 = DIRECTION('',(-1.110223024625E-16,-1.,0.));
#3970 = ORIENTED_EDGE('',*,*,#3971,.T.);
#3971 = EDGE_CURVE('',#3964,#3972,#3974,.T.);
#3972 = VERTEX_POINT('',#3973);
#3973 = CARTESIAN_POINT('',(0.1,-2.84,0.2));
#3974 = LINE('',#3975,#3976);
#3975 = CARTESIAN_POINT('',(0.1,-3.175,0.2));
#3976 = VECTOR('',#3977,1.);
#3977 = DIRECTION('',(-1.110223024625E-16,-1.,0.));
#3978 = ORIENTED_EDGE('',*,*,#3979,.T.);
#3979 = EDGE_CURVE('',#3972,#3924,#3980,.T.);
#3980 = LINE('',#3981,#3982);
#3981 = CARTESIAN_POINT('',(0.1,-2.09,0.2));
#3982 = VECTOR('',#3983,1.);
#3983 = DIRECTION('',(-1.110223024625E-16,-1.,0.));
#3984 = FACE_BOUND('',#3985,.F.);
#3985 = EDGE_LOOP('',(#3986,#3996,#4004,#4012,#4020,#4028,#4036,#4044));
#3986 = ORIENTED_EDGE('',*,*,#3987,.F.);
#3987 = EDGE_CURVE('',#3988,#3990,#3992,.T.);
#3988 = VERTEX_POINT('',#3989);
#3989 = CARTESIAN_POINT('',(-0.1,-0.45,0.2));
#3990 = VERTEX_POINT('',#3991);
#3991 = CARTESIAN_POINT('',(0.1,-0.45,0.2));
#3992 = LINE('',#3993,#3994);
#3993 = CARTESIAN_POINT('',(-0.1,-0.45,0.2));
#3994 = VECTOR('',#3995,1.);
#3995 = DIRECTION('',(1.,-1.110223024625E-16,0.));
#3996 = ORIENTED_EDGE('',*,*,#3997,.T.);
#3997 = EDGE_CURVE('',#3988,#3998,#4000,.T.);
#3998 = VERTEX_POINT('',#3999);
#3999 = CARTESIAN_POINT('',(-0.1,-0.3,0.2));
#4000 = LINE('',#4001,#4002);
#4001 = CARTESIAN_POINT('',(-0.1,-0.45,0.2));
#4002 = VECTOR('',#4003,1.);
#4003 = DIRECTION('',(1.110223024625E-16,1.,0.));
#4004 = ORIENTED_EDGE('',*,*,#4005,.F.);
#4005 = EDGE_CURVE('',#4006,#3998,#4008,.T.);
#4006 = VERTEX_POINT('',#4007);
#4007 = CARTESIAN_POINT('',(-0.1,0.3,0.2));
#4008 = LINE('',#4009,#4010);
#4009 = CARTESIAN_POINT('',(-0.1,-1.905,0.2));
#4010 = VECTOR('',#4011,1.);
#4011 = DIRECTION('',(-1.110223024625E-16,-1.,0.));
#4012 = ORIENTED_EDGE('',*,*,#4013,.T.);
#4013 = EDGE_CURVE('',#4006,#4014,#4016,.T.);
#4014 = VERTEX_POINT('',#4015);
#4015 = CARTESIAN_POINT('',(-0.1,0.45,0.2));
#4016 = LINE('',#4017,#4018);
#4017 = CARTESIAN_POINT('',(-0.1,-0.45,0.2));
#4018 = VECTOR('',#4019,1.);
#4019 = DIRECTION('',(1.110223024625E-16,1.,0.));
#4020 = ORIENTED_EDGE('',*,*,#4021,.T.);
#4021 = EDGE_CURVE('',#4014,#4022,#4024,.T.);
#4022 = VERTEX_POINT('',#4023);
#4023 = CARTESIAN_POINT('',(0.1,0.45,0.2));
#4024 = LINE('',#4025,#4026);
#4025 = CARTESIAN_POINT('',(-0.1,0.45,0.2));
#4026 = VECTOR('',#4027,1.);
#4027 = DIRECTION('',(1.,-1.110223024625E-16,0.));
#4028 = ORIENTED_EDGE('',*,*,#4029,.T.);
#4029 = EDGE_CURVE('',#4022,#4030,#4032,.T.);
#4030 = VERTEX_POINT('',#4031);
#4031 = CARTESIAN_POINT('',(0.1,0.3,0.2));
#4032 = LINE('',#4033,#4034);
#4033 = CARTESIAN_POINT('',(0.1,0.45,0.2));
#4034 = VECTOR('',#4035,1.);
#4035 = DIRECTION('',(-1.110223024625E-16,-1.,0.));
#4036 = ORIENTED_EDGE('',*,*,#4037,.T.);
#4037 = EDGE_CURVE('',#4030,#4038,#4040,.T.);
#4038 = VERTEX_POINT('',#4039);
#4039 = CARTESIAN_POINT('',(0.1,-0.3,0.2));
#4040 = LINE('',#4041,#4042);
#4041 = CARTESIAN_POINT('',(0.1,-1.905,0.2));
#4042 = VECTOR('',#4043,1.);
#4043 = DIRECTION('',(-1.110223024625E-16,-1.,0.));
#4044 = ORIENTED_EDGE('',*,*,#4045,.T.);
#4045 = EDGE_CURVE('',#4038,#3990,#4046,.T.);
#4046 = LINE('',#4047,#4048);
#4047 = CARTESIAN_POINT('',(0.1,0.45,0.2));
#4048 = VECTOR('',#4049,1.);
#4049 = DIRECTION('',(-1.110223024625E-16,-1.,0.));
#4050 = PLANE('',#4051);
#4051 = AXIS2_PLACEMENT_3D('',#4052,#4053,#4054);
#4052 = CARTESIAN_POINT('',(-3.952393967666E-16,-3.81,0.2));
#4053 = DIRECTION('',(0.,0.,1.));
#4054 = DIRECTION('',(1.110223024625E-16,1.,-0.));
#4055 = ADVANCED_FACE('',(#4056),#4062,.T.);
#4056 = FACE_BOUND('',#4057,.T.);
#4057 = EDGE_LOOP('',(#4058,#4059,#4060,#4061));
#4058 = ORIENTED_EDGE('',*,*,#3476,.T.);
#4059 = ORIENTED_EDGE('',*,*,#3778,.T.);
#4060 = ORIENTED_EDGE('',*,*,#3555,.F.);
#4061 = ORIENTED_EDGE('',*,*,#3572,.F.);
#4062 = PLANE('',#4063);
#4063 = AXIS2_PLACEMENT_3D('',#4064,#4065,#4066);
#4064 = CARTESIAN_POINT('',(0.846666666667,-8.89,0.));
#4065 = DIRECTION('',(-1.,1.110223024625E-16,0.));
#4066 = DIRECTION('',(1.110223024625E-16,1.,0.));
#4067 = ADVANCED_FACE('',(#4068),#4074,.F.);
#4068 = FACE_BOUND('',#4069,.F.);
#4069 = EDGE_LOOP('',(#4070,#4071,#4072,#4073));
#4070 = ORIENTED_EDGE('',*,*,#3523,.T.);
#4071 = ORIENTED_EDGE('',*,*,#3588,.T.);
#4072 = ORIENTED_EDGE('',*,*,#3453,.F.);
#4073 = ORIENTED_EDGE('',*,*,#3747,.F.);
#4074 = PLANE('',#4075);
#4075 = AXIS2_PLACEMENT_3D('',#4076,#4077,#4078);
#4076 = CARTESIAN_POINT('',(-1.27,1.27,0.));
#4077 = DIRECTION('',(1.,-1.110223024625E-16,0.));
#4078 = DIRECTION('',(-1.110223024625E-16,-1.,0.));
#4079 = ADVANCED_FACE('',(#4080),#4105,.T.);
#4080 = FACE_BOUND('',#4081,.T.);
#4081 = EDGE_LOOP('',(#4082,#4090,#4091,#4099));
#4082 = ORIENTED_EDGE('',*,*,#4083,.F.);
#4083 = EDGE_CURVE('',#3598,#4084,#4086,.T.);
#4084 = VERTEX_POINT('',#4085);
#4085 = CARTESIAN_POINT('',(0.3,-7.92,8.2));
#4086 = LINE('',#4087,#4088);
#4087 = CARTESIAN_POINT('',(0.3,-7.92,8.2));
#4088 = VECTOR('',#4089,1.);
#4089 = DIRECTION('',(-0.57735026919,0.57735026919,-0.57735026919));
#4090 = ORIENTED_EDGE('',*,*,#3597,.T.);
#4091 = ORIENTED_EDGE('',*,*,#4092,.T.);
#4092 = EDGE_CURVE('',#3600,#4093,#4095,.T.);
#4093 = VERTEX_POINT('',#4094);
#4094 = CARTESIAN_POINT('',(0.3,-7.32,8.2));
#4095 = LINE('',#4096,#4097);
#4096 = CARTESIAN_POINT('',(0.3,-7.32,8.2));
#4097 = VECTOR('',#4098,1.);
#4098 = DIRECTION('',(-0.57735026919,-0.57735026919,-0.57735026919));
#4099 = ORIENTED_EDGE('',*,*,#4100,.F.);
#4100 = EDGE_CURVE('',#4084,#4093,#4101,.T.);
#4101 = LINE('',#4102,#4103);
#4102 = CARTESIAN_POINT('',(0.3,-8.22,8.2));
#4103 = VECTOR('',#4104,1.);
#4104 = DIRECTION('',(1.110223024625E-16,1.,0.));
#4105 = PLANE('',#4106);
#4106 = AXIS2_PLACEMENT_3D('',#4107,#4108,#4109);
#4107 = CARTESIAN_POINT('',(0.45,-8.22,8.35));
#4108 = DIRECTION('',(-0.707106781187,7.850462293414E-17,0.707106781187)
  );
#4109 = DIRECTION('',(1.110223024625E-16,1.,2.68018785873E-29));
#4110 = ADVANCED_FACE('',(#4111),#4129,.T.);
#4111 = FACE_BOUND('',#4112,.T.);
#4112 = EDGE_LOOP('',(#4113,#4114,#4115,#4123));
#4113 = ORIENTED_EDGE('',*,*,#4092,.F.);
#4114 = ORIENTED_EDGE('',*,*,#3623,.T.);
#4115 = ORIENTED_EDGE('',*,*,#4116,.T.);
#4116 = EDGE_CURVE('',#3616,#4117,#4119,.T.);
#4117 = VERTEX_POINT('',#4118);
#4118 = CARTESIAN_POINT('',(-0.3,-7.32,8.2));
#4119 = LINE('',#4120,#4121);
#4120 = CARTESIAN_POINT('',(-0.3,-7.32,8.2));
#4121 = VECTOR('',#4122,1.);
#4122 = DIRECTION('',(0.57735026919,-0.57735026919,-0.57735026919));
#4123 = ORIENTED_EDGE('',*,*,#4124,.F.);
#4124 = EDGE_CURVE('',#4093,#4117,#4125,.T.);
#4125 = LINE('',#4126,#4127);
#4126 = CARTESIAN_POINT('',(0.6,-7.32,8.2));
#4127 = VECTOR('',#4128,1.);
#4128 = DIRECTION('',(-1.,1.110223024625E-16,0.));
#4129 = PLANE('',#4130);
#4130 = AXIS2_PLACEMENT_3D('',#4131,#4132,#4133);
#4131 = CARTESIAN_POINT('',(0.6,-7.17,8.35));
#4132 = DIRECTION('',(-8.197719098449E-17,-0.707106781187,0.707106781187
    ));
#4133 = DIRECTION('',(-1.,1.13477778879E-16,-2.455476416522E-18));
#4134 = ADVANCED_FACE('',(#4135),#4153,.T.);
#4135 = FACE_BOUND('',#4136,.T.);
#4136 = EDGE_LOOP('',(#4137,#4138,#4139,#4147));
#4137 = ORIENTED_EDGE('',*,*,#4116,.F.);
#4138 = ORIENTED_EDGE('',*,*,#3615,.T.);
#4139 = ORIENTED_EDGE('',*,*,#4140,.T.);
#4140 = EDGE_CURVE('',#3608,#4141,#4143,.T.);
#4141 = VERTEX_POINT('',#4142);
#4142 = CARTESIAN_POINT('',(-0.3,-7.92,8.2));
#4143 = LINE('',#4144,#4145);
#4144 = CARTESIAN_POINT('',(-0.3,-7.92,8.2));
#4145 = VECTOR('',#4146,1.);
#4146 = DIRECTION('',(0.57735026919,0.57735026919,-0.57735026919));
#4147 = ORIENTED_EDGE('',*,*,#4148,.F.);
#4148 = EDGE_CURVE('',#4117,#4141,#4149,.T.);
#4149 = LINE('',#4150,#4151);
#4150 = CARTESIAN_POINT('',(-0.3,-7.02,8.2));
#4151 = VECTOR('',#4152,1.);
#4152 = DIRECTION('',(-1.110223024625E-16,-1.,0.));
#4153 = PLANE('',#4154);
#4154 = AXIS2_PLACEMENT_3D('',#4155,#4156,#4157);
#4155 = CARTESIAN_POINT('',(-0.45,-7.02,8.35));
#4156 = DIRECTION('',(0.707106781187,-7.850462293414E-17,0.707106781187)
  );
#4157 = DIRECTION('',(-1.110223024625E-16,-1.,2.68018785873E-29));
#4158 = ADVANCED_FACE('',(#4159),#4170,.T.);
#4159 = FACE_BOUND('',#4160,.T.);
#4160 = EDGE_LOOP('',(#4161,#4162,#4163,#4164));
#4161 = ORIENTED_EDGE('',*,*,#4140,.F.);
#4162 = ORIENTED_EDGE('',*,*,#3607,.T.);
#4163 = ORIENTED_EDGE('',*,*,#4083,.T.);
#4164 = ORIENTED_EDGE('',*,*,#4165,.F.);
#4165 = EDGE_CURVE('',#4141,#4084,#4166,.T.);
#4166 = LINE('',#4167,#4168);
#4167 = CARTESIAN_POINT('',(-0.6,-7.92,8.2));
#4168 = VECTOR('',#4169,1.);
#4169 = DIRECTION('',(1.,-1.110223024625E-16,0.));
#4170 = PLANE('',#4171);
#4171 = AXIS2_PLACEMENT_3D('',#4172,#4173,#4174);
#4172 = CARTESIAN_POINT('',(-0.6,-8.07,8.35));
#4173 = DIRECTION('',(8.197719098449E-17,0.707106781187,0.707106781187)
  );
#4174 = DIRECTION('',(1.,-1.13477778879E-16,-2.455476416522E-18));
#4175 = ADVANCED_FACE('',(#4176),#4201,.T.);
#4176 = FACE_BOUND('',#4177,.T.);
#4177 = EDGE_LOOP('',(#4178,#4186,#4187,#4195));
#4178 = ORIENTED_EDGE('',*,*,#4179,.F.);
#4179 = EDGE_CURVE('',#3632,#4180,#4182,.T.);
#4180 = VERTEX_POINT('',#4181);
#4181 = CARTESIAN_POINT('',(0.3,-5.38,8.2));
#4182 = LINE('',#4183,#4184);
#4183 = CARTESIAN_POINT('',(0.3,-5.38,8.2));
#4184 = VECTOR('',#4185,1.);
#4185 = DIRECTION('',(-0.57735026919,0.57735026919,-0.57735026919));
#4186 = ORIENTED_EDGE('',*,*,#3631,.T.);
#4187 = ORIENTED_EDGE('',*,*,#4188,.T.);
#4188 = EDGE_CURVE('',#3634,#4189,#4191,.T.);
#4189 = VERTEX_POINT('',#4190);
#4190 = CARTESIAN_POINT('',(0.3,-4.78,8.2));
#4191 = LINE('',#4192,#4193);
#4192 = CARTESIAN_POINT('',(0.3,-4.78,8.2));
#4193 = VECTOR('',#4194,1.);
#4194 = DIRECTION('',(-0.57735026919,-0.57735026919,-0.57735026919));
#4195 = ORIENTED_EDGE('',*,*,#4196,.F.);
#4196 = EDGE_CURVE('',#4180,#4189,#4197,.T.);
#4197 = LINE('',#4198,#4199);
#4198 = CARTESIAN_POINT('',(0.3,-5.68,8.2));
#4199 = VECTOR('',#4200,1.);
#4200 = DIRECTION('',(1.110223024625E-16,1.,0.));
#4201 = PLANE('',#4202);
#4202 = AXIS2_PLACEMENT_3D('',#4203,#4204,#4205);
#4203 = CARTESIAN_POINT('',(0.45,-5.68,8.35));
#4204 = DIRECTION('',(-0.707106781187,7.850462293414E-17,0.707106781187)
  );
#4205 = DIRECTION('',(1.110223024625E-16,1.,2.68018785873E-29));
#4206 = ADVANCED_FACE('',(#4207),#4225,.T.);
#4207 = FACE_BOUND('',#4208,.T.);
#4208 = EDGE_LOOP('',(#4209,#4210,#4211,#4219));
#4209 = ORIENTED_EDGE('',*,*,#4188,.F.);
#4210 = ORIENTED_EDGE('',*,*,#3657,.T.);
#4211 = ORIENTED_EDGE('',*,*,#4212,.T.);
#4212 = EDGE_CURVE('',#3650,#4213,#4215,.T.);
#4213 = VERTEX_POINT('',#4214);
#4214 = CARTESIAN_POINT('',(-0.3,-4.78,8.2));
#4215 = LINE('',#4216,#4217);
#4216 = CARTESIAN_POINT('',(-0.3,-4.78,8.2));
#4217 = VECTOR('',#4218,1.);
#4218 = DIRECTION('',(0.57735026919,-0.57735026919,-0.57735026919));
#4219 = ORIENTED_EDGE('',*,*,#4220,.F.);
#4220 = EDGE_CURVE('',#4189,#4213,#4221,.T.);
#4221 = LINE('',#4222,#4223);
#4222 = CARTESIAN_POINT('',(0.6,-4.78,8.2));
#4223 = VECTOR('',#4224,1.);
#4224 = DIRECTION('',(-1.,1.110223024625E-16,0.));
#4225 = PLANE('',#4226);
#4226 = AXIS2_PLACEMENT_3D('',#4227,#4228,#4229);
#4227 = CARTESIAN_POINT('',(0.6,-4.63,8.35));
#4228 = DIRECTION('',(-8.197719098449E-17,-0.707106781187,0.707106781187
    ));
#4229 = DIRECTION('',(-1.,1.13477778879E-16,-2.455476416522E-18));
#4230 = ADVANCED_FACE('',(#4231),#4249,.T.);
#4231 = FACE_BOUND('',#4232,.T.);
#4232 = EDGE_LOOP('',(#4233,#4234,#4235,#4243));
#4233 = ORIENTED_EDGE('',*,*,#4212,.F.);
#4234 = ORIENTED_EDGE('',*,*,#3649,.T.);
#4235 = ORIENTED_EDGE('',*,*,#4236,.T.);
#4236 = EDGE_CURVE('',#3642,#4237,#4239,.T.);
#4237 = VERTEX_POINT('',#4238);
#4238 = CARTESIAN_POINT('',(-0.3,-5.38,8.2));
#4239 = LINE('',#4240,#4241);
#4240 = CARTESIAN_POINT('',(-0.3,-5.38,8.2));
#4241 = VECTOR('',#4242,1.);
#4242 = DIRECTION('',(0.57735026919,0.57735026919,-0.57735026919));
#4243 = ORIENTED_EDGE('',*,*,#4244,.F.);
#4244 = EDGE_CURVE('',#4213,#4237,#4245,.T.);
#4245 = LINE('',#4246,#4247);
#4246 = CARTESIAN_POINT('',(-0.3,-4.48,8.2));
#4247 = VECTOR('',#4248,1.);
#4248 = DIRECTION('',(-1.110223024625E-16,-1.,0.));
#4249 = PLANE('',#4250);
#4250 = AXIS2_PLACEMENT_3D('',#4251,#4252,#4253);
#4251 = CARTESIAN_POINT('',(-0.45,-4.48,8.35));
#4252 = DIRECTION('',(0.707106781187,-7.850462293414E-17,0.707106781187)
  );
#4253 = DIRECTION('',(-1.110223024625E-16,-1.,2.68018785873E-29));
#4254 = ADVANCED_FACE('',(#4255),#4266,.T.);
#4255 = FACE_BOUND('',#4256,.T.);
#4256 = EDGE_LOOP('',(#4257,#4258,#4259,#4260));
#4257 = ORIENTED_EDGE('',*,*,#4236,.F.);
#4258 = ORIENTED_EDGE('',*,*,#3641,.T.);
#4259 = ORIENTED_EDGE('',*,*,#4179,.T.);
#4260 = ORIENTED_EDGE('',*,*,#4261,.F.);
#4261 = EDGE_CURVE('',#4237,#4180,#4262,.T.);
#4262 = LINE('',#4263,#4264);
#4263 = CARTESIAN_POINT('',(-0.6,-5.38,8.2));
#4264 = VECTOR('',#4265,1.);
#4265 = DIRECTION('',(1.,-1.110223024625E-16,0.));
#4266 = PLANE('',#4267);
#4267 = AXIS2_PLACEMENT_3D('',#4268,#4269,#4270);
#4268 = CARTESIAN_POINT('',(-0.6,-5.53,8.35));
#4269 = DIRECTION('',(8.197719098449E-17,0.707106781187,0.707106781187)
  );
#4270 = DIRECTION('',(1.,-1.13477778879E-16,-2.455476416522E-18));
#4271 = ADVANCED_FACE('',(#4272),#4297,.T.);
#4272 = FACE_BOUND('',#4273,.T.);
#4273 = EDGE_LOOP('',(#4274,#4282,#4283,#4291));
#4274 = ORIENTED_EDGE('',*,*,#4275,.F.);
#4275 = EDGE_CURVE('',#3666,#4276,#4278,.T.);
#4276 = VERTEX_POINT('',#4277);
#4277 = CARTESIAN_POINT('',(0.3,-2.84,8.2));
#4278 = LINE('',#4279,#4280);
#4279 = CARTESIAN_POINT('',(0.3,-2.84,8.2));
#4280 = VECTOR('',#4281,1.);
#4281 = DIRECTION('',(-0.57735026919,0.57735026919,-0.57735026919));
#4282 = ORIENTED_EDGE('',*,*,#3665,.T.);
#4283 = ORIENTED_EDGE('',*,*,#4284,.T.);
#4284 = EDGE_CURVE('',#3668,#4285,#4287,.T.);
#4285 = VERTEX_POINT('',#4286);
#4286 = CARTESIAN_POINT('',(0.3,-2.24,8.2));
#4287 = LINE('',#4288,#4289);
#4288 = CARTESIAN_POINT('',(0.3,-2.24,8.2));
#4289 = VECTOR('',#4290,1.);
#4290 = DIRECTION('',(-0.57735026919,-0.57735026919,-0.57735026919));
#4291 = ORIENTED_EDGE('',*,*,#4292,.F.);
#4292 = EDGE_CURVE('',#4276,#4285,#4293,.T.);
#4293 = LINE('',#4294,#4295);
#4294 = CARTESIAN_POINT('',(0.3,-3.14,8.2));
#4295 = VECTOR('',#4296,1.);
#4296 = DIRECTION('',(1.110223024625E-16,1.,0.));
#4297 = PLANE('',#4298);
#4298 = AXIS2_PLACEMENT_3D('',#4299,#4300,#4301);
#4299 = CARTESIAN_POINT('',(0.45,-3.14,8.35));
#4300 = DIRECTION('',(-0.707106781187,7.850462293414E-17,0.707106781187)
  );
#4301 = DIRECTION('',(1.110223024625E-16,1.,2.68018785873E-29));
#4302 = ADVANCED_FACE('',(#4303),#4321,.T.);
#4303 = FACE_BOUND('',#4304,.T.);
#4304 = EDGE_LOOP('',(#4305,#4306,#4307,#4315));
#4305 = ORIENTED_EDGE('',*,*,#4284,.F.);
#4306 = ORIENTED_EDGE('',*,*,#3691,.T.);
#4307 = ORIENTED_EDGE('',*,*,#4308,.T.);
#4308 = EDGE_CURVE('',#3684,#4309,#4311,.T.);
#4309 = VERTEX_POINT('',#4310);
#4310 = CARTESIAN_POINT('',(-0.3,-2.24,8.2));
#4311 = LINE('',#4312,#4313);
#4312 = CARTESIAN_POINT('',(-0.3,-2.24,8.2));
#4313 = VECTOR('',#4314,1.);
#4314 = DIRECTION('',(0.57735026919,-0.57735026919,-0.57735026919));
#4315 = ORIENTED_EDGE('',*,*,#4316,.F.);
#4316 = EDGE_CURVE('',#4285,#4309,#4317,.T.);
#4317 = LINE('',#4318,#4319);
#4318 = CARTESIAN_POINT('',(0.6,-2.24,8.2));
#4319 = VECTOR('',#4320,1.);
#4320 = DIRECTION('',(-1.,1.110223024625E-16,0.));
#4321 = PLANE('',#4322);
#4322 = AXIS2_PLACEMENT_3D('',#4323,#4324,#4325);
#4323 = CARTESIAN_POINT('',(0.6,-2.09,8.35));
#4324 = DIRECTION('',(-8.197719098449E-17,-0.707106781187,0.707106781187
    ));
#4325 = DIRECTION('',(-1.,1.13477778879E-16,-2.455476416522E-18));
#4326 = ADVANCED_FACE('',(#4327),#4345,.T.);
#4327 = FACE_BOUND('',#4328,.T.);
#4328 = EDGE_LOOP('',(#4329,#4330,#4331,#4339));
#4329 = ORIENTED_EDGE('',*,*,#4308,.F.);
#4330 = ORIENTED_EDGE('',*,*,#3683,.T.);
#4331 = ORIENTED_EDGE('',*,*,#4332,.T.);
#4332 = EDGE_CURVE('',#3676,#4333,#4335,.T.);
#4333 = VERTEX_POINT('',#4334);
#4334 = CARTESIAN_POINT('',(-0.3,-2.84,8.2));
#4335 = LINE('',#4336,#4337);
#4336 = CARTESIAN_POINT('',(-0.3,-2.84,8.2));
#4337 = VECTOR('',#4338,1.);
#4338 = DIRECTION('',(0.57735026919,0.57735026919,-0.57735026919));
#4339 = ORIENTED_EDGE('',*,*,#4340,.F.);
#4340 = EDGE_CURVE('',#4309,#4333,#4341,.T.);
#4341 = LINE('',#4342,#4343);
#4342 = CARTESIAN_POINT('',(-0.3,-1.94,8.2));
#4343 = VECTOR('',#4344,1.);
#4344 = DIRECTION('',(-1.110223024625E-16,-1.,0.));
#4345 = PLANE('',#4346);
#4346 = AXIS2_PLACEMENT_3D('',#4347,#4348,#4349);
#4347 = CARTESIAN_POINT('',(-0.45,-1.94,8.35));
#4348 = DIRECTION('',(0.707106781187,-7.850462293414E-17,0.707106781187)
  );
#4349 = DIRECTION('',(-1.110223024625E-16,-1.,2.68018785873E-29));
#4350 = ADVANCED_FACE('',(#4351),#4362,.T.);
#4351 = FACE_BOUND('',#4352,.T.);
#4352 = EDGE_LOOP('',(#4353,#4354,#4355,#4356));
#4353 = ORIENTED_EDGE('',*,*,#4332,.F.);
#4354 = ORIENTED_EDGE('',*,*,#3675,.T.);
#4355 = ORIENTED_EDGE('',*,*,#4275,.T.);
#4356 = ORIENTED_EDGE('',*,*,#4357,.F.);
#4357 = EDGE_CURVE('',#4333,#4276,#4358,.T.);
#4358 = LINE('',#4359,#4360);
#4359 = CARTESIAN_POINT('',(-0.6,-2.84,8.2));
#4360 = VECTOR('',#4361,1.);
#4361 = DIRECTION('',(1.,-1.110223024625E-16,0.));
#4362 = PLANE('',#4363);
#4363 = AXIS2_PLACEMENT_3D('',#4364,#4365,#4366);
#4364 = CARTESIAN_POINT('',(-0.6,-2.99,8.35));
#4365 = DIRECTION('',(8.197719098449E-17,0.707106781187,0.707106781187)
  );
#4366 = DIRECTION('',(1.,-1.13477778879E-16,-2.455476416522E-18));
#4367 = ADVANCED_FACE('',(#4368),#4393,.T.);
#4368 = FACE_BOUND('',#4369,.T.);
#4369 = EDGE_LOOP('',(#4370,#4378,#4379,#4387));
#4370 = ORIENTED_EDGE('',*,*,#4371,.F.);
#4371 = EDGE_CURVE('',#3700,#4372,#4374,.T.);
#4372 = VERTEX_POINT('',#4373);
#4373 = CARTESIAN_POINT('',(0.3,-0.3,8.2));
#4374 = LINE('',#4375,#4376);
#4375 = CARTESIAN_POINT('',(0.3,-0.3,8.2));
#4376 = VECTOR('',#4377,1.);
#4377 = DIRECTION('',(-0.57735026919,0.57735026919,-0.57735026919));
#4378 = ORIENTED_EDGE('',*,*,#3699,.T.);
#4379 = ORIENTED_EDGE('',*,*,#4380,.T.);
#4380 = EDGE_CURVE('',#3702,#4381,#4383,.T.);
#4381 = VERTEX_POINT('',#4382);
#4382 = CARTESIAN_POINT('',(0.3,0.3,8.2));
#4383 = LINE('',#4384,#4385);
#4384 = CARTESIAN_POINT('',(0.3,0.3,8.2));
#4385 = VECTOR('',#4386,1.);
#4386 = DIRECTION('',(-0.57735026919,-0.57735026919,-0.57735026919));
#4387 = ORIENTED_EDGE('',*,*,#4388,.F.);
#4388 = EDGE_CURVE('',#4372,#4381,#4389,.T.);
#4389 = LINE('',#4390,#4391);
#4390 = CARTESIAN_POINT('',(0.3,-0.6,8.2));
#4391 = VECTOR('',#4392,1.);
#4392 = DIRECTION('',(1.110223024625E-16,1.,0.));
#4393 = PLANE('',#4394);
#4394 = AXIS2_PLACEMENT_3D('',#4395,#4396,#4397);
#4395 = CARTESIAN_POINT('',(0.45,-0.6,8.35));
#4396 = DIRECTION('',(-0.707106781187,7.850462293414E-17,0.707106781187)
  );
#4397 = DIRECTION('',(1.110223024625E-16,1.,2.68018785873E-29));
#4398 = ADVANCED_FACE('',(#4399),#4417,.T.);
#4399 = FACE_BOUND('',#4400,.T.);
#4400 = EDGE_LOOP('',(#4401,#4402,#4403,#4411));
#4401 = ORIENTED_EDGE('',*,*,#4380,.F.);
#4402 = ORIENTED_EDGE('',*,*,#3725,.T.);
#4403 = ORIENTED_EDGE('',*,*,#4404,.T.);
#4404 = EDGE_CURVE('',#3718,#4405,#4407,.T.);
#4405 = VERTEX_POINT('',#4406);
#4406 = CARTESIAN_POINT('',(-0.3,0.3,8.2));
#4407 = LINE('',#4408,#4409);
#4408 = CARTESIAN_POINT('',(-0.3,0.3,8.2));
#4409 = VECTOR('',#4410,1.);
#4410 = DIRECTION('',(0.57735026919,-0.57735026919,-0.57735026919));
#4411 = ORIENTED_EDGE('',*,*,#4412,.F.);
#4412 = EDGE_CURVE('',#4381,#4405,#4413,.T.);
#4413 = LINE('',#4414,#4415);
#4414 = CARTESIAN_POINT('',(0.6,0.3,8.2));
#4415 = VECTOR('',#4416,1.);
#4416 = DIRECTION('',(-1.,1.110223024625E-16,0.));
#4417 = PLANE('',#4418);
#4418 = AXIS2_PLACEMENT_3D('',#4419,#4420,#4421);
#4419 = CARTESIAN_POINT('',(0.6,0.45,8.35));
#4420 = DIRECTION('',(-8.197719098449E-17,-0.707106781187,0.707106781187
    ));
#4421 = DIRECTION('',(-1.,1.13477778879E-16,-2.455476416522E-18));
#4422 = ADVANCED_FACE('',(#4423),#4441,.T.);
#4423 = FACE_BOUND('',#4424,.T.);
#4424 = EDGE_LOOP('',(#4425,#4426,#4427,#4435));
#4425 = ORIENTED_EDGE('',*,*,#4404,.F.);
#4426 = ORIENTED_EDGE('',*,*,#3717,.T.);
#4427 = ORIENTED_EDGE('',*,*,#4428,.T.);
#4428 = EDGE_CURVE('',#3710,#4429,#4431,.T.);
#4429 = VERTEX_POINT('',#4430);
#4430 = CARTESIAN_POINT('',(-0.3,-0.3,8.2));
#4431 = LINE('',#4432,#4433);
#4432 = CARTESIAN_POINT('',(-0.3,-0.3,8.2));
#4433 = VECTOR('',#4434,1.);
#4434 = DIRECTION('',(0.57735026919,0.57735026919,-0.57735026919));
#4435 = ORIENTED_EDGE('',*,*,#4436,.F.);
#4436 = EDGE_CURVE('',#4405,#4429,#4437,.T.);
#4437 = LINE('',#4438,#4439);
#4438 = CARTESIAN_POINT('',(-0.3,0.6,8.2));
#4439 = VECTOR('',#4440,1.);
#4440 = DIRECTION('',(-1.110223024625E-16,-1.,0.));
#4441 = PLANE('',#4442);
#4442 = AXIS2_PLACEMENT_3D('',#4443,#4444,#4445);
#4443 = CARTESIAN_POINT('',(-0.45,0.6,8.35));
#4444 = DIRECTION('',(0.707106781187,-7.850462293414E-17,0.707106781187)
  );
#4445 = DIRECTION('',(-1.110223024625E-16,-1.,2.68018785873E-29));
#4446 = ADVANCED_FACE('',(#4447),#4458,.T.);
#4447 = FACE_BOUND('',#4448,.T.);
#4448 = EDGE_LOOP('',(#4449,#4450,#4451,#4452));
#4449 = ORIENTED_EDGE('',*,*,#4428,.F.);
#4450 = ORIENTED_EDGE('',*,*,#3709,.T.);
#4451 = ORIENTED_EDGE('',*,*,#4371,.T.);
#4452 = ORIENTED_EDGE('',*,*,#4453,.F.);
#4453 = EDGE_CURVE('',#4429,#4372,#4454,.T.);
#4454 = LINE('',#4455,#4456);
#4455 = CARTESIAN_POINT('',(-0.6,-0.3,8.2));
#4456 = VECTOR('',#4457,1.);
#4457 = DIRECTION('',(1.,-1.110223024625E-16,0.));
#4458 = PLANE('',#4459);
#4459 = AXIS2_PLACEMENT_3D('',#4460,#4461,#4462);
#4460 = CARTESIAN_POINT('',(-0.6,-0.45,8.35));
#4461 = DIRECTION('',(8.197719098449E-17,0.707106781187,0.707106781187)
  );
#4462 = DIRECTION('',(1.,-1.13477778879E-16,-2.455476416522E-18));
#4463 = ADVANCED_FACE('',(#4464),#4475,.T.);
#4464 = FACE_BOUND('',#4465,.T.);
#4465 = EDGE_LOOP('',(#4466,#4467,#4468,#4474));
#4466 = ORIENTED_EDGE('',*,*,#3789,.F.);
#4467 = ORIENTED_EDGE('',*,*,#3799,.T.);
#4468 = ORIENTED_EDGE('',*,*,#4469,.T.);
#4469 = EDGE_CURVE('',#3800,#3840,#4470,.T.);
#4470 = LINE('',#4471,#4472);
#4471 = CARTESIAN_POINT('',(-0.1,-7.92,0.2));
#4472 = VECTOR('',#4473,1.);
#4473 = DIRECTION('',(1.,-1.110223024625E-16,0.));
#4474 = ORIENTED_EDGE('',*,*,#3847,.T.);
#4475 = PLANE('',#4476);
#4476 = AXIS2_PLACEMENT_3D('',#4477,#4478,#4479);
#4477 = CARTESIAN_POINT('',(-0.1,-7.92,0.2));
#4478 = DIRECTION('',(0.,-0.,-1.));
#4479 = DIRECTION('',(-1.110223024625E-16,-1.,0.));
#4480 = ADVANCED_FACE('',(#4481),#4522,.F.);
#4481 = FACE_BOUND('',#4482,.F.);
#4482 = EDGE_LOOP('',(#4483,#4491,#4492,#4500,#4508,#4516));
#4483 = ORIENTED_EDGE('',*,*,#4484,.T.);
#4484 = EDGE_CURVE('',#4485,#3840,#4487,.T.);
#4485 = VERTEX_POINT('',#4486);
#4486 = CARTESIAN_POINT('',(0.1,-7.92,-2.5));
#4487 = LINE('',#4488,#4489);
#4488 = CARTESIAN_POINT('',(0.1,-7.92,-2.5));
#4489 = VECTOR('',#4490,1.);
#4490 = DIRECTION('',(0.,0.,1.));
#4491 = ORIENTED_EDGE('',*,*,#3839,.F.);
#4492 = ORIENTED_EDGE('',*,*,#4493,.T.);
#4493 = EDGE_CURVE('',#3832,#4494,#4496,.T.);
#4494 = VERTEX_POINT('',#4495);
#4495 = CARTESIAN_POINT('',(0.1,-7.32,-2.5));
#4496 = LINE('',#4497,#4498);
#4497 = CARTESIAN_POINT('',(0.1,-7.32,0.2));
#4498 = VECTOR('',#4499,1.);
#4499 = DIRECTION('',(0.,0.,-1.));
#4500 = ORIENTED_EDGE('',*,*,#4501,.T.);
#4501 = EDGE_CURVE('',#4494,#4502,#4504,.T.);
#4502 = VERTEX_POINT('',#4503);
#4503 = CARTESIAN_POINT('',(0.1,-7.47,-3.1));
#4504 = LINE('',#4505,#4506);
#4505 = CARTESIAN_POINT('',(0.1,-7.32,-2.5));
#4506 = VECTOR('',#4507,1.);
#4507 = DIRECTION('',(-2.692686352073E-17,-0.242535625036,
    -0.970142500145));
#4508 = ORIENTED_EDGE('',*,*,#4509,.T.);
#4509 = EDGE_CURVE('',#4502,#4510,#4512,.T.);
#4510 = VERTEX_POINT('',#4511);
#4511 = CARTESIAN_POINT('',(0.1,-7.77,-3.1));
#4512 = LINE('',#4513,#4514);
#4513 = CARTESIAN_POINT('',(0.1,-7.47,-3.1));
#4514 = VECTOR('',#4515,1.);
#4515 = DIRECTION('',(-1.110223024625E-16,-1.,0.));
#4516 = ORIENTED_EDGE('',*,*,#4517,.T.);
#4517 = EDGE_CURVE('',#4510,#4485,#4518,.T.);
#4518 = LINE('',#4519,#4520);
#4519 = CARTESIAN_POINT('',(0.1,-7.77,-3.1));
#4520 = VECTOR('',#4521,1.);
#4521 = DIRECTION('',(-2.692686352073E-17,-0.242535625036,0.970142500145
    ));
#4522 = PLANE('',#4523);
#4523 = AXIS2_PLACEMENT_3D('',#4524,#4525,#4526);
#4524 = CARTESIAN_POINT('',(0.1,-7.62,3.911477598424));
#4525 = DIRECTION('',(-1.,1.110223024625E-16,0.));
#4526 = DIRECTION('',(0.,0.,1.));
#4527 = ADVANCED_FACE('',(#4528),#4539,.T.);
#4528 = FACE_BOUND('',#4529,.T.);
#4529 = EDGE_LOOP('',(#4530,#4536,#4537,#4538));
#4530 = ORIENTED_EDGE('',*,*,#4531,.F.);
#4531 = EDGE_CURVE('',#3808,#3832,#4532,.T.);
#4532 = LINE('',#4533,#4534);
#4533 = CARTESIAN_POINT('',(-0.1,-7.32,0.2));
#4534 = VECTOR('',#4535,1.);
#4535 = DIRECTION('',(1.,-1.110223024625E-16,0.));
#4536 = ORIENTED_EDGE('',*,*,#3815,.T.);
#4537 = ORIENTED_EDGE('',*,*,#3823,.T.);
#4538 = ORIENTED_EDGE('',*,*,#3831,.T.);
#4539 = PLANE('',#4540);
#4540 = AXIS2_PLACEMENT_3D('',#4541,#4542,#4543);
#4541 = CARTESIAN_POINT('',(-0.1,-7.92,0.2));
#4542 = DIRECTION('',(0.,-0.,-1.));
#4543 = DIRECTION('',(-1.110223024625E-16,-1.,0.));
#4544 = ADVANCED_FACE('',(#4545),#4586,.T.);
#4545 = FACE_BOUND('',#4546,.T.);
#4546 = EDGE_LOOP('',(#4547,#4555,#4556,#4564,#4572,#4580));
#4547 = ORIENTED_EDGE('',*,*,#4548,.T.);
#4548 = EDGE_CURVE('',#4549,#3800,#4551,.T.);
#4549 = VERTEX_POINT('',#4550);
#4550 = CARTESIAN_POINT('',(-0.1,-7.92,-2.5));
#4551 = LINE('',#4552,#4553);
#4552 = CARTESIAN_POINT('',(-0.1,-7.92,-2.5));
#4553 = VECTOR('',#4554,1.);
#4554 = DIRECTION('',(0.,0.,1.));
#4555 = ORIENTED_EDGE('',*,*,#3807,.F.);
#4556 = ORIENTED_EDGE('',*,*,#4557,.T.);
#4557 = EDGE_CURVE('',#3808,#4558,#4560,.T.);
#4558 = VERTEX_POINT('',#4559);
#4559 = CARTESIAN_POINT('',(-0.1,-7.32,-2.5));
#4560 = LINE('',#4561,#4562);
#4561 = CARTESIAN_POINT('',(-0.1,-7.32,0.2));
#4562 = VECTOR('',#4563,1.);
#4563 = DIRECTION('',(0.,0.,-1.));
#4564 = ORIENTED_EDGE('',*,*,#4565,.T.);
#4565 = EDGE_CURVE('',#4558,#4566,#4568,.T.);
#4566 = VERTEX_POINT('',#4567);
#4567 = CARTESIAN_POINT('',(-0.1,-7.47,-3.1));
#4568 = LINE('',#4569,#4570);
#4569 = CARTESIAN_POINT('',(-0.1,-7.32,-2.5));
#4570 = VECTOR('',#4571,1.);
#4571 = DIRECTION('',(-2.692686352073E-17,-0.242535625036,
    -0.970142500145));
#4572 = ORIENTED_EDGE('',*,*,#4573,.F.);
#4573 = EDGE_CURVE('',#4574,#4566,#4576,.T.);
#4574 = VERTEX_POINT('',#4575);
#4575 = CARTESIAN_POINT('',(-0.1,-7.77,-3.1));
#4576 = LINE('',#4577,#4578);
#4577 = CARTESIAN_POINT('',(-0.1,-7.77,-3.1));
#4578 = VECTOR('',#4579,1.);
#4579 = DIRECTION('',(1.110223024625E-16,1.,0.));
#4580 = ORIENTED_EDGE('',*,*,#4581,.T.);
#4581 = EDGE_CURVE('',#4574,#4549,#4582,.T.);
#4582 = LINE('',#4583,#4584);
#4583 = CARTESIAN_POINT('',(-0.1,-7.77,-3.1));
#4584 = VECTOR('',#4585,1.);
#4585 = DIRECTION('',(-2.692686352073E-17,-0.242535625036,0.970142500145
    ));
#4586 = PLANE('',#4587);
#4587 = AXIS2_PLACEMENT_3D('',#4588,#4589,#4590);
#4588 = CARTESIAN_POINT('',(-0.1,-7.62,3.911477598424));
#4589 = DIRECTION('',(-1.,1.110223024625E-16,0.));
#4590 = DIRECTION('',(0.,0.,1.));
#4591 = ADVANCED_FACE('',(#4592),#4603,.T.);
#4592 = FACE_BOUND('',#4593,.T.);
#4593 = EDGE_LOOP('',(#4594,#4595,#4596,#4602));
#4594 = ORIENTED_EDGE('',*,*,#3855,.F.);
#4595 = ORIENTED_EDGE('',*,*,#3865,.T.);
#4596 = ORIENTED_EDGE('',*,*,#4597,.T.);
#4597 = EDGE_CURVE('',#3866,#3906,#4598,.T.);
#4598 = LINE('',#4599,#4600);
#4599 = CARTESIAN_POINT('',(-0.1,-5.38,0.2));
#4600 = VECTOR('',#4601,1.);
#4601 = DIRECTION('',(1.,-1.110223024625E-16,0.));
#4602 = ORIENTED_EDGE('',*,*,#3913,.T.);
#4603 = PLANE('',#4604);
#4604 = AXIS2_PLACEMENT_3D('',#4605,#4606,#4607);
#4605 = CARTESIAN_POINT('',(-0.1,-5.38,0.2));
#4606 = DIRECTION('',(0.,-0.,-1.));
#4607 = DIRECTION('',(-1.110223024625E-16,-1.,0.));
#4608 = ADVANCED_FACE('',(#4609),#4650,.F.);
#4609 = FACE_BOUND('',#4610,.F.);
#4610 = EDGE_LOOP('',(#4611,#4619,#4620,#4628,#4636,#4644));
#4611 = ORIENTED_EDGE('',*,*,#4612,.T.);
#4612 = EDGE_CURVE('',#4613,#3906,#4615,.T.);
#4613 = VERTEX_POINT('',#4614);
#4614 = CARTESIAN_POINT('',(0.1,-5.38,-2.5));
#4615 = LINE('',#4616,#4617);
#4616 = CARTESIAN_POINT('',(0.1,-5.38,-2.5));
#4617 = VECTOR('',#4618,1.);
#4618 = DIRECTION('',(0.,0.,1.));
#4619 = ORIENTED_EDGE('',*,*,#3905,.F.);
#4620 = ORIENTED_EDGE('',*,*,#4621,.T.);
#4621 = EDGE_CURVE('',#3898,#4622,#4624,.T.);
#4622 = VERTEX_POINT('',#4623);
#4623 = CARTESIAN_POINT('',(0.1,-4.78,-2.5));
#4624 = LINE('',#4625,#4626);
#4625 = CARTESIAN_POINT('',(0.1,-4.78,0.2));
#4626 = VECTOR('',#4627,1.);
#4627 = DIRECTION('',(0.,0.,-1.));
#4628 = ORIENTED_EDGE('',*,*,#4629,.T.);
#4629 = EDGE_CURVE('',#4622,#4630,#4632,.T.);
#4630 = VERTEX_POINT('',#4631);
#4631 = CARTESIAN_POINT('',(0.1,-4.93,-3.1));
#4632 = LINE('',#4633,#4634);
#4633 = CARTESIAN_POINT('',(0.1,-4.78,-2.5));
#4634 = VECTOR('',#4635,1.);
#4635 = DIRECTION('',(-2.692686352073E-17,-0.242535625036,
    -0.970142500145));
#4636 = ORIENTED_EDGE('',*,*,#4637,.T.);
#4637 = EDGE_CURVE('',#4630,#4638,#4640,.T.);
#4638 = VERTEX_POINT('',#4639);
#4639 = CARTESIAN_POINT('',(0.1,-5.23,-3.1));
#4640 = LINE('',#4641,#4642);
#4641 = CARTESIAN_POINT('',(0.1,-4.93,-3.1));
#4642 = VECTOR('',#4643,1.);
#4643 = DIRECTION('',(-1.110223024625E-16,-1.,0.));
#4644 = ORIENTED_EDGE('',*,*,#4645,.T.);
#4645 = EDGE_CURVE('',#4638,#4613,#4646,.T.);
#4646 = LINE('',#4647,#4648);
#4647 = CARTESIAN_POINT('',(0.1,-5.23,-3.1));
#4648 = VECTOR('',#4649,1.);
#4649 = DIRECTION('',(-2.692686352073E-17,-0.242535625036,0.970142500145
    ));
#4650 = PLANE('',#4651);
#4651 = AXIS2_PLACEMENT_3D('',#4652,#4653,#4654);
#4652 = CARTESIAN_POINT('',(0.1,-5.08,3.911477598424));
#4653 = DIRECTION('',(-1.,1.110223024625E-16,0.));
#4654 = DIRECTION('',(0.,0.,1.));
#4655 = ADVANCED_FACE('',(#4656),#4667,.T.);
#4656 = FACE_BOUND('',#4657,.T.);
#4657 = EDGE_LOOP('',(#4658,#4664,#4665,#4666));
#4658 = ORIENTED_EDGE('',*,*,#4659,.F.);
#4659 = EDGE_CURVE('',#3874,#3898,#4660,.T.);
#4660 = LINE('',#4661,#4662);
#4661 = CARTESIAN_POINT('',(-0.1,-4.78,0.2));
#4662 = VECTOR('',#4663,1.);
#4663 = DIRECTION('',(1.,-1.110223024625E-16,0.));
#4664 = ORIENTED_EDGE('',*,*,#3881,.T.);
#4665 = ORIENTED_EDGE('',*,*,#3889,.T.);
#4666 = ORIENTED_EDGE('',*,*,#3897,.T.);
#4667 = PLANE('',#4668);
#4668 = AXIS2_PLACEMENT_3D('',#4669,#4670,#4671);
#4669 = CARTESIAN_POINT('',(-0.1,-5.38,0.2));
#4670 = DIRECTION('',(0.,-0.,-1.));
#4671 = DIRECTION('',(-1.110223024625E-16,-1.,0.));
#4672 = ADVANCED_FACE('',(#4673),#4714,.T.);
#4673 = FACE_BOUND('',#4674,.T.);
#4674 = EDGE_LOOP('',(#4675,#4683,#4684,#4692,#4700,#4708));
#4675 = ORIENTED_EDGE('',*,*,#4676,.T.);
#4676 = EDGE_CURVE('',#4677,#3866,#4679,.T.);
#4677 = VERTEX_POINT('',#4678);
#4678 = CARTESIAN_POINT('',(-0.1,-5.38,-2.5));
#4679 = LINE('',#4680,#4681);
#4680 = CARTESIAN_POINT('',(-0.1,-5.38,-2.5));
#4681 = VECTOR('',#4682,1.);
#4682 = DIRECTION('',(0.,0.,1.));
#4683 = ORIENTED_EDGE('',*,*,#3873,.F.);
#4684 = ORIENTED_EDGE('',*,*,#4685,.T.);
#4685 = EDGE_CURVE('',#3874,#4686,#4688,.T.);
#4686 = VERTEX_POINT('',#4687);
#4687 = CARTESIAN_POINT('',(-0.1,-4.78,-2.5));
#4688 = LINE('',#4689,#4690);
#4689 = CARTESIAN_POINT('',(-0.1,-4.78,0.2));
#4690 = VECTOR('',#4691,1.);
#4691 = DIRECTION('',(0.,0.,-1.));
#4692 = ORIENTED_EDGE('',*,*,#4693,.T.);
#4693 = EDGE_CURVE('',#4686,#4694,#4696,.T.);
#4694 = VERTEX_POINT('',#4695);
#4695 = CARTESIAN_POINT('',(-0.1,-4.93,-3.1));
#4696 = LINE('',#4697,#4698);
#4697 = CARTESIAN_POINT('',(-0.1,-4.78,-2.5));
#4698 = VECTOR('',#4699,1.);
#4699 = DIRECTION('',(-2.692686352073E-17,-0.242535625036,
    -0.970142500145));
#4700 = ORIENTED_EDGE('',*,*,#4701,.F.);
#4701 = EDGE_CURVE('',#4702,#4694,#4704,.T.);
#4702 = VERTEX_POINT('',#4703);
#4703 = CARTESIAN_POINT('',(-0.1,-5.23,-3.1));
#4704 = LINE('',#4705,#4706);
#4705 = CARTESIAN_POINT('',(-0.1,-5.23,-3.1));
#4706 = VECTOR('',#4707,1.);
#4707 = DIRECTION('',(1.110223024625E-16,1.,0.));
#4708 = ORIENTED_EDGE('',*,*,#4709,.T.);
#4709 = EDGE_CURVE('',#4702,#4677,#4710,.T.);
#4710 = LINE('',#4711,#4712);
#4711 = CARTESIAN_POINT('',(-0.1,-5.23,-3.1));
#4712 = VECTOR('',#4713,1.);
#4713 = DIRECTION('',(-2.692686352073E-17,-0.242535625036,0.970142500145
    ));
#4714 = PLANE('',#4715);
#4715 = AXIS2_PLACEMENT_3D('',#4716,#4717,#4718);
#4716 = CARTESIAN_POINT('',(-0.1,-5.08,3.911477598424));
#4717 = DIRECTION('',(-1.,1.110223024625E-16,0.));
#4718 = DIRECTION('',(0.,0.,1.));
#4719 = ADVANCED_FACE('',(#4720),#4731,.T.);
#4720 = FACE_BOUND('',#4721,.T.);
#4721 = EDGE_LOOP('',(#4722,#4723,#4724,#4730));
#4722 = ORIENTED_EDGE('',*,*,#3921,.F.);
#4723 = ORIENTED_EDGE('',*,*,#3931,.T.);
#4724 = ORIENTED_EDGE('',*,*,#4725,.T.);
#4725 = EDGE_CURVE('',#3932,#3972,#4726,.T.);
#4726 = LINE('',#4727,#4728);
#4727 = CARTESIAN_POINT('',(-0.1,-2.84,0.2));
#4728 = VECTOR('',#4729,1.);
#4729 = DIRECTION('',(1.,-1.110223024625E-16,0.));
#4730 = ORIENTED_EDGE('',*,*,#3979,.T.);
#4731 = PLANE('',#4732);
#4732 = AXIS2_PLACEMENT_3D('',#4733,#4734,#4735);
#4733 = CARTESIAN_POINT('',(-0.1,-2.84,0.2));
#4734 = DIRECTION('',(0.,-0.,-1.));
#4735 = DIRECTION('',(-1.110223024625E-16,-1.,0.));
#4736 = ADVANCED_FACE('',(#4737),#4778,.F.);
#4737 = FACE_BOUND('',#4738,.F.);
#4738 = EDGE_LOOP('',(#4739,#4747,#4748,#4756,#4764,#4772));
#4739 = ORIENTED_EDGE('',*,*,#4740,.T.);
#4740 = EDGE_CURVE('',#4741,#3972,#4743,.T.);
#4741 = VERTEX_POINT('',#4742);
#4742 = CARTESIAN_POINT('',(0.1,-2.84,-2.5));
#4743 = LINE('',#4744,#4745);
#4744 = CARTESIAN_POINT('',(0.1,-2.84,-2.5));
#4745 = VECTOR('',#4746,1.);
#4746 = DIRECTION('',(0.,0.,1.));
#4747 = ORIENTED_EDGE('',*,*,#3971,.F.);
#4748 = ORIENTED_EDGE('',*,*,#4749,.T.);
#4749 = EDGE_CURVE('',#3964,#4750,#4752,.T.);
#4750 = VERTEX_POINT('',#4751);
#4751 = CARTESIAN_POINT('',(0.1,-2.24,-2.5));
#4752 = LINE('',#4753,#4754);
#4753 = CARTESIAN_POINT('',(0.1,-2.24,0.2));
#4754 = VECTOR('',#4755,1.);
#4755 = DIRECTION('',(0.,0.,-1.));
#4756 = ORIENTED_EDGE('',*,*,#4757,.T.);
#4757 = EDGE_CURVE('',#4750,#4758,#4760,.T.);
#4758 = VERTEX_POINT('',#4759);
#4759 = CARTESIAN_POINT('',(0.1,-2.39,-3.1));
#4760 = LINE('',#4761,#4762);
#4761 = CARTESIAN_POINT('',(0.1,-2.24,-2.5));
#4762 = VECTOR('',#4763,1.);
#4763 = DIRECTION('',(-2.692686352073E-17,-0.242535625036,
    -0.970142500145));
#4764 = ORIENTED_EDGE('',*,*,#4765,.T.);
#4765 = EDGE_CURVE('',#4758,#4766,#4768,.T.);
#4766 = VERTEX_POINT('',#4767);
#4767 = CARTESIAN_POINT('',(0.1,-2.69,-3.1));
#4768 = LINE('',#4769,#4770);
#4769 = CARTESIAN_POINT('',(0.1,-2.39,-3.1));
#4770 = VECTOR('',#4771,1.);
#4771 = DIRECTION('',(-1.110223024625E-16,-1.,0.));
#4772 = ORIENTED_EDGE('',*,*,#4773,.T.);
#4773 = EDGE_CURVE('',#4766,#4741,#4774,.T.);
#4774 = LINE('',#4775,#4776);
#4775 = CARTESIAN_POINT('',(0.1,-2.69,-3.1));
#4776 = VECTOR('',#4777,1.);
#4777 = DIRECTION('',(-2.692686352073E-17,-0.242535625036,0.970142500145
    ));
#4778 = PLANE('',#4779);
#4779 = AXIS2_PLACEMENT_3D('',#4780,#4781,#4782);
#4780 = CARTESIAN_POINT('',(0.1,-2.54,3.911477598424));
#4781 = DIRECTION('',(-1.,1.110223024625E-16,0.));
#4782 = DIRECTION('',(0.,0.,1.));
#4783 = ADVANCED_FACE('',(#4784),#4795,.T.);
#4784 = FACE_BOUND('',#4785,.T.);
#4785 = EDGE_LOOP('',(#4786,#4792,#4793,#4794));
#4786 = ORIENTED_EDGE('',*,*,#4787,.F.);
#4787 = EDGE_CURVE('',#3940,#3964,#4788,.T.);
#4788 = LINE('',#4789,#4790);
#4789 = CARTESIAN_POINT('',(-0.1,-2.24,0.2));
#4790 = VECTOR('',#4791,1.);
#4791 = DIRECTION('',(1.,-1.110223024625E-16,0.));
#4792 = ORIENTED_EDGE('',*,*,#3947,.T.);
#4793 = ORIENTED_EDGE('',*,*,#3955,.T.);
#4794 = ORIENTED_EDGE('',*,*,#3963,.T.);
#4795 = PLANE('',#4796);
#4796 = AXIS2_PLACEMENT_3D('',#4797,#4798,#4799);
#4797 = CARTESIAN_POINT('',(-0.1,-2.84,0.2));
#4798 = DIRECTION('',(0.,-0.,-1.));
#4799 = DIRECTION('',(-1.110223024625E-16,-1.,0.));
#4800 = ADVANCED_FACE('',(#4801),#4842,.T.);
#4801 = FACE_BOUND('',#4802,.T.);
#4802 = EDGE_LOOP('',(#4803,#4811,#4812,#4820,#4828,#4836));
#4803 = ORIENTED_EDGE('',*,*,#4804,.T.);
#4804 = EDGE_CURVE('',#4805,#3932,#4807,.T.);
#4805 = VERTEX_POINT('',#4806);
#4806 = CARTESIAN_POINT('',(-0.1,-2.84,-2.5));
#4807 = LINE('',#4808,#4809);
#4808 = CARTESIAN_POINT('',(-0.1,-2.84,-2.5));
#4809 = VECTOR('',#4810,1.);
#4810 = DIRECTION('',(0.,0.,1.));
#4811 = ORIENTED_EDGE('',*,*,#3939,.F.);
#4812 = ORIENTED_EDGE('',*,*,#4813,.T.);
#4813 = EDGE_CURVE('',#3940,#4814,#4816,.T.);
#4814 = VERTEX_POINT('',#4815);
#4815 = CARTESIAN_POINT('',(-0.1,-2.24,-2.5));
#4816 = LINE('',#4817,#4818);
#4817 = CARTESIAN_POINT('',(-0.1,-2.24,0.2));
#4818 = VECTOR('',#4819,1.);
#4819 = DIRECTION('',(0.,0.,-1.));
#4820 = ORIENTED_EDGE('',*,*,#4821,.T.);
#4821 = EDGE_CURVE('',#4814,#4822,#4824,.T.);
#4822 = VERTEX_POINT('',#4823);
#4823 = CARTESIAN_POINT('',(-0.1,-2.39,-3.1));
#4824 = LINE('',#4825,#4826);
#4825 = CARTESIAN_POINT('',(-0.1,-2.24,-2.5));
#4826 = VECTOR('',#4827,1.);
#4827 = DIRECTION('',(-2.692686352073E-17,-0.242535625036,
    -0.970142500145));
#4828 = ORIENTED_EDGE('',*,*,#4829,.F.);
#4829 = EDGE_CURVE('',#4830,#4822,#4832,.T.);
#4830 = VERTEX_POINT('',#4831);
#4831 = CARTESIAN_POINT('',(-0.1,-2.69,-3.1));
#4832 = LINE('',#4833,#4834);
#4833 = CARTESIAN_POINT('',(-0.1,-2.69,-3.1));
#4834 = VECTOR('',#4835,1.);
#4835 = DIRECTION('',(1.110223024625E-16,1.,0.));
#4836 = ORIENTED_EDGE('',*,*,#4837,.T.);
#4837 = EDGE_CURVE('',#4830,#4805,#4838,.T.);
#4838 = LINE('',#4839,#4840);
#4839 = CARTESIAN_POINT('',(-0.1,-2.69,-3.1));
#4840 = VECTOR('',#4841,1.);
#4841 = DIRECTION('',(-2.692686352073E-17,-0.242535625036,0.970142500145
    ));
#4842 = PLANE('',#4843);
#4843 = AXIS2_PLACEMENT_3D('',#4844,#4845,#4846);
#4844 = CARTESIAN_POINT('',(-0.1,-2.54,3.911477598424));
#4845 = DIRECTION('',(-1.,1.110223024625E-16,0.));
#4846 = DIRECTION('',(0.,0.,1.));
#4847 = ADVANCED_FACE('',(#4848),#4859,.T.);
#4848 = FACE_BOUND('',#4849,.T.);
#4849 = EDGE_LOOP('',(#4850,#4851,#4852,#4858));
#4850 = ORIENTED_EDGE('',*,*,#3987,.F.);
#4851 = ORIENTED_EDGE('',*,*,#3997,.T.);
#4852 = ORIENTED_EDGE('',*,*,#4853,.T.);
#4853 = EDGE_CURVE('',#3998,#4038,#4854,.T.);
#4854 = LINE('',#4855,#4856);
#4855 = CARTESIAN_POINT('',(-0.1,-0.3,0.2));
#4856 = VECTOR('',#4857,1.);
#4857 = DIRECTION('',(1.,-1.110223024625E-16,0.));
#4858 = ORIENTED_EDGE('',*,*,#4045,.T.);
#4859 = PLANE('',#4860);
#4860 = AXIS2_PLACEMENT_3D('',#4861,#4862,#4863);
#4861 = CARTESIAN_POINT('',(-0.1,-0.3,0.2));
#4862 = DIRECTION('',(0.,-0.,-1.));
#4863 = DIRECTION('',(-1.110223024625E-16,-1.,0.));
#4864 = ADVANCED_FACE('',(#4865),#4906,.F.);
#4865 = FACE_BOUND('',#4866,.F.);
#4866 = EDGE_LOOP('',(#4867,#4875,#4876,#4884,#4892,#4900));
#4867 = ORIENTED_EDGE('',*,*,#4868,.T.);
#4868 = EDGE_CURVE('',#4869,#4038,#4871,.T.);
#4869 = VERTEX_POINT('',#4870);
#4870 = CARTESIAN_POINT('',(0.1,-0.3,-2.5));
#4871 = LINE('',#4872,#4873);
#4872 = CARTESIAN_POINT('',(0.1,-0.3,-2.5));
#4873 = VECTOR('',#4874,1.);
#4874 = DIRECTION('',(0.,0.,1.));
#4875 = ORIENTED_EDGE('',*,*,#4037,.F.);
#4876 = ORIENTED_EDGE('',*,*,#4877,.T.);
#4877 = EDGE_CURVE('',#4030,#4878,#4880,.T.);
#4878 = VERTEX_POINT('',#4879);
#4879 = CARTESIAN_POINT('',(0.1,0.3,-2.5));
#4880 = LINE('',#4881,#4882);
#4881 = CARTESIAN_POINT('',(0.1,0.3,0.2));
#4882 = VECTOR('',#4883,1.);
#4883 = DIRECTION('',(0.,0.,-1.));
#4884 = ORIENTED_EDGE('',*,*,#4885,.T.);
#4885 = EDGE_CURVE('',#4878,#4886,#4888,.T.);
#4886 = VERTEX_POINT('',#4887);
#4887 = CARTESIAN_POINT('',(0.1,0.15,-3.1));
#4888 = LINE('',#4889,#4890);
#4889 = CARTESIAN_POINT('',(0.1,0.3,-2.5));
#4890 = VECTOR('',#4891,1.);
#4891 = DIRECTION('',(-2.692686352073E-17,-0.242535625036,
    -0.970142500145));
#4892 = ORIENTED_EDGE('',*,*,#4893,.T.);
#4893 = EDGE_CURVE('',#4886,#4894,#4896,.T.);
#4894 = VERTEX_POINT('',#4895);
#4895 = CARTESIAN_POINT('',(0.1,-0.15,-3.1));
#4896 = LINE('',#4897,#4898);
#4897 = CARTESIAN_POINT('',(0.1,0.15,-3.1));
#4898 = VECTOR('',#4899,1.);
#4899 = DIRECTION('',(-1.110223024625E-16,-1.,0.));
#4900 = ORIENTED_EDGE('',*,*,#4901,.T.);
#4901 = EDGE_CURVE('',#4894,#4869,#4902,.T.);
#4902 = LINE('',#4903,#4904);
#4903 = CARTESIAN_POINT('',(0.1,-0.15,-3.1));
#4904 = VECTOR('',#4905,1.);
#4905 = DIRECTION('',(-2.692686352073E-17,-0.242535625036,0.970142500145
    ));
#4906 = PLANE('',#4907);
#4907 = AXIS2_PLACEMENT_3D('',#4908,#4909,#4910);
#4908 = CARTESIAN_POINT('',(0.1,-1.110223024625E-17,3.911477598424));
#4909 = DIRECTION('',(-1.,1.110223024625E-16,0.));
#4910 = DIRECTION('',(0.,0.,1.));
#4911 = ADVANCED_FACE('',(#4912),#4923,.T.);
#4912 = FACE_BOUND('',#4913,.T.);
#4913 = EDGE_LOOP('',(#4914,#4920,#4921,#4922));
#4914 = ORIENTED_EDGE('',*,*,#4915,.F.);
#4915 = EDGE_CURVE('',#4006,#4030,#4916,.T.);
#4916 = LINE('',#4917,#4918);
#4917 = CARTESIAN_POINT('',(-0.1,0.3,0.2));
#4918 = VECTOR('',#4919,1.);
#4919 = DIRECTION('',(1.,-1.110223024625E-16,0.));
#4920 = ORIENTED_EDGE('',*,*,#4013,.T.);
#4921 = ORIENTED_EDGE('',*,*,#4021,.T.);
#4922 = ORIENTED_EDGE('',*,*,#4029,.T.);
#4923 = PLANE('',#4924);
#4924 = AXIS2_PLACEMENT_3D('',#4925,#4926,#4927);
#4925 = CARTESIAN_POINT('',(-0.1,-0.3,0.2));
#4926 = DIRECTION('',(0.,-0.,-1.));
#4927 = DIRECTION('',(-1.110223024625E-16,-1.,0.));
#4928 = ADVANCED_FACE('',(#4929),#4970,.T.);
#4929 = FACE_BOUND('',#4930,.T.);
#4930 = EDGE_LOOP('',(#4931,#4939,#4940,#4948,#4956,#4964));
#4931 = ORIENTED_EDGE('',*,*,#4932,.T.);
#4932 = EDGE_CURVE('',#4933,#3998,#4935,.T.);
#4933 = VERTEX_POINT('',#4934);
#4934 = CARTESIAN_POINT('',(-0.1,-0.3,-2.5));
#4935 = LINE('',#4936,#4937);
#4936 = CARTESIAN_POINT('',(-0.1,-0.3,-2.5));
#4937 = VECTOR('',#4938,1.);
#4938 = DIRECTION('',(0.,0.,1.));
#4939 = ORIENTED_EDGE('',*,*,#4005,.F.);
#4940 = ORIENTED_EDGE('',*,*,#4941,.T.);
#4941 = EDGE_CURVE('',#4006,#4942,#4944,.T.);
#4942 = VERTEX_POINT('',#4943);
#4943 = CARTESIAN_POINT('',(-0.1,0.3,-2.5));
#4944 = LINE('',#4945,#4946);
#4945 = CARTESIAN_POINT('',(-0.1,0.3,0.2));
#4946 = VECTOR('',#4947,1.);
#4947 = DIRECTION('',(0.,0.,-1.));
#4948 = ORIENTED_EDGE('',*,*,#4949,.T.);
#4949 = EDGE_CURVE('',#4942,#4950,#4952,.T.);
#4950 = VERTEX_POINT('',#4951);
#4951 = CARTESIAN_POINT('',(-0.1,0.15,-3.1));
#4952 = LINE('',#4953,#4954);
#4953 = CARTESIAN_POINT('',(-0.1,0.3,-2.5));
#4954 = VECTOR('',#4955,1.);
#4955 = DIRECTION('',(-2.692686352073E-17,-0.242535625036,
    -0.970142500145));
#4956 = ORIENTED_EDGE('',*,*,#4957,.F.);
#4957 = EDGE_CURVE('',#4958,#4950,#4960,.T.);
#4958 = VERTEX_POINT('',#4959);
#4959 = CARTESIAN_POINT('',(-0.1,-0.15,-3.1));
#4960 = LINE('',#4961,#4962);
#4961 = CARTESIAN_POINT('',(-0.1,-0.15,-3.1));
#4962 = VECTOR('',#4963,1.);
#4963 = DIRECTION('',(1.110223024625E-16,1.,0.));
#4964 = ORIENTED_EDGE('',*,*,#4965,.T.);
#4965 = EDGE_CURVE('',#4958,#4933,#4966,.T.);
#4966 = LINE('',#4967,#4968);
#4967 = CARTESIAN_POINT('',(-0.1,-0.15,-3.1));
#4968 = VECTOR('',#4969,1.);
#4969 = DIRECTION('',(-2.692686352073E-17,-0.242535625036,0.970142500145
    ));
#4970 = PLANE('',#4971);
#4971 = AXIS2_PLACEMENT_3D('',#4972,#4973,#4974);
#4972 = CARTESIAN_POINT('',(-0.1,1.110223024625E-17,3.911477598424));
#4973 = DIRECTION('',(-1.,1.110223024625E-16,0.));
#4974 = DIRECTION('',(0.,0.,1.));
#4975 = ADVANCED_FACE('',(#4976),#5001,.F.);
#4976 = FACE_BOUND('',#4977,.F.);
#4977 = EDGE_LOOP('',(#4978,#4986,#4994,#5000));
#4978 = ORIENTED_EDGE('',*,*,#4979,.T.);
#4979 = EDGE_CURVE('',#4084,#4980,#4982,.T.);
#4980 = VERTEX_POINT('',#4981);
#4981 = CARTESIAN_POINT('',(0.3,-7.92,0.9));
#4982 = LINE('',#4983,#4984);
#4983 = CARTESIAN_POINT('',(0.3,-7.92,8.2));
#4984 = VECTOR('',#4985,1.);
#4985 = DIRECTION('',(0.,-0.,-1.));
#4986 = ORIENTED_EDGE('',*,*,#4987,.T.);
#4987 = EDGE_CURVE('',#4980,#4988,#4990,.T.);
#4988 = VERTEX_POINT('',#4989);
#4989 = CARTESIAN_POINT('',(0.3,-7.32,0.9));
#4990 = LINE('',#4991,#4992);
#4991 = CARTESIAN_POINT('',(0.3,-7.92,0.9));
#4992 = VECTOR('',#4993,1.);
#4993 = DIRECTION('',(1.110223024625E-16,1.,0.));
#4994 = ORIENTED_EDGE('',*,*,#4995,.F.);
#4995 = EDGE_CURVE('',#4093,#4988,#4996,.T.);
#4996 = LINE('',#4997,#4998);
#4997 = CARTESIAN_POINT('',(0.3,-7.32,8.2));
#4998 = VECTOR('',#4999,1.);
#4999 = DIRECTION('',(0.,-0.,-1.));
#5000 = ORIENTED_EDGE('',*,*,#4100,.F.);
#5001 = PLANE('',#5002);
#5002 = AXIS2_PLACEMENT_3D('',#5003,#5004,#5005);
#5003 = CARTESIAN_POINT('',(0.3,-7.92,8.2));
#5004 = DIRECTION('',(1.,-1.110223024625E-16,0.));
#5005 = DIRECTION('',(1.110223024625E-16,1.,0.));
#5006 = ADVANCED_FACE('',(#5007),#5057,.F.);
#5007 = FACE_BOUND('',#5008,.F.);
#5008 = EDGE_LOOP('',(#5009,#5010,#5011,#5019,#5027,#5035,#5043,#5051));
#5009 = ORIENTED_EDGE('',*,*,#4124,.F.);
#5010 = ORIENTED_EDGE('',*,*,#4995,.T.);
#5011 = ORIENTED_EDGE('',*,*,#5012,.T.);
#5012 = EDGE_CURVE('',#4988,#5013,#5015,.T.);
#5013 = VERTEX_POINT('',#5014);
#5014 = CARTESIAN_POINT('',(0.1,-7.32,0.9));
#5015 = LINE('',#5016,#5017);
#5016 = CARTESIAN_POINT('',(0.3,-7.32,0.9));
#5017 = VECTOR('',#5018,1.);
#5018 = DIRECTION('',(-1.,1.110223024625E-16,0.));
#5019 = ORIENTED_EDGE('',*,*,#5020,.T.);
#5020 = EDGE_CURVE('',#5013,#5021,#5023,.T.);
#5021 = VERTEX_POINT('',#5022);
#5022 = CARTESIAN_POINT('',(0.1,-7.32,7.4));
#5023 = LINE('',#5024,#5025);
#5024 = CARTESIAN_POINT('',(0.1,-7.32,6.055738799212));
#5025 = VECTOR('',#5026,1.);
#5026 = DIRECTION('',(0.,-0.,1.));
#5027 = ORIENTED_EDGE('',*,*,#5028,.F.);
#5028 = EDGE_CURVE('',#5029,#5021,#5031,.T.);
#5029 = VERTEX_POINT('',#5030);
#5030 = CARTESIAN_POINT('',(-0.1,-7.32,7.4));
#5031 = LINE('',#5032,#5033);
#5032 = CARTESIAN_POINT('',(-0.1,-7.32,7.4));
#5033 = VECTOR('',#5034,1.);
#5034 = DIRECTION('',(1.,-1.110223024625E-16,0.));
#5035 = ORIENTED_EDGE('',*,*,#5036,.F.);
#5036 = EDGE_CURVE('',#5037,#5029,#5039,.T.);
#5037 = VERTEX_POINT('',#5038);
#5038 = CARTESIAN_POINT('',(-0.1,-7.32,0.9));
#5039 = LINE('',#5040,#5041);
#5040 = CARTESIAN_POINT('',(-0.1,-7.32,6.055738799212));
#5041 = VECTOR('',#5042,1.);
#5042 = DIRECTION('',(0.,-0.,1.));
#5043 = ORIENTED_EDGE('',*,*,#5044,.T.);
#5044 = EDGE_CURVE('',#5037,#5045,#5047,.T.);
#5045 = VERTEX_POINT('',#5046);
#5046 = CARTESIAN_POINT('',(-0.3,-7.32,0.9));
#5047 = LINE('',#5048,#5049);
#5048 = CARTESIAN_POINT('',(0.3,-7.32,0.9));
#5049 = VECTOR('',#5050,1.);
#5050 = DIRECTION('',(-1.,1.110223024625E-16,0.));
#5051 = ORIENTED_EDGE('',*,*,#5052,.F.);
#5052 = EDGE_CURVE('',#4117,#5045,#5053,.T.);
#5053 = LINE('',#5054,#5055);
#5054 = CARTESIAN_POINT('',(-0.3,-7.32,8.2));
#5055 = VECTOR('',#5056,1.);
#5056 = DIRECTION('',(0.,-0.,-1.));
#5057 = PLANE('',#5058);
#5058 = AXIS2_PLACEMENT_3D('',#5059,#5060,#5061);
#5059 = CARTESIAN_POINT('',(0.3,-7.32,8.2));
#5060 = DIRECTION('',(1.110223024625E-16,1.,0.));
#5061 = DIRECTION('',(-1.,1.110223024625E-16,0.));
#5062 = ADVANCED_FACE('',(#5063),#5081,.F.);
#5063 = FACE_BOUND('',#5064,.F.);
#5064 = EDGE_LOOP('',(#5065,#5066,#5074,#5080));
#5065 = ORIENTED_EDGE('',*,*,#5052,.T.);
#5066 = ORIENTED_EDGE('',*,*,#5067,.T.);
#5067 = EDGE_CURVE('',#5045,#5068,#5070,.T.);
#5068 = VERTEX_POINT('',#5069);
#5069 = CARTESIAN_POINT('',(-0.3,-7.92,0.9));
#5070 = LINE('',#5071,#5072);
#5071 = CARTESIAN_POINT('',(-0.3,-7.32,0.9));
#5072 = VECTOR('',#5073,1.);
#5073 = DIRECTION('',(-1.110223024625E-16,-1.,0.));
#5074 = ORIENTED_EDGE('',*,*,#5075,.F.);
#5075 = EDGE_CURVE('',#4141,#5068,#5076,.T.);
#5076 = LINE('',#5077,#5078);
#5077 = CARTESIAN_POINT('',(-0.3,-7.92,8.2));
#5078 = VECTOR('',#5079,1.);
#5079 = DIRECTION('',(0.,-0.,-1.));
#5080 = ORIENTED_EDGE('',*,*,#4148,.F.);
#5081 = PLANE('',#5082);
#5082 = AXIS2_PLACEMENT_3D('',#5083,#5084,#5085);
#5083 = CARTESIAN_POINT('',(-0.3,-7.32,8.2));
#5084 = DIRECTION('',(-1.,1.110223024625E-16,0.));
#5085 = DIRECTION('',(-1.110223024625E-16,-1.,0.));
#5086 = ADVANCED_FACE('',(#5087),#5130,.F.);
#5087 = FACE_BOUND('',#5088,.F.);
#5088 = EDGE_LOOP('',(#5089,#5090,#5091,#5099,#5107,#5115,#5123,#5129));
#5089 = ORIENTED_EDGE('',*,*,#4165,.F.);
#5090 = ORIENTED_EDGE('',*,*,#5075,.T.);
#5091 = ORIENTED_EDGE('',*,*,#5092,.T.);
#5092 = EDGE_CURVE('',#5068,#5093,#5095,.T.);
#5093 = VERTEX_POINT('',#5094);
#5094 = CARTESIAN_POINT('',(-0.1,-7.92,0.9));
#5095 = LINE('',#5096,#5097);
#5096 = CARTESIAN_POINT('',(-0.3,-7.92,0.9));
#5097 = VECTOR('',#5098,1.);
#5098 = DIRECTION('',(1.,-1.110223024625E-16,0.));
#5099 = ORIENTED_EDGE('',*,*,#5100,.F.);
#5100 = EDGE_CURVE('',#5101,#5093,#5103,.T.);
#5101 = VERTEX_POINT('',#5102);
#5102 = CARTESIAN_POINT('',(-0.1,-7.92,7.4));
#5103 = LINE('',#5104,#5105);
#5104 = CARTESIAN_POINT('',(-0.1,-7.92,6.055738799212));
#5105 = VECTOR('',#5106,1.);
#5106 = DIRECTION('',(-0.,0.,-1.));
#5107 = ORIENTED_EDGE('',*,*,#5108,.T.);
#5108 = EDGE_CURVE('',#5101,#5109,#5111,.T.);
#5109 = VERTEX_POINT('',#5110);
#5110 = CARTESIAN_POINT('',(0.1,-7.92,7.4));
#5111 = LINE('',#5112,#5113);
#5112 = CARTESIAN_POINT('',(-0.1,-7.92,7.4));
#5113 = VECTOR('',#5114,1.);
#5114 = DIRECTION('',(1.,-1.110223024625E-16,0.));
#5115 = ORIENTED_EDGE('',*,*,#5116,.T.);
#5116 = EDGE_CURVE('',#5109,#5117,#5119,.T.);
#5117 = VERTEX_POINT('',#5118);
#5118 = CARTESIAN_POINT('',(0.1,-7.92,0.9));
#5119 = LINE('',#5120,#5121);
#5120 = CARTESIAN_POINT('',(0.1,-7.92,6.055738799212));
#5121 = VECTOR('',#5122,1.);
#5122 = DIRECTION('',(-0.,0.,-1.));
#5123 = ORIENTED_EDGE('',*,*,#5124,.T.);
#5124 = EDGE_CURVE('',#5117,#4980,#5125,.T.);
#5125 = LINE('',#5126,#5127);
#5126 = CARTESIAN_POINT('',(-0.3,-7.92,0.9));
#5127 = VECTOR('',#5128,1.);
#5128 = DIRECTION('',(1.,-1.110223024625E-16,0.));
#5129 = ORIENTED_EDGE('',*,*,#4979,.F.);
#5130 = PLANE('',#5131);
#5131 = AXIS2_PLACEMENT_3D('',#5132,#5133,#5134);
#5132 = CARTESIAN_POINT('',(-0.3,-7.92,8.2));
#5133 = DIRECTION('',(-1.110223024625E-16,-1.,0.));
#5134 = DIRECTION('',(1.,-1.110223024625E-16,0.));
#5135 = ADVANCED_FACE('',(#5136),#5161,.F.);
#5136 = FACE_BOUND('',#5137,.F.);
#5137 = EDGE_LOOP('',(#5138,#5146,#5154,#5160));
#5138 = ORIENTED_EDGE('',*,*,#5139,.T.);
#5139 = EDGE_CURVE('',#4180,#5140,#5142,.T.);
#5140 = VERTEX_POINT('',#5141);
#5141 = CARTESIAN_POINT('',(0.3,-5.38,0.9));
#5142 = LINE('',#5143,#5144);
#5143 = CARTESIAN_POINT('',(0.3,-5.38,8.2));
#5144 = VECTOR('',#5145,1.);
#5145 = DIRECTION('',(0.,-0.,-1.));
#5146 = ORIENTED_EDGE('',*,*,#5147,.T.);
#5147 = EDGE_CURVE('',#5140,#5148,#5150,.T.);
#5148 = VERTEX_POINT('',#5149);
#5149 = CARTESIAN_POINT('',(0.3,-4.78,0.9));
#5150 = LINE('',#5151,#5152);
#5151 = CARTESIAN_POINT('',(0.3,-5.38,0.9));
#5152 = VECTOR('',#5153,1.);
#5153 = DIRECTION('',(1.110223024625E-16,1.,0.));
#5154 = ORIENTED_EDGE('',*,*,#5155,.F.);
#5155 = EDGE_CURVE('',#4189,#5148,#5156,.T.);
#5156 = LINE('',#5157,#5158);
#5157 = CARTESIAN_POINT('',(0.3,-4.78,8.2));
#5158 = VECTOR('',#5159,1.);
#5159 = DIRECTION('',(0.,-0.,-1.));
#5160 = ORIENTED_EDGE('',*,*,#4196,.F.);
#5161 = PLANE('',#5162);
#5162 = AXIS2_PLACEMENT_3D('',#5163,#5164,#5165);
#5163 = CARTESIAN_POINT('',(0.3,-5.38,8.2));
#5164 = DIRECTION('',(1.,-1.110223024625E-16,0.));
#5165 = DIRECTION('',(1.110223024625E-16,1.,0.));
#5166 = ADVANCED_FACE('',(#5167),#5217,.F.);
#5167 = FACE_BOUND('',#5168,.F.);
#5168 = EDGE_LOOP('',(#5169,#5170,#5171,#5179,#5187,#5195,#5203,#5211));
#5169 = ORIENTED_EDGE('',*,*,#4220,.F.);
#5170 = ORIENTED_EDGE('',*,*,#5155,.T.);
#5171 = ORIENTED_EDGE('',*,*,#5172,.T.);
#5172 = EDGE_CURVE('',#5148,#5173,#5175,.T.);
#5173 = VERTEX_POINT('',#5174);
#5174 = CARTESIAN_POINT('',(0.1,-4.78,0.9));
#5175 = LINE('',#5176,#5177);
#5176 = CARTESIAN_POINT('',(0.3,-4.78,0.9));
#5177 = VECTOR('',#5178,1.);
#5178 = DIRECTION('',(-1.,1.110223024625E-16,0.));
#5179 = ORIENTED_EDGE('',*,*,#5180,.T.);
#5180 = EDGE_CURVE('',#5173,#5181,#5183,.T.);
#5181 = VERTEX_POINT('',#5182);
#5182 = CARTESIAN_POINT('',(0.1,-4.78,7.4));
#5183 = LINE('',#5184,#5185);
#5184 = CARTESIAN_POINT('',(0.1,-4.78,6.055738799212));
#5185 = VECTOR('',#5186,1.);
#5186 = DIRECTION('',(0.,-0.,1.));
#5187 = ORIENTED_EDGE('',*,*,#5188,.F.);
#5188 = EDGE_CURVE('',#5189,#5181,#5191,.T.);
#5189 = VERTEX_POINT('',#5190);
#5190 = CARTESIAN_POINT('',(-0.1,-4.78,7.4));
#5191 = LINE('',#5192,#5193);
#5192 = CARTESIAN_POINT('',(-0.1,-4.78,7.4));
#5193 = VECTOR('',#5194,1.);
#5194 = DIRECTION('',(1.,-1.110223024625E-16,0.));
#5195 = ORIENTED_EDGE('',*,*,#5196,.F.);
#5196 = EDGE_CURVE('',#5197,#5189,#5199,.T.);
#5197 = VERTEX_POINT('',#5198);
#5198 = CARTESIAN_POINT('',(-0.1,-4.78,0.9));
#5199 = LINE('',#5200,#5201);
#5200 = CARTESIAN_POINT('',(-0.1,-4.78,6.055738799212));
#5201 = VECTOR('',#5202,1.);
#5202 = DIRECTION('',(0.,-0.,1.));
#5203 = ORIENTED_EDGE('',*,*,#5204,.T.);
#5204 = EDGE_CURVE('',#5197,#5205,#5207,.T.);
#5205 = VERTEX_POINT('',#5206);
#5206 = CARTESIAN_POINT('',(-0.3,-4.78,0.9));
#5207 = LINE('',#5208,#5209);
#5208 = CARTESIAN_POINT('',(0.3,-4.78,0.9));
#5209 = VECTOR('',#5210,1.);
#5210 = DIRECTION('',(-1.,1.110223024625E-16,0.));
#5211 = ORIENTED_EDGE('',*,*,#5212,.F.);
#5212 = EDGE_CURVE('',#4213,#5205,#5213,.T.);
#5213 = LINE('',#5214,#5215);
#5214 = CARTESIAN_POINT('',(-0.3,-4.78,8.2));
#5215 = VECTOR('',#5216,1.);
#5216 = DIRECTION('',(0.,-0.,-1.));
#5217 = PLANE('',#5218);
#5218 = AXIS2_PLACEMENT_3D('',#5219,#5220,#5221);
#5219 = CARTESIAN_POINT('',(0.3,-4.78,8.2));
#5220 = DIRECTION('',(1.110223024625E-16,1.,0.));
#5221 = DIRECTION('',(-1.,1.110223024625E-16,0.));
#5222 = ADVANCED_FACE('',(#5223),#5241,.F.);
#5223 = FACE_BOUND('',#5224,.F.);
#5224 = EDGE_LOOP('',(#5225,#5226,#5234,#5240));
#5225 = ORIENTED_EDGE('',*,*,#5212,.T.);
#5226 = ORIENTED_EDGE('',*,*,#5227,.T.);
#5227 = EDGE_CURVE('',#5205,#5228,#5230,.T.);
#5228 = VERTEX_POINT('',#5229);
#5229 = CARTESIAN_POINT('',(-0.3,-5.38,0.9));
#5230 = LINE('',#5231,#5232);
#5231 = CARTESIAN_POINT('',(-0.3,-4.78,0.9));
#5232 = VECTOR('',#5233,1.);
#5233 = DIRECTION('',(-1.110223024625E-16,-1.,0.));
#5234 = ORIENTED_EDGE('',*,*,#5235,.F.);
#5235 = EDGE_CURVE('',#4237,#5228,#5236,.T.);
#5236 = LINE('',#5237,#5238);
#5237 = CARTESIAN_POINT('',(-0.3,-5.38,8.2));
#5238 = VECTOR('',#5239,1.);
#5239 = DIRECTION('',(0.,-0.,-1.));
#5240 = ORIENTED_EDGE('',*,*,#4244,.F.);
#5241 = PLANE('',#5242);
#5242 = AXIS2_PLACEMENT_3D('',#5243,#5244,#5245);
#5243 = CARTESIAN_POINT('',(-0.3,-4.78,8.2));
#5244 = DIRECTION('',(-1.,1.110223024625E-16,0.));
#5245 = DIRECTION('',(-1.110223024625E-16,-1.,0.));
#5246 = ADVANCED_FACE('',(#5247),#5290,.F.);
#5247 = FACE_BOUND('',#5248,.F.);
#5248 = EDGE_LOOP('',(#5249,#5250,#5251,#5259,#5267,#5275,#5283,#5289));
#5249 = ORIENTED_EDGE('',*,*,#4261,.F.);
#5250 = ORIENTED_EDGE('',*,*,#5235,.T.);
#5251 = ORIENTED_EDGE('',*,*,#5252,.T.);
#5252 = EDGE_CURVE('',#5228,#5253,#5255,.T.);
#5253 = VERTEX_POINT('',#5254);
#5254 = CARTESIAN_POINT('',(-0.1,-5.38,0.9));
#5255 = LINE('',#5256,#5257);
#5256 = CARTESIAN_POINT('',(-0.3,-5.38,0.9));
#5257 = VECTOR('',#5258,1.);
#5258 = DIRECTION('',(1.,-1.110223024625E-16,0.));
#5259 = ORIENTED_EDGE('',*,*,#5260,.F.);
#5260 = EDGE_CURVE('',#5261,#5253,#5263,.T.);
#5261 = VERTEX_POINT('',#5262);
#5262 = CARTESIAN_POINT('',(-0.1,-5.38,7.4));
#5263 = LINE('',#5264,#5265);
#5264 = CARTESIAN_POINT('',(-0.1,-5.38,6.055738799212));
#5265 = VECTOR('',#5266,1.);
#5266 = DIRECTION('',(-0.,0.,-1.));
#5267 = ORIENTED_EDGE('',*,*,#5268,.T.);
#5268 = EDGE_CURVE('',#5261,#5269,#5271,.T.);
#5269 = VERTEX_POINT('',#5270);
#5270 = CARTESIAN_POINT('',(0.1,-5.38,7.4));
#5271 = LINE('',#5272,#5273);
#5272 = CARTESIAN_POINT('',(-0.1,-5.38,7.4));
#5273 = VECTOR('',#5274,1.);
#5274 = DIRECTION('',(1.,-1.110223024625E-16,0.));
#5275 = ORIENTED_EDGE('',*,*,#5276,.T.);
#5276 = EDGE_CURVE('',#5269,#5277,#5279,.T.);
#5277 = VERTEX_POINT('',#5278);
#5278 = CARTESIAN_POINT('',(0.1,-5.38,0.9));
#5279 = LINE('',#5280,#5281);
#5280 = CARTESIAN_POINT('',(0.1,-5.38,6.055738799212));
#5281 = VECTOR('',#5282,1.);
#5282 = DIRECTION('',(-0.,0.,-1.));
#5283 = ORIENTED_EDGE('',*,*,#5284,.T.);
#5284 = EDGE_CURVE('',#5277,#5140,#5285,.T.);
#5285 = LINE('',#5286,#5287);
#5286 = CARTESIAN_POINT('',(-0.3,-5.38,0.9));
#5287 = VECTOR('',#5288,1.);
#5288 = DIRECTION('',(1.,-1.110223024625E-16,0.));
#5289 = ORIENTED_EDGE('',*,*,#5139,.F.);
#5290 = PLANE('',#5291);
#5291 = AXIS2_PLACEMENT_3D('',#5292,#5293,#5294);
#5292 = CARTESIAN_POINT('',(-0.3,-5.38,8.2));
#5293 = DIRECTION('',(-1.110223024625E-16,-1.,0.));
#5294 = DIRECTION('',(1.,-1.110223024625E-16,0.));
#5295 = ADVANCED_FACE('',(#5296),#5321,.F.);
#5296 = FACE_BOUND('',#5297,.F.);
#5297 = EDGE_LOOP('',(#5298,#5306,#5314,#5320));
#5298 = ORIENTED_EDGE('',*,*,#5299,.T.);
#5299 = EDGE_CURVE('',#4276,#5300,#5302,.T.);
#5300 = VERTEX_POINT('',#5301);
#5301 = CARTESIAN_POINT('',(0.3,-2.84,0.9));
#5302 = LINE('',#5303,#5304);
#5303 = CARTESIAN_POINT('',(0.3,-2.84,8.2));
#5304 = VECTOR('',#5305,1.);
#5305 = DIRECTION('',(0.,-0.,-1.));
#5306 = ORIENTED_EDGE('',*,*,#5307,.T.);
#5307 = EDGE_CURVE('',#5300,#5308,#5310,.T.);
#5308 = VERTEX_POINT('',#5309);
#5309 = CARTESIAN_POINT('',(0.3,-2.24,0.9));
#5310 = LINE('',#5311,#5312);
#5311 = CARTESIAN_POINT('',(0.3,-2.84,0.9));
#5312 = VECTOR('',#5313,1.);
#5313 = DIRECTION('',(1.110223024625E-16,1.,0.));
#5314 = ORIENTED_EDGE('',*,*,#5315,.F.);
#5315 = EDGE_CURVE('',#4285,#5308,#5316,.T.);
#5316 = LINE('',#5317,#5318);
#5317 = CARTESIAN_POINT('',(0.3,-2.24,8.2));
#5318 = VECTOR('',#5319,1.);
#5319 = DIRECTION('',(0.,-0.,-1.));
#5320 = ORIENTED_EDGE('',*,*,#4292,.F.);
#5321 = PLANE('',#5322);
#5322 = AXIS2_PLACEMENT_3D('',#5323,#5324,#5325);
#5323 = CARTESIAN_POINT('',(0.3,-2.84,8.2));
#5324 = DIRECTION('',(1.,-1.110223024625E-16,0.));
#5325 = DIRECTION('',(1.110223024625E-16,1.,0.));
#5326 = ADVANCED_FACE('',(#5327),#5377,.F.);
#5327 = FACE_BOUND('',#5328,.F.);
#5328 = EDGE_LOOP('',(#5329,#5330,#5331,#5339,#5347,#5355,#5363,#5371));
#5329 = ORIENTED_EDGE('',*,*,#4316,.F.);
#5330 = ORIENTED_EDGE('',*,*,#5315,.T.);
#5331 = ORIENTED_EDGE('',*,*,#5332,.T.);
#5332 = EDGE_CURVE('',#5308,#5333,#5335,.T.);
#5333 = VERTEX_POINT('',#5334);
#5334 = CARTESIAN_POINT('',(0.1,-2.24,0.9));
#5335 = LINE('',#5336,#5337);
#5336 = CARTESIAN_POINT('',(0.3,-2.24,0.9));
#5337 = VECTOR('',#5338,1.);
#5338 = DIRECTION('',(-1.,1.110223024625E-16,0.));
#5339 = ORIENTED_EDGE('',*,*,#5340,.T.);
#5340 = EDGE_CURVE('',#5333,#5341,#5343,.T.);
#5341 = VERTEX_POINT('',#5342);
#5342 = CARTESIAN_POINT('',(0.1,-2.24,7.4));
#5343 = LINE('',#5344,#5345);
#5344 = CARTESIAN_POINT('',(0.1,-2.24,6.055738799212));
#5345 = VECTOR('',#5346,1.);
#5346 = DIRECTION('',(0.,-0.,1.));
#5347 = ORIENTED_EDGE('',*,*,#5348,.F.);
#5348 = EDGE_CURVE('',#5349,#5341,#5351,.T.);
#5349 = VERTEX_POINT('',#5350);
#5350 = CARTESIAN_POINT('',(-0.1,-2.24,7.4));
#5351 = LINE('',#5352,#5353);
#5352 = CARTESIAN_POINT('',(-0.1,-2.24,7.4));
#5353 = VECTOR('',#5354,1.);
#5354 = DIRECTION('',(1.,-1.110223024625E-16,0.));
#5355 = ORIENTED_EDGE('',*,*,#5356,.F.);
#5356 = EDGE_CURVE('',#5357,#5349,#5359,.T.);
#5357 = VERTEX_POINT('',#5358);
#5358 = CARTESIAN_POINT('',(-0.1,-2.24,0.9));
#5359 = LINE('',#5360,#5361);
#5360 = CARTESIAN_POINT('',(-0.1,-2.24,6.055738799212));
#5361 = VECTOR('',#5362,1.);
#5362 = DIRECTION('',(0.,-0.,1.));
#5363 = ORIENTED_EDGE('',*,*,#5364,.T.);
#5364 = EDGE_CURVE('',#5357,#5365,#5367,.T.);
#5365 = VERTEX_POINT('',#5366);
#5366 = CARTESIAN_POINT('',(-0.3,-2.24,0.9));
#5367 = LINE('',#5368,#5369);
#5368 = CARTESIAN_POINT('',(0.3,-2.24,0.9));
#5369 = VECTOR('',#5370,1.);
#5370 = DIRECTION('',(-1.,1.110223024625E-16,0.));
#5371 = ORIENTED_EDGE('',*,*,#5372,.F.);
#5372 = EDGE_CURVE('',#4309,#5365,#5373,.T.);
#5373 = LINE('',#5374,#5375);
#5374 = CARTESIAN_POINT('',(-0.3,-2.24,8.2));
#5375 = VECTOR('',#5376,1.);
#5376 = DIRECTION('',(0.,-0.,-1.));
#5377 = PLANE('',#5378);
#5378 = AXIS2_PLACEMENT_3D('',#5379,#5380,#5381);
#5379 = CARTESIAN_POINT('',(0.3,-2.24,8.2));
#5380 = DIRECTION('',(1.110223024625E-16,1.,0.));
#5381 = DIRECTION('',(-1.,1.110223024625E-16,0.));
#5382 = ADVANCED_FACE('',(#5383),#5401,.F.);
#5383 = FACE_BOUND('',#5384,.F.);
#5384 = EDGE_LOOP('',(#5385,#5386,#5394,#5400));
#5385 = ORIENTED_EDGE('',*,*,#5372,.T.);
#5386 = ORIENTED_EDGE('',*,*,#5387,.T.);
#5387 = EDGE_CURVE('',#5365,#5388,#5390,.T.);
#5388 = VERTEX_POINT('',#5389);
#5389 = CARTESIAN_POINT('',(-0.3,-2.84,0.9));
#5390 = LINE('',#5391,#5392);
#5391 = CARTESIAN_POINT('',(-0.3,-2.24,0.9));
#5392 = VECTOR('',#5393,1.);
#5393 = DIRECTION('',(-1.110223024625E-16,-1.,0.));
#5394 = ORIENTED_EDGE('',*,*,#5395,.F.);
#5395 = EDGE_CURVE('',#4333,#5388,#5396,.T.);
#5396 = LINE('',#5397,#5398);
#5397 = CARTESIAN_POINT('',(-0.3,-2.84,8.2));
#5398 = VECTOR('',#5399,1.);
#5399 = DIRECTION('',(0.,-0.,-1.));
#5400 = ORIENTED_EDGE('',*,*,#4340,.F.);
#5401 = PLANE('',#5402);
#5402 = AXIS2_PLACEMENT_3D('',#5403,#5404,#5405);
#5403 = CARTESIAN_POINT('',(-0.3,-2.24,8.2));
#5404 = DIRECTION('',(-1.,1.110223024625E-16,0.));
#5405 = DIRECTION('',(-1.110223024625E-16,-1.,0.));
#5406 = ADVANCED_FACE('',(#5407),#5450,.F.);
#5407 = FACE_BOUND('',#5408,.F.);
#5408 = EDGE_LOOP('',(#5409,#5410,#5411,#5419,#5427,#5435,#5443,#5449));
#5409 = ORIENTED_EDGE('',*,*,#4357,.F.);
#5410 = ORIENTED_EDGE('',*,*,#5395,.T.);
#5411 = ORIENTED_EDGE('',*,*,#5412,.T.);
#5412 = EDGE_CURVE('',#5388,#5413,#5415,.T.);
#5413 = VERTEX_POINT('',#5414);
#5414 = CARTESIAN_POINT('',(-0.1,-2.84,0.9));
#5415 = LINE('',#5416,#5417);
#5416 = CARTESIAN_POINT('',(-0.3,-2.84,0.9));
#5417 = VECTOR('',#5418,1.);
#5418 = DIRECTION('',(1.,-1.110223024625E-16,0.));
#5419 = ORIENTED_EDGE('',*,*,#5420,.F.);
#5420 = EDGE_CURVE('',#5421,#5413,#5423,.T.);
#5421 = VERTEX_POINT('',#5422);
#5422 = CARTESIAN_POINT('',(-0.1,-2.84,7.4));
#5423 = LINE('',#5424,#5425);
#5424 = CARTESIAN_POINT('',(-0.1,-2.84,6.055738799212));
#5425 = VECTOR('',#5426,1.);
#5426 = DIRECTION('',(-0.,0.,-1.));
#5427 = ORIENTED_EDGE('',*,*,#5428,.T.);
#5428 = EDGE_CURVE('',#5421,#5429,#5431,.T.);
#5429 = VERTEX_POINT('',#5430);
#5430 = CARTESIAN_POINT('',(0.1,-2.84,7.4));
#5431 = LINE('',#5432,#5433);
#5432 = CARTESIAN_POINT('',(-0.1,-2.84,7.4));
#5433 = VECTOR('',#5434,1.);
#5434 = DIRECTION('',(1.,-1.110223024625E-16,0.));
#5435 = ORIENTED_EDGE('',*,*,#5436,.T.);
#5436 = EDGE_CURVE('',#5429,#5437,#5439,.T.);
#5437 = VERTEX_POINT('',#5438);
#5438 = CARTESIAN_POINT('',(0.1,-2.84,0.9));
#5439 = LINE('',#5440,#5441);
#5440 = CARTESIAN_POINT('',(0.1,-2.84,6.055738799212));
#5441 = VECTOR('',#5442,1.);
#5442 = DIRECTION('',(-0.,0.,-1.));
#5443 = ORIENTED_EDGE('',*,*,#5444,.T.);
#5444 = EDGE_CURVE('',#5437,#5300,#5445,.T.);
#5445 = LINE('',#5446,#5447);
#5446 = CARTESIAN_POINT('',(-0.3,-2.84,0.9));
#5447 = VECTOR('',#5448,1.);
#5448 = DIRECTION('',(1.,-1.110223024625E-16,0.));
#5449 = ORIENTED_EDGE('',*,*,#5299,.F.);
#5450 = PLANE('',#5451);
#5451 = AXIS2_PLACEMENT_3D('',#5452,#5453,#5454);
#5452 = CARTESIAN_POINT('',(-0.3,-2.84,8.2));
#5453 = DIRECTION('',(-1.110223024625E-16,-1.,0.));
#5454 = DIRECTION('',(1.,-1.110223024625E-16,0.));
#5455 = ADVANCED_FACE('',(#5456),#5481,.F.);
#5456 = FACE_BOUND('',#5457,.F.);
#5457 = EDGE_LOOP('',(#5458,#5466,#5474,#5480));
#5458 = ORIENTED_EDGE('',*,*,#5459,.T.);
#5459 = EDGE_CURVE('',#4372,#5460,#5462,.T.);
#5460 = VERTEX_POINT('',#5461);
#5461 = CARTESIAN_POINT('',(0.3,-0.3,0.9));
#5462 = LINE('',#5463,#5464);
#5463 = CARTESIAN_POINT('',(0.3,-0.3,8.2));
#5464 = VECTOR('',#5465,1.);
#5465 = DIRECTION('',(0.,-0.,-1.));
#5466 = ORIENTED_EDGE('',*,*,#5467,.T.);
#5467 = EDGE_CURVE('',#5460,#5468,#5470,.T.);
#5468 = VERTEX_POINT('',#5469);
#5469 = CARTESIAN_POINT('',(0.3,0.3,0.9));
#5470 = LINE('',#5471,#5472);
#5471 = CARTESIAN_POINT('',(0.3,-0.3,0.9));
#5472 = VECTOR('',#5473,1.);
#5473 = DIRECTION('',(1.110223024625E-16,1.,0.));
#5474 = ORIENTED_EDGE('',*,*,#5475,.F.);
#5475 = EDGE_CURVE('',#4381,#5468,#5476,.T.);
#5476 = LINE('',#5477,#5478);
#5477 = CARTESIAN_POINT('',(0.3,0.3,8.2));
#5478 = VECTOR('',#5479,1.);
#5479 = DIRECTION('',(0.,-0.,-1.));
#5480 = ORIENTED_EDGE('',*,*,#4388,.F.);
#5481 = PLANE('',#5482);
#5482 = AXIS2_PLACEMENT_3D('',#5483,#5484,#5485);
#5483 = CARTESIAN_POINT('',(0.3,-0.3,8.2));
#5484 = DIRECTION('',(1.,-1.110223024625E-16,0.));
#5485 = DIRECTION('',(1.110223024625E-16,1.,0.));
#5486 = ADVANCED_FACE('',(#5487),#5537,.F.);
#5487 = FACE_BOUND('',#5488,.F.);
#5488 = EDGE_LOOP('',(#5489,#5490,#5491,#5499,#5507,#5515,#5523,#5531));
#5489 = ORIENTED_EDGE('',*,*,#4412,.F.);
#5490 = ORIENTED_EDGE('',*,*,#5475,.T.);
#5491 = ORIENTED_EDGE('',*,*,#5492,.T.);
#5492 = EDGE_CURVE('',#5468,#5493,#5495,.T.);
#5493 = VERTEX_POINT('',#5494);
#5494 = CARTESIAN_POINT('',(0.1,0.3,0.9));
#5495 = LINE('',#5496,#5497);
#5496 = CARTESIAN_POINT('',(0.3,0.3,0.9));
#5497 = VECTOR('',#5498,1.);
#5498 = DIRECTION('',(-1.,1.110223024625E-16,0.));
#5499 = ORIENTED_EDGE('',*,*,#5500,.T.);
#5500 = EDGE_CURVE('',#5493,#5501,#5503,.T.);
#5501 = VERTEX_POINT('',#5502);
#5502 = CARTESIAN_POINT('',(0.1,0.3,7.4));
#5503 = LINE('',#5504,#5505);
#5504 = CARTESIAN_POINT('',(0.1,0.3,6.055738799212));
#5505 = VECTOR('',#5506,1.);
#5506 = DIRECTION('',(0.,-0.,1.));
#5507 = ORIENTED_EDGE('',*,*,#5508,.F.);
#5508 = EDGE_CURVE('',#5509,#5501,#5511,.T.);
#5509 = VERTEX_POINT('',#5510);
#5510 = CARTESIAN_POINT('',(-0.1,0.3,7.4));
#5511 = LINE('',#5512,#5513);
#5512 = CARTESIAN_POINT('',(-0.1,0.3,7.4));
#5513 = VECTOR('',#5514,1.);
#5514 = DIRECTION('',(1.,-1.110223024625E-16,0.));
#5515 = ORIENTED_EDGE('',*,*,#5516,.F.);
#5516 = EDGE_CURVE('',#5517,#5509,#5519,.T.);
#5517 = VERTEX_POINT('',#5518);
#5518 = CARTESIAN_POINT('',(-0.1,0.3,0.9));
#5519 = LINE('',#5520,#5521);
#5520 = CARTESIAN_POINT('',(-0.1,0.3,6.055738799212));
#5521 = VECTOR('',#5522,1.);
#5522 = DIRECTION('',(0.,-0.,1.));
#5523 = ORIENTED_EDGE('',*,*,#5524,.T.);
#5524 = EDGE_CURVE('',#5517,#5525,#5527,.T.);
#5525 = VERTEX_POINT('',#5526);
#5526 = CARTESIAN_POINT('',(-0.3,0.3,0.9));
#5527 = LINE('',#5528,#5529);
#5528 = CARTESIAN_POINT('',(0.3,0.3,0.9));
#5529 = VECTOR('',#5530,1.);
#5530 = DIRECTION('',(-1.,1.110223024625E-16,0.));
#5531 = ORIENTED_EDGE('',*,*,#5532,.F.);
#5532 = EDGE_CURVE('',#4405,#5525,#5533,.T.);
#5533 = LINE('',#5534,#5535);
#5534 = CARTESIAN_POINT('',(-0.3,0.3,8.2));
#5535 = VECTOR('',#5536,1.);
#5536 = DIRECTION('',(0.,-0.,-1.));
#5537 = PLANE('',#5538);
#5538 = AXIS2_PLACEMENT_3D('',#5539,#5540,#5541);
#5539 = CARTESIAN_POINT('',(0.3,0.3,8.2));
#5540 = DIRECTION('',(1.110223024625E-16,1.,0.));
#5541 = DIRECTION('',(-1.,1.110223024625E-16,0.));
#5542 = ADVANCED_FACE('',(#5543),#5561,.F.);
#5543 = FACE_BOUND('',#5544,.F.);
#5544 = EDGE_LOOP('',(#5545,#5546,#5554,#5560));
#5545 = ORIENTED_EDGE('',*,*,#5532,.T.);
#5546 = ORIENTED_EDGE('',*,*,#5547,.T.);
#5547 = EDGE_CURVE('',#5525,#5548,#5550,.T.);
#5548 = VERTEX_POINT('',#5549);
#5549 = CARTESIAN_POINT('',(-0.3,-0.3,0.9));
#5550 = LINE('',#5551,#5552);
#5551 = CARTESIAN_POINT('',(-0.3,0.3,0.9));
#5552 = VECTOR('',#5553,1.);
#5553 = DIRECTION('',(-1.110223024625E-16,-1.,0.));
#5554 = ORIENTED_EDGE('',*,*,#5555,.F.);
#5555 = EDGE_CURVE('',#4429,#5548,#5556,.T.);
#5556 = LINE('',#5557,#5558);
#5557 = CARTESIAN_POINT('',(-0.3,-0.3,8.2));
#5558 = VECTOR('',#5559,1.);
#5559 = DIRECTION('',(0.,-0.,-1.));
#5560 = ORIENTED_EDGE('',*,*,#4436,.F.);
#5561 = PLANE('',#5562);
#5562 = AXIS2_PLACEMENT_3D('',#5563,#5564,#5565);
#5563 = CARTESIAN_POINT('',(-0.3,0.3,8.2));
#5564 = DIRECTION('',(-1.,1.110223024625E-16,0.));
#5565 = DIRECTION('',(-1.110223024625E-16,-1.,0.));
#5566 = ADVANCED_FACE('',(#5567),#5610,.F.);
#5567 = FACE_BOUND('',#5568,.F.);
#5568 = EDGE_LOOP('',(#5569,#5570,#5571,#5579,#5587,#5595,#5603,#5609));
#5569 = ORIENTED_EDGE('',*,*,#4453,.F.);
#5570 = ORIENTED_EDGE('',*,*,#5555,.T.);
#5571 = ORIENTED_EDGE('',*,*,#5572,.T.);
#5572 = EDGE_CURVE('',#5548,#5573,#5575,.T.);
#5573 = VERTEX_POINT('',#5574);
#5574 = CARTESIAN_POINT('',(-0.1,-0.3,0.9));
#5575 = LINE('',#5576,#5577);
#5576 = CARTESIAN_POINT('',(-0.3,-0.3,0.9));
#5577 = VECTOR('',#5578,1.);
#5578 = DIRECTION('',(1.,-1.110223024625E-16,0.));
#5579 = ORIENTED_EDGE('',*,*,#5580,.F.);
#5580 = EDGE_CURVE('',#5581,#5573,#5583,.T.);
#5581 = VERTEX_POINT('',#5582);
#5582 = CARTESIAN_POINT('',(-0.1,-0.3,7.4));
#5583 = LINE('',#5584,#5585);
#5584 = CARTESIAN_POINT('',(-0.1,-0.3,6.055738799212));
#5585 = VECTOR('',#5586,1.);
#5586 = DIRECTION('',(-0.,0.,-1.));
#5587 = ORIENTED_EDGE('',*,*,#5588,.T.);
#5588 = EDGE_CURVE('',#5581,#5589,#5591,.T.);
#5589 = VERTEX_POINT('',#5590);
#5590 = CARTESIAN_POINT('',(0.1,-0.3,7.4));
#5591 = LINE('',#5592,#5593);
#5592 = CARTESIAN_POINT('',(-0.1,-0.3,7.4));
#5593 = VECTOR('',#5594,1.);
#5594 = DIRECTION('',(1.,-1.110223024625E-16,0.));
#5595 = ORIENTED_EDGE('',*,*,#5596,.T.);
#5596 = EDGE_CURVE('',#5589,#5597,#5599,.T.);
#5597 = VERTEX_POINT('',#5598);
#5598 = CARTESIAN_POINT('',(0.1,-0.3,0.9));
#5599 = LINE('',#5600,#5601);
#5600 = CARTESIAN_POINT('',(0.1,-0.3,6.055738799212));
#5601 = VECTOR('',#5602,1.);
#5602 = DIRECTION('',(-0.,0.,-1.));
#5603 = ORIENTED_EDGE('',*,*,#5604,.T.);
#5604 = EDGE_CURVE('',#5597,#5460,#5605,.T.);
#5605 = LINE('',#5606,#5607);
#5606 = CARTESIAN_POINT('',(-0.3,-0.3,0.9));
#5607 = VECTOR('',#5608,1.);
#5608 = DIRECTION('',(1.,-1.110223024625E-16,0.));
#5609 = ORIENTED_EDGE('',*,*,#5459,.F.);
#5610 = PLANE('',#5611);
#5611 = AXIS2_PLACEMENT_3D('',#5612,#5613,#5614);
#5612 = CARTESIAN_POINT('',(-0.3,-0.3,8.2));
#5613 = DIRECTION('',(-1.110223024625E-16,-1.,0.));
#5614 = DIRECTION('',(1.,-1.110223024625E-16,0.));
#5615 = ADVANCED_FACE('',(#5616),#5627,.T.);
#5616 = FACE_BOUND('',#5617,.T.);
#5617 = EDGE_LOOP('',(#5618,#5624,#5625,#5626));
#5618 = ORIENTED_EDGE('',*,*,#5619,.T.);
#5619 = EDGE_CURVE('',#4549,#4485,#5620,.T.);
#5620 = LINE('',#5621,#5622);
#5621 = CARTESIAN_POINT('',(-0.1,-7.92,-2.5));
#5622 = VECTOR('',#5623,1.);
#5623 = DIRECTION('',(1.,-1.110223024625E-16,0.));
#5624 = ORIENTED_EDGE('',*,*,#4484,.T.);
#5625 = ORIENTED_EDGE('',*,*,#4469,.F.);
#5626 = ORIENTED_EDGE('',*,*,#4548,.F.);
#5627 = PLANE('',#5628);
#5628 = AXIS2_PLACEMENT_3D('',#5629,#5630,#5631);
#5629 = CARTESIAN_POINT('',(-0.1,-7.92,-2.5));
#5630 = DIRECTION('',(-1.110223024625E-16,-1.,0.));
#5631 = DIRECTION('',(0.,0.,1.));
#5632 = ADVANCED_FACE('',(#5633),#5644,.T.);
#5633 = FACE_BOUND('',#5634,.T.);
#5634 = EDGE_LOOP('',(#5635,#5641,#5642,#5643));
#5635 = ORIENTED_EDGE('',*,*,#5636,.T.);
#5636 = EDGE_CURVE('',#4574,#4510,#5637,.T.);
#5637 = LINE('',#5638,#5639);
#5638 = CARTESIAN_POINT('',(-0.1,-7.77,-3.1));
#5639 = VECTOR('',#5640,1.);
#5640 = DIRECTION('',(1.,-1.110223024625E-16,0.));
#5641 = ORIENTED_EDGE('',*,*,#4517,.T.);
#5642 = ORIENTED_EDGE('',*,*,#5619,.F.);
#5643 = ORIENTED_EDGE('',*,*,#4581,.F.);
#5644 = PLANE('',#5645);
#5645 = AXIS2_PLACEMENT_3D('',#5646,#5647,#5648);
#5646 = CARTESIAN_POINT('',(-0.1,-7.77,-3.1));
#5647 = DIRECTION('',(-1.077074540829E-16,-0.970142500145,
    -0.242535625036));
#5648 = DIRECTION('',(-2.692686352073E-17,-0.242535625036,0.970142500145
    ));
#5649 = ADVANCED_FACE('',(#5650),#5661,.T.);
#5650 = FACE_BOUND('',#5651,.T.);
#5651 = EDGE_LOOP('',(#5652,#5658,#5659,#5660));
#5652 = ORIENTED_EDGE('',*,*,#5653,.T.);
#5653 = EDGE_CURVE('',#4566,#4502,#5654,.T.);
#5654 = LINE('',#5655,#5656);
#5655 = CARTESIAN_POINT('',(-0.1,-7.47,-3.1));
#5656 = VECTOR('',#5657,1.);
#5657 = DIRECTION('',(1.,-1.110223024625E-16,0.));
#5658 = ORIENTED_EDGE('',*,*,#4509,.T.);
#5659 = ORIENTED_EDGE('',*,*,#5636,.F.);
#5660 = ORIENTED_EDGE('',*,*,#4573,.T.);
#5661 = PLANE('',#5662);
#5662 = AXIS2_PLACEMENT_3D('',#5663,#5664,#5665);
#5663 = CARTESIAN_POINT('',(-0.1,-7.47,-3.1));
#5664 = DIRECTION('',(0.,-0.,-1.));
#5665 = DIRECTION('',(-1.110223024625E-16,-1.,0.));
#5666 = ADVANCED_FACE('',(#5667),#5678,.T.);
#5667 = FACE_BOUND('',#5668,.T.);
#5668 = EDGE_LOOP('',(#5669,#5675,#5676,#5677));
#5669 = ORIENTED_EDGE('',*,*,#5670,.T.);
#5670 = EDGE_CURVE('',#4558,#4494,#5671,.T.);
#5671 = LINE('',#5672,#5673);
#5672 = CARTESIAN_POINT('',(-0.1,-7.32,-2.5));
#5673 = VECTOR('',#5674,1.);
#5674 = DIRECTION('',(1.,-1.110223024625E-16,0.));
#5675 = ORIENTED_EDGE('',*,*,#4501,.T.);
#5676 = ORIENTED_EDGE('',*,*,#5653,.F.);
#5677 = ORIENTED_EDGE('',*,*,#4565,.F.);
#5678 = PLANE('',#5679);
#5679 = AXIS2_PLACEMENT_3D('',#5680,#5681,#5682);
#5680 = CARTESIAN_POINT('',(-0.1,-7.32,-2.5));
#5681 = DIRECTION('',(1.077074540829E-16,0.970142500145,-0.242535625036)
  );
#5682 = DIRECTION('',(-2.692686352073E-17,-0.242535625036,
    -0.970142500145));
#5683 = ADVANCED_FACE('',(#5684),#5690,.T.);
#5684 = FACE_BOUND('',#5685,.T.);
#5685 = EDGE_LOOP('',(#5686,#5687,#5688,#5689));
#5686 = ORIENTED_EDGE('',*,*,#4531,.T.);
#5687 = ORIENTED_EDGE('',*,*,#4493,.T.);
#5688 = ORIENTED_EDGE('',*,*,#5670,.F.);
#5689 = ORIENTED_EDGE('',*,*,#4557,.F.);
#5690 = PLANE('',#5691);
#5691 = AXIS2_PLACEMENT_3D('',#5692,#5693,#5694);
#5692 = CARTESIAN_POINT('',(-0.1,-7.32,0.2));
#5693 = DIRECTION('',(1.110223024625E-16,1.,0.));
#5694 = DIRECTION('',(0.,0.,-1.));
#5695 = ADVANCED_FACE('',(#5696),#5707,.T.);
#5696 = FACE_BOUND('',#5697,.T.);
#5697 = EDGE_LOOP('',(#5698,#5704,#5705,#5706));
#5698 = ORIENTED_EDGE('',*,*,#5699,.T.);
#5699 = EDGE_CURVE('',#4677,#4613,#5700,.T.);
#5700 = LINE('',#5701,#5702);
#5701 = CARTESIAN_POINT('',(-0.1,-5.38,-2.5));
#5702 = VECTOR('',#5703,1.);
#5703 = DIRECTION('',(1.,-1.110223024625E-16,0.));
#5704 = ORIENTED_EDGE('',*,*,#4612,.T.);
#5705 = ORIENTED_EDGE('',*,*,#4597,.F.);
#5706 = ORIENTED_EDGE('',*,*,#4676,.F.);
#5707 = PLANE('',#5708);
#5708 = AXIS2_PLACEMENT_3D('',#5709,#5710,#5711);
#5709 = CARTESIAN_POINT('',(-0.1,-5.38,-2.5));
#5710 = DIRECTION('',(-1.110223024625E-16,-1.,0.));
#5711 = DIRECTION('',(0.,0.,1.));
#5712 = ADVANCED_FACE('',(#5713),#5724,.T.);
#5713 = FACE_BOUND('',#5714,.T.);
#5714 = EDGE_LOOP('',(#5715,#5721,#5722,#5723));
#5715 = ORIENTED_EDGE('',*,*,#5716,.T.);
#5716 = EDGE_CURVE('',#4702,#4638,#5717,.T.);
#5717 = LINE('',#5718,#5719);
#5718 = CARTESIAN_POINT('',(-0.1,-5.23,-3.1));
#5719 = VECTOR('',#5720,1.);
#5720 = DIRECTION('',(1.,-1.110223024625E-16,0.));
#5721 = ORIENTED_EDGE('',*,*,#4645,.T.);
#5722 = ORIENTED_EDGE('',*,*,#5699,.F.);
#5723 = ORIENTED_EDGE('',*,*,#4709,.F.);
#5724 = PLANE('',#5725);
#5725 = AXIS2_PLACEMENT_3D('',#5726,#5727,#5728);
#5726 = CARTESIAN_POINT('',(-0.1,-5.23,-3.1));
#5727 = DIRECTION('',(-1.077074540829E-16,-0.970142500145,
    -0.242535625036));
#5728 = DIRECTION('',(-2.692686352073E-17,-0.242535625036,0.970142500145
    ));
#5729 = ADVANCED_FACE('',(#5730),#5741,.T.);
#5730 = FACE_BOUND('',#5731,.T.);
#5731 = EDGE_LOOP('',(#5732,#5738,#5739,#5740));
#5732 = ORIENTED_EDGE('',*,*,#5733,.T.);
#5733 = EDGE_CURVE('',#4694,#4630,#5734,.T.);
#5734 = LINE('',#5735,#5736);
#5735 = CARTESIAN_POINT('',(-0.1,-4.93,-3.1));
#5736 = VECTOR('',#5737,1.);
#5737 = DIRECTION('',(1.,-1.110223024625E-16,0.));
#5738 = ORIENTED_EDGE('',*,*,#4637,.T.);
#5739 = ORIENTED_EDGE('',*,*,#5716,.F.);
#5740 = ORIENTED_EDGE('',*,*,#4701,.T.);
#5741 = PLANE('',#5742);
#5742 = AXIS2_PLACEMENT_3D('',#5743,#5744,#5745);
#5743 = CARTESIAN_POINT('',(-0.1,-4.93,-3.1));
#5744 = DIRECTION('',(0.,-0.,-1.));
#5745 = DIRECTION('',(-1.110223024625E-16,-1.,0.));
#5746 = ADVANCED_FACE('',(#5747),#5758,.T.);
#5747 = FACE_BOUND('',#5748,.T.);
#5748 = EDGE_LOOP('',(#5749,#5755,#5756,#5757));
#5749 = ORIENTED_EDGE('',*,*,#5750,.T.);
#5750 = EDGE_CURVE('',#4686,#4622,#5751,.T.);
#5751 = LINE('',#5752,#5753);
#5752 = CARTESIAN_POINT('',(-0.1,-4.78,-2.5));
#5753 = VECTOR('',#5754,1.);
#5754 = DIRECTION('',(1.,-1.110223024625E-16,0.));
#5755 = ORIENTED_EDGE('',*,*,#4629,.T.);
#5756 = ORIENTED_EDGE('',*,*,#5733,.F.);
#5757 = ORIENTED_EDGE('',*,*,#4693,.F.);
#5758 = PLANE('',#5759);
#5759 = AXIS2_PLACEMENT_3D('',#5760,#5761,#5762);
#5760 = CARTESIAN_POINT('',(-0.1,-4.78,-2.5));
#5761 = DIRECTION('',(1.077074540829E-16,0.970142500145,-0.242535625036)
  );
#5762 = DIRECTION('',(-2.692686352073E-17,-0.242535625036,
    -0.970142500145));
#5763 = ADVANCED_FACE('',(#5764),#5770,.T.);
#5764 = FACE_BOUND('',#5765,.T.);
#5765 = EDGE_LOOP('',(#5766,#5767,#5768,#5769));
#5766 = ORIENTED_EDGE('',*,*,#4659,.T.);
#5767 = ORIENTED_EDGE('',*,*,#4621,.T.);
#5768 = ORIENTED_EDGE('',*,*,#5750,.F.);
#5769 = ORIENTED_EDGE('',*,*,#4685,.F.);
#5770 = PLANE('',#5771);
#5771 = AXIS2_PLACEMENT_3D('',#5772,#5773,#5774);
#5772 = CARTESIAN_POINT('',(-0.1,-4.78,0.2));
#5773 = DIRECTION('',(1.110223024625E-16,1.,0.));
#5774 = DIRECTION('',(0.,0.,-1.));
#5775 = ADVANCED_FACE('',(#5776),#5787,.T.);
#5776 = FACE_BOUND('',#5777,.T.);
#5777 = EDGE_LOOP('',(#5778,#5784,#5785,#5786));
#5778 = ORIENTED_EDGE('',*,*,#5779,.T.);
#5779 = EDGE_CURVE('',#4805,#4741,#5780,.T.);
#5780 = LINE('',#5781,#5782);
#5781 = CARTESIAN_POINT('',(-0.1,-2.84,-2.5));
#5782 = VECTOR('',#5783,1.);
#5783 = DIRECTION('',(1.,-1.110223024625E-16,0.));
#5784 = ORIENTED_EDGE('',*,*,#4740,.T.);
#5785 = ORIENTED_EDGE('',*,*,#4725,.F.);
#5786 = ORIENTED_EDGE('',*,*,#4804,.F.);
#5787 = PLANE('',#5788);
#5788 = AXIS2_PLACEMENT_3D('',#5789,#5790,#5791);
#5789 = CARTESIAN_POINT('',(-0.1,-2.84,-2.5));
#5790 = DIRECTION('',(-1.110223024625E-16,-1.,0.));
#5791 = DIRECTION('',(0.,0.,1.));
#5792 = ADVANCED_FACE('',(#5793),#5804,.T.);
#5793 = FACE_BOUND('',#5794,.T.);
#5794 = EDGE_LOOP('',(#5795,#5801,#5802,#5803));
#5795 = ORIENTED_EDGE('',*,*,#5796,.T.);
#5796 = EDGE_CURVE('',#4830,#4766,#5797,.T.);
#5797 = LINE('',#5798,#5799);
#5798 = CARTESIAN_POINT('',(-0.1,-2.69,-3.1));
#5799 = VECTOR('',#5800,1.);
#5800 = DIRECTION('',(1.,-1.110223024625E-16,0.));
#5801 = ORIENTED_EDGE('',*,*,#4773,.T.);
#5802 = ORIENTED_EDGE('',*,*,#5779,.F.);
#5803 = ORIENTED_EDGE('',*,*,#4837,.F.);
#5804 = PLANE('',#5805);
#5805 = AXIS2_PLACEMENT_3D('',#5806,#5807,#5808);
#5806 = CARTESIAN_POINT('',(-0.1,-2.69,-3.1));
#5807 = DIRECTION('',(-1.077074540829E-16,-0.970142500145,
    -0.242535625036));
#5808 = DIRECTION('',(-2.692686352073E-17,-0.242535625036,0.970142500145
    ));
#5809 = ADVANCED_FACE('',(#5810),#5821,.T.);
#5810 = FACE_BOUND('',#5811,.T.);
#5811 = EDGE_LOOP('',(#5812,#5818,#5819,#5820));
#5812 = ORIENTED_EDGE('',*,*,#5813,.T.);
#5813 = EDGE_CURVE('',#4822,#4758,#5814,.T.);
#5814 = LINE('',#5815,#5816);
#5815 = CARTESIAN_POINT('',(-0.1,-2.39,-3.1));
#5816 = VECTOR('',#5817,1.);
#5817 = DIRECTION('',(1.,-1.110223024625E-16,0.));
#5818 = ORIENTED_EDGE('',*,*,#4765,.T.);
#5819 = ORIENTED_EDGE('',*,*,#5796,.F.);
#5820 = ORIENTED_EDGE('',*,*,#4829,.T.);
#5821 = PLANE('',#5822);
#5822 = AXIS2_PLACEMENT_3D('',#5823,#5824,#5825);
#5823 = CARTESIAN_POINT('',(-0.1,-2.39,-3.1));
#5824 = DIRECTION('',(0.,-0.,-1.));
#5825 = DIRECTION('',(-1.110223024625E-16,-1.,0.));
#5826 = ADVANCED_FACE('',(#5827),#5838,.T.);
#5827 = FACE_BOUND('',#5828,.T.);
#5828 = EDGE_LOOP('',(#5829,#5835,#5836,#5837));
#5829 = ORIENTED_EDGE('',*,*,#5830,.T.);
#5830 = EDGE_CURVE('',#4814,#4750,#5831,.T.);
#5831 = LINE('',#5832,#5833);
#5832 = CARTESIAN_POINT('',(-0.1,-2.24,-2.5));
#5833 = VECTOR('',#5834,1.);
#5834 = DIRECTION('',(1.,-1.110223024625E-16,0.));
#5835 = ORIENTED_EDGE('',*,*,#4757,.T.);
#5836 = ORIENTED_EDGE('',*,*,#5813,.F.);
#5837 = ORIENTED_EDGE('',*,*,#4821,.F.);
#5838 = PLANE('',#5839);
#5839 = AXIS2_PLACEMENT_3D('',#5840,#5841,#5842);
#5840 = CARTESIAN_POINT('',(-0.1,-2.24,-2.5));
#5841 = DIRECTION('',(1.077074540829E-16,0.970142500145,-0.242535625036)
  );
#5842 = DIRECTION('',(-2.692686352073E-17,-0.242535625036,
    -0.970142500145));
#5843 = ADVANCED_FACE('',(#5844),#5850,.T.);
#5844 = FACE_BOUND('',#5845,.T.);
#5845 = EDGE_LOOP('',(#5846,#5847,#5848,#5849));
#5846 = ORIENTED_EDGE('',*,*,#4787,.T.);
#5847 = ORIENTED_EDGE('',*,*,#4749,.T.);
#5848 = ORIENTED_EDGE('',*,*,#5830,.F.);
#5849 = ORIENTED_EDGE('',*,*,#4813,.F.);
#5850 = PLANE('',#5851);
#5851 = AXIS2_PLACEMENT_3D('',#5852,#5853,#5854);
#5852 = CARTESIAN_POINT('',(-0.1,-2.24,0.2));
#5853 = DIRECTION('',(1.110223024625E-16,1.,0.));
#5854 = DIRECTION('',(0.,0.,-1.));
#5855 = ADVANCED_FACE('',(#5856),#5867,.T.);
#5856 = FACE_BOUND('',#5857,.T.);
#5857 = EDGE_LOOP('',(#5858,#5864,#5865,#5866));
#5858 = ORIENTED_EDGE('',*,*,#5859,.T.);
#5859 = EDGE_CURVE('',#4933,#4869,#5860,.T.);
#5860 = LINE('',#5861,#5862);
#5861 = CARTESIAN_POINT('',(-0.1,-0.3,-2.5));
#5862 = VECTOR('',#5863,1.);
#5863 = DIRECTION('',(1.,-1.110223024625E-16,0.));
#5864 = ORIENTED_EDGE('',*,*,#4868,.T.);
#5865 = ORIENTED_EDGE('',*,*,#4853,.F.);
#5866 = ORIENTED_EDGE('',*,*,#4932,.F.);
#5867 = PLANE('',#5868);
#5868 = AXIS2_PLACEMENT_3D('',#5869,#5870,#5871);
#5869 = CARTESIAN_POINT('',(-0.1,-0.3,-2.5));
#5870 = DIRECTION('',(-1.110223024625E-16,-1.,0.));
#5871 = DIRECTION('',(0.,0.,1.));
#5872 = ADVANCED_FACE('',(#5873),#5884,.T.);
#5873 = FACE_BOUND('',#5874,.T.);
#5874 = EDGE_LOOP('',(#5875,#5881,#5882,#5883));
#5875 = ORIENTED_EDGE('',*,*,#5876,.T.);
#5876 = EDGE_CURVE('',#4958,#4894,#5877,.T.);
#5877 = LINE('',#5878,#5879);
#5878 = CARTESIAN_POINT('',(-0.1,-0.15,-3.1));
#5879 = VECTOR('',#5880,1.);
#5880 = DIRECTION('',(1.,-1.110223024625E-16,0.));
#5881 = ORIENTED_EDGE('',*,*,#4901,.T.);
#5882 = ORIENTED_EDGE('',*,*,#5859,.F.);
#5883 = ORIENTED_EDGE('',*,*,#4965,.F.);
#5884 = PLANE('',#5885);
#5885 = AXIS2_PLACEMENT_3D('',#5886,#5887,#5888);
#5886 = CARTESIAN_POINT('',(-0.1,-0.15,-3.1));
#5887 = DIRECTION('',(-1.077074540829E-16,-0.970142500145,
    -0.242535625036));
#5888 = DIRECTION('',(-2.692686352073E-17,-0.242535625036,0.970142500145
    ));
#5889 = ADVANCED_FACE('',(#5890),#5901,.T.);
#5890 = FACE_BOUND('',#5891,.T.);
#5891 = EDGE_LOOP('',(#5892,#5898,#5899,#5900));
#5892 = ORIENTED_EDGE('',*,*,#5893,.T.);
#5893 = EDGE_CURVE('',#4950,#4886,#5894,.T.);
#5894 = LINE('',#5895,#5896);
#5895 = CARTESIAN_POINT('',(-0.1,0.15,-3.1));
#5896 = VECTOR('',#5897,1.);
#5897 = DIRECTION('',(1.,-1.110223024625E-16,0.));
#5898 = ORIENTED_EDGE('',*,*,#4893,.T.);
#5899 = ORIENTED_EDGE('',*,*,#5876,.F.);
#5900 = ORIENTED_EDGE('',*,*,#4957,.T.);
#5901 = PLANE('',#5902);
#5902 = AXIS2_PLACEMENT_3D('',#5903,#5904,#5905);
#5903 = CARTESIAN_POINT('',(-0.1,0.15,-3.1));
#5904 = DIRECTION('',(0.,-0.,-1.));
#5905 = DIRECTION('',(-1.110223024625E-16,-1.,0.));
#5906 = ADVANCED_FACE('',(#5907),#5918,.T.);
#5907 = FACE_BOUND('',#5908,.T.);
#5908 = EDGE_LOOP('',(#5909,#5915,#5916,#5917));
#5909 = ORIENTED_EDGE('',*,*,#5910,.T.);
#5910 = EDGE_CURVE('',#4942,#4878,#5911,.T.);
#5911 = LINE('',#5912,#5913);
#5912 = CARTESIAN_POINT('',(-0.1,0.3,-2.5));
#5913 = VECTOR('',#5914,1.);
#5914 = DIRECTION('',(1.,-1.110223024625E-16,0.));
#5915 = ORIENTED_EDGE('',*,*,#4885,.T.);
#5916 = ORIENTED_EDGE('',*,*,#5893,.F.);
#5917 = ORIENTED_EDGE('',*,*,#4949,.F.);
#5918 = PLANE('',#5919);
#5919 = AXIS2_PLACEMENT_3D('',#5920,#5921,#5922);
#5920 = CARTESIAN_POINT('',(-0.1,0.3,-2.5));
#5921 = DIRECTION('',(1.077074540829E-16,0.970142500145,-0.242535625036)
  );
#5922 = DIRECTION('',(-2.692686352073E-17,-0.242535625036,
    -0.970142500145));
#5923 = ADVANCED_FACE('',(#5924),#5930,.T.);
#5924 = FACE_BOUND('',#5925,.T.);
#5925 = EDGE_LOOP('',(#5926,#5927,#5928,#5929));
#5926 = ORIENTED_EDGE('',*,*,#4915,.T.);
#5927 = ORIENTED_EDGE('',*,*,#4877,.T.);
#5928 = ORIENTED_EDGE('',*,*,#5910,.F.);
#5929 = ORIENTED_EDGE('',*,*,#4941,.F.);
#5930 = PLANE('',#5931);
#5931 = AXIS2_PLACEMENT_3D('',#5932,#5933,#5934);
#5932 = CARTESIAN_POINT('',(-0.1,0.3,0.2));
#5933 = DIRECTION('',(1.110223024625E-16,1.,0.));
#5934 = DIRECTION('',(0.,0.,-1.));
#5935 = ADVANCED_FACE('',(#5936),#5947,.T.);
#5936 = FACE_BOUND('',#5937,.T.);
#5937 = EDGE_LOOP('',(#5938,#5939,#5940,#5941));
#5938 = ORIENTED_EDGE('',*,*,#5124,.T.);
#5939 = ORIENTED_EDGE('',*,*,#4987,.T.);
#5940 = ORIENTED_EDGE('',*,*,#5012,.T.);
#5941 = ORIENTED_EDGE('',*,*,#5942,.T.);
#5942 = EDGE_CURVE('',#5013,#5117,#5943,.T.);
#5943 = LINE('',#5944,#5945);
#5944 = CARTESIAN_POINT('',(0.1,-7.62,0.9));
#5945 = VECTOR('',#5946,1.);
#5946 = DIRECTION('',(-1.110223024625E-16,-1.,0.));
#5947 = PLANE('',#5948);
#5948 = AXIS2_PLACEMENT_3D('',#5949,#5950,#5951);
#5949 = CARTESIAN_POINT('',(-9.281001892939E-16,-7.62,0.9));
#5950 = DIRECTION('',(0.,0.,1.));
#5951 = DIRECTION('',(1.110223024625E-16,1.,-0.));
#5952 = ADVANCED_FACE('',(#5953),#5964,.T.);
#5953 = FACE_BOUND('',#5954,.T.);
#5954 = EDGE_LOOP('',(#5955,#5956,#5962,#5963));
#5955 = ORIENTED_EDGE('',*,*,#5092,.T.);
#5956 = ORIENTED_EDGE('',*,*,#5957,.F.);
#5957 = EDGE_CURVE('',#5037,#5093,#5958,.T.);
#5958 = LINE('',#5959,#5960);
#5959 = CARTESIAN_POINT('',(-0.1,-7.62,0.9));
#5960 = VECTOR('',#5961,1.);
#5961 = DIRECTION('',(-1.110223024625E-16,-1.,0.));
#5962 = ORIENTED_EDGE('',*,*,#5044,.T.);
#5963 = ORIENTED_EDGE('',*,*,#5067,.T.);
#5964 = PLANE('',#5965);
#5965 = AXIS2_PLACEMENT_3D('',#5966,#5967,#5968);
#5966 = CARTESIAN_POINT('',(-9.281001892939E-16,-7.62,0.9));
#5967 = DIRECTION('',(0.,0.,1.));
#5968 = DIRECTION('',(1.110223024625E-16,1.,-0.));
#5969 = ADVANCED_FACE('',(#5970),#6013,.T.);
#5970 = FACE_BOUND('',#5971,.T.);
#5971 = EDGE_LOOP('',(#5972,#5973,#5981,#5989,#5997,#6005,#6011,#6012));
#5972 = ORIENTED_EDGE('',*,*,#5100,.F.);
#5973 = ORIENTED_EDGE('',*,*,#5974,.T.);
#5974 = EDGE_CURVE('',#5101,#5975,#5977,.T.);
#5975 = VERTEX_POINT('',#5976);
#5976 = CARTESIAN_POINT('',(-0.1,-7.87,7.35));
#5977 = LINE('',#5978,#5979);
#5978 = CARTESIAN_POINT('',(-0.1,-7.92,7.4));
#5979 = VECTOR('',#5980,1.);
#5980 = DIRECTION('',(7.850462293414E-17,0.707106781187,-0.707106781187)
  );
#5981 = ORIENTED_EDGE('',*,*,#5982,.T.);
#5982 = EDGE_CURVE('',#5975,#5983,#5985,.T.);
#5983 = VERTEX_POINT('',#5984);
#5984 = CARTESIAN_POINT('',(-0.1,-7.87,1.25));
#5985 = LINE('',#5986,#5987);
#5986 = CARTESIAN_POINT('',(-0.1,-7.87,7.35));
#5987 = VECTOR('',#5988,1.);
#5988 = DIRECTION('',(0.,0.,-1.));
#5989 = ORIENTED_EDGE('',*,*,#5990,.T.);
#5990 = EDGE_CURVE('',#5983,#5991,#5993,.T.);
#5991 = VERTEX_POINT('',#5992);
#5992 = CARTESIAN_POINT('',(-0.1,-7.37,1.25));
#5993 = LINE('',#5994,#5995);
#5994 = CARTESIAN_POINT('',(-0.1,-7.87,1.25));
#5995 = VECTOR('',#5996,1.);
#5996 = DIRECTION('',(1.110223024625E-16,1.,0.));
#5997 = ORIENTED_EDGE('',*,*,#5998,.T.);
#5998 = EDGE_CURVE('',#5991,#5999,#6001,.T.);
#5999 = VERTEX_POINT('',#6000);
#6000 = CARTESIAN_POINT('',(-0.1,-7.37,7.35));
#6001 = LINE('',#6002,#6003);
#6002 = CARTESIAN_POINT('',(-0.1,-7.37,1.25));
#6003 = VECTOR('',#6004,1.);
#6004 = DIRECTION('',(0.,0.,1.));
#6005 = ORIENTED_EDGE('',*,*,#6006,.T.);
#6006 = EDGE_CURVE('',#5999,#5029,#6007,.T.);
#6007 = LINE('',#6008,#6009);
#6008 = CARTESIAN_POINT('',(-0.1,-7.37,7.35));
#6009 = VECTOR('',#6010,1.);
#6010 = DIRECTION('',(7.850462293414E-17,0.707106781187,0.707106781187)
  );
#6011 = ORIENTED_EDGE('',*,*,#5036,.F.);
#6012 = ORIENTED_EDGE('',*,*,#5957,.T.);
#6013 = PLANE('',#6014);
#6014 = AXIS2_PLACEMENT_3D('',#6015,#6016,#6017);
#6015 = CARTESIAN_POINT('',(-0.1,-7.62,3.911477598424));
#6016 = DIRECTION('',(-1.,1.110223024625E-16,0.));
#6017 = DIRECTION('',(0.,0.,1.));
#6018 = ADVANCED_FACE('',(#6019),#6037,.T.);
#6019 = FACE_BOUND('',#6020,.T.);
#6020 = EDGE_LOOP('',(#6021,#6029,#6035,#6036));
#6021 = ORIENTED_EDGE('',*,*,#6022,.T.);
#6022 = EDGE_CURVE('',#5999,#6023,#6025,.T.);
#6023 = VERTEX_POINT('',#6024);
#6024 = CARTESIAN_POINT('',(0.1,-7.37,7.35));
#6025 = LINE('',#6026,#6027);
#6026 = CARTESIAN_POINT('',(-0.1,-7.37,7.35));
#6027 = VECTOR('',#6028,1.);
#6028 = DIRECTION('',(1.,-1.110223024625E-16,0.));
#6029 = ORIENTED_EDGE('',*,*,#6030,.T.);
#6030 = EDGE_CURVE('',#6023,#5021,#6031,.T.);
#6031 = LINE('',#6032,#6033);
#6032 = CARTESIAN_POINT('',(0.1,-7.37,7.35));
#6033 = VECTOR('',#6034,1.);
#6034 = DIRECTION('',(7.850462293414E-17,0.707106781187,0.707106781187)
  );
#6035 = ORIENTED_EDGE('',*,*,#5028,.F.);
#6036 = ORIENTED_EDGE('',*,*,#6006,.F.);
#6037 = PLANE('',#6038);
#6038 = AXIS2_PLACEMENT_3D('',#6039,#6040,#6041);
#6039 = CARTESIAN_POINT('',(-0.1,-7.37,7.35));
#6040 = DIRECTION('',(-7.850462293414E-17,-0.707106781187,0.707106781187
    ));
#6041 = DIRECTION('',(7.850462293414E-17,0.707106781187,0.707106781187)
  );
#6042 = ADVANCED_FACE('',(#6043),#6079,.F.);
#6043 = FACE_BOUND('',#6044,.F.);
#6044 = EDGE_LOOP('',(#6045,#6046,#6054,#6062,#6070,#6076,#6077,#6078));
#6045 = ORIENTED_EDGE('',*,*,#5116,.F.);
#6046 = ORIENTED_EDGE('',*,*,#6047,.T.);
#6047 = EDGE_CURVE('',#5109,#6048,#6050,.T.);
#6048 = VERTEX_POINT('',#6049);
#6049 = CARTESIAN_POINT('',(0.1,-7.87,7.35));
#6050 = LINE('',#6051,#6052);
#6051 = CARTESIAN_POINT('',(0.1,-7.92,7.4));
#6052 = VECTOR('',#6053,1.);
#6053 = DIRECTION('',(7.850462293414E-17,0.707106781187,-0.707106781187)
  );
#6054 = ORIENTED_EDGE('',*,*,#6055,.T.);
#6055 = EDGE_CURVE('',#6048,#6056,#6058,.T.);
#6056 = VERTEX_POINT('',#6057);
#6057 = CARTESIAN_POINT('',(0.1,-7.87,1.25));
#6058 = LINE('',#6059,#6060);
#6059 = CARTESIAN_POINT('',(0.1,-7.87,7.35));
#6060 = VECTOR('',#6061,1.);
#6061 = DIRECTION('',(0.,0.,-1.));
#6062 = ORIENTED_EDGE('',*,*,#6063,.T.);
#6063 = EDGE_CURVE('',#6056,#6064,#6066,.T.);
#6064 = VERTEX_POINT('',#6065);
#6065 = CARTESIAN_POINT('',(0.1,-7.37,1.25));
#6066 = LINE('',#6067,#6068);
#6067 = CARTESIAN_POINT('',(0.1,-7.87,1.25));
#6068 = VECTOR('',#6069,1.);
#6069 = DIRECTION('',(1.110223024625E-16,1.,0.));
#6070 = ORIENTED_EDGE('',*,*,#6071,.T.);
#6071 = EDGE_CURVE('',#6064,#6023,#6072,.T.);
#6072 = LINE('',#6073,#6074);
#6073 = CARTESIAN_POINT('',(0.1,-7.37,1.25));
#6074 = VECTOR('',#6075,1.);
#6075 = DIRECTION('',(0.,0.,1.));
#6076 = ORIENTED_EDGE('',*,*,#6030,.T.);
#6077 = ORIENTED_EDGE('',*,*,#5020,.F.);
#6078 = ORIENTED_EDGE('',*,*,#5942,.T.);
#6079 = PLANE('',#6080);
#6080 = AXIS2_PLACEMENT_3D('',#6081,#6082,#6083);
#6081 = CARTESIAN_POINT('',(0.1,-7.62,3.911477598424));
#6082 = DIRECTION('',(-1.,1.110223024625E-16,0.));
#6083 = DIRECTION('',(0.,0.,1.));
#6084 = ADVANCED_FACE('',(#6085),#6096,.T.);
#6085 = FACE_BOUND('',#6086,.T.);
#6086 = EDGE_LOOP('',(#6087,#6088,#6089,#6095));
#6087 = ORIENTED_EDGE('',*,*,#5108,.T.);
#6088 = ORIENTED_EDGE('',*,*,#6047,.T.);
#6089 = ORIENTED_EDGE('',*,*,#6090,.F.);
#6090 = EDGE_CURVE('',#5975,#6048,#6091,.T.);
#6091 = LINE('',#6092,#6093);
#6092 = CARTESIAN_POINT('',(-0.1,-7.87,7.35));
#6093 = VECTOR('',#6094,1.);
#6094 = DIRECTION('',(1.,-1.110223024625E-16,0.));
#6095 = ORIENTED_EDGE('',*,*,#5974,.F.);
#6096 = PLANE('',#6097);
#6097 = AXIS2_PLACEMENT_3D('',#6098,#6099,#6100);
#6098 = CARTESIAN_POINT('',(-0.1,-7.92,7.4));
#6099 = DIRECTION('',(7.850462293414E-17,0.707106781187,0.707106781187)
  );
#6100 = DIRECTION('',(7.850462293414E-17,0.707106781187,-0.707106781187)
  );
#6101 = ADVANCED_FACE('',(#6102),#6113,.T.);
#6102 = FACE_BOUND('',#6103,.T.);
#6103 = EDGE_LOOP('',(#6104,#6105,#6106,#6107));
#6104 = ORIENTED_EDGE('',*,*,#5284,.T.);
#6105 = ORIENTED_EDGE('',*,*,#5147,.T.);
#6106 = ORIENTED_EDGE('',*,*,#5172,.T.);
#6107 = ORIENTED_EDGE('',*,*,#6108,.T.);
#6108 = EDGE_CURVE('',#5173,#5277,#6109,.T.);
#6109 = LINE('',#6110,#6111);
#6110 = CARTESIAN_POINT('',(0.1,-5.08,0.9));
#6111 = VECTOR('',#6112,1.);
#6112 = DIRECTION('',(-1.110223024625E-16,-1.,0.));
#6113 = PLANE('',#6114);
#6114 = AXIS2_PLACEMENT_3D('',#6115,#6116,#6117);
#6115 = CARTESIAN_POINT('',(-6.461035410391E-16,-5.08,0.9));
#6116 = DIRECTION('',(0.,0.,1.));
#6117 = DIRECTION('',(1.110223024625E-16,1.,-0.));
#6118 = ADVANCED_FACE('',(#6119),#6130,.T.);
#6119 = FACE_BOUND('',#6120,.T.);
#6120 = EDGE_LOOP('',(#6121,#6122,#6128,#6129));
#6121 = ORIENTED_EDGE('',*,*,#5252,.T.);
#6122 = ORIENTED_EDGE('',*,*,#6123,.F.);
#6123 = EDGE_CURVE('',#5197,#5253,#6124,.T.);
#6124 = LINE('',#6125,#6126);
#6125 = CARTESIAN_POINT('',(-0.1,-5.08,0.9));
#6126 = VECTOR('',#6127,1.);
#6127 = DIRECTION('',(-1.110223024625E-16,-1.,0.));
#6128 = ORIENTED_EDGE('',*,*,#5204,.T.);
#6129 = ORIENTED_EDGE('',*,*,#5227,.T.);
#6130 = PLANE('',#6131);
#6131 = AXIS2_PLACEMENT_3D('',#6132,#6133,#6134);
#6132 = CARTESIAN_POINT('',(-6.461035410391E-16,-5.08,0.9));
#6133 = DIRECTION('',(0.,0.,1.));
#6134 = DIRECTION('',(1.110223024625E-16,1.,-0.));
#6135 = ADVANCED_FACE('',(#6136),#6179,.T.);
#6136 = FACE_BOUND('',#6137,.T.);
#6137 = EDGE_LOOP('',(#6138,#6139,#6147,#6155,#6163,#6171,#6177,#6178));
#6138 = ORIENTED_EDGE('',*,*,#5260,.F.);
#6139 = ORIENTED_EDGE('',*,*,#6140,.T.);
#6140 = EDGE_CURVE('',#5261,#6141,#6143,.T.);
#6141 = VERTEX_POINT('',#6142);
#6142 = CARTESIAN_POINT('',(-0.1,-5.33,7.35));
#6143 = LINE('',#6144,#6145);
#6144 = CARTESIAN_POINT('',(-0.1,-5.38,7.4));
#6145 = VECTOR('',#6146,1.);
#6146 = DIRECTION('',(7.850462293414E-17,0.707106781187,-0.707106781187)
  );
#6147 = ORIENTED_EDGE('',*,*,#6148,.T.);
#6148 = EDGE_CURVE('',#6141,#6149,#6151,.T.);
#6149 = VERTEX_POINT('',#6150);
#6150 = CARTESIAN_POINT('',(-0.1,-5.33,1.25));
#6151 = LINE('',#6152,#6153);
#6152 = CARTESIAN_POINT('',(-0.1,-5.33,7.35));
#6153 = VECTOR('',#6154,1.);
#6154 = DIRECTION('',(0.,0.,-1.));
#6155 = ORIENTED_EDGE('',*,*,#6156,.T.);
#6156 = EDGE_CURVE('',#6149,#6157,#6159,.T.);
#6157 = VERTEX_POINT('',#6158);
#6158 = CARTESIAN_POINT('',(-0.1,-4.83,1.25));
#6159 = LINE('',#6160,#6161);
#6160 = CARTESIAN_POINT('',(-0.1,-5.33,1.25));
#6161 = VECTOR('',#6162,1.);
#6162 = DIRECTION('',(1.110223024625E-16,1.,0.));
#6163 = ORIENTED_EDGE('',*,*,#6164,.T.);
#6164 = EDGE_CURVE('',#6157,#6165,#6167,.T.);
#6165 = VERTEX_POINT('',#6166);
#6166 = CARTESIAN_POINT('',(-0.1,-4.83,7.35));
#6167 = LINE('',#6168,#6169);
#6168 = CARTESIAN_POINT('',(-0.1,-4.83,1.25));
#6169 = VECTOR('',#6170,1.);
#6170 = DIRECTION('',(0.,0.,1.));
#6171 = ORIENTED_EDGE('',*,*,#6172,.T.);
#6172 = EDGE_CURVE('',#6165,#5189,#6173,.T.);
#6173 = LINE('',#6174,#6175);
#6174 = CARTESIAN_POINT('',(-0.1,-4.83,7.35));
#6175 = VECTOR('',#6176,1.);
#6176 = DIRECTION('',(7.850462293414E-17,0.707106781187,0.707106781187)
  );
#6177 = ORIENTED_EDGE('',*,*,#5196,.F.);
#6178 = ORIENTED_EDGE('',*,*,#6123,.T.);
#6179 = PLANE('',#6180);
#6180 = AXIS2_PLACEMENT_3D('',#6181,#6182,#6183);
#6181 = CARTESIAN_POINT('',(-0.1,-5.08,3.911477598424));
#6182 = DIRECTION('',(-1.,1.110223024625E-16,0.));
#6183 = DIRECTION('',(0.,0.,1.));
#6184 = ADVANCED_FACE('',(#6185),#6203,.T.);
#6185 = FACE_BOUND('',#6186,.T.);
#6186 = EDGE_LOOP('',(#6187,#6195,#6201,#6202));
#6187 = ORIENTED_EDGE('',*,*,#6188,.T.);
#6188 = EDGE_CURVE('',#6165,#6189,#6191,.T.);
#6189 = VERTEX_POINT('',#6190);
#6190 = CARTESIAN_POINT('',(0.1,-4.83,7.35));
#6191 = LINE('',#6192,#6193);
#6192 = CARTESIAN_POINT('',(-0.1,-4.83,7.35));
#6193 = VECTOR('',#6194,1.);
#6194 = DIRECTION('',(1.,-1.110223024625E-16,0.));
#6195 = ORIENTED_EDGE('',*,*,#6196,.T.);
#6196 = EDGE_CURVE('',#6189,#5181,#6197,.T.);
#6197 = LINE('',#6198,#6199);
#6198 = CARTESIAN_POINT('',(0.1,-4.83,7.35));
#6199 = VECTOR('',#6200,1.);
#6200 = DIRECTION('',(7.850462293414E-17,0.707106781187,0.707106781187)
  );
#6201 = ORIENTED_EDGE('',*,*,#5188,.F.);
#6202 = ORIENTED_EDGE('',*,*,#6172,.F.);
#6203 = PLANE('',#6204);
#6204 = AXIS2_PLACEMENT_3D('',#6205,#6206,#6207);
#6205 = CARTESIAN_POINT('',(-0.1,-4.83,7.35));
#6206 = DIRECTION('',(-7.850462293414E-17,-0.707106781187,0.707106781187
    ));
#6207 = DIRECTION('',(7.850462293414E-17,0.707106781187,0.707106781187)
  );
#6208 = ADVANCED_FACE('',(#6209),#6245,.F.);
#6209 = FACE_BOUND('',#6210,.F.);
#6210 = EDGE_LOOP('',(#6211,#6212,#6220,#6228,#6236,#6242,#6243,#6244));
#6211 = ORIENTED_EDGE('',*,*,#5276,.F.);
#6212 = ORIENTED_EDGE('',*,*,#6213,.T.);
#6213 = EDGE_CURVE('',#5269,#6214,#6216,.T.);
#6214 = VERTEX_POINT('',#6215);
#6215 = CARTESIAN_POINT('',(0.1,-5.33,7.35));
#6216 = LINE('',#6217,#6218);
#6217 = CARTESIAN_POINT('',(0.1,-5.38,7.4));
#6218 = VECTOR('',#6219,1.);
#6219 = DIRECTION('',(7.850462293414E-17,0.707106781187,-0.707106781187)
  );
#6220 = ORIENTED_EDGE('',*,*,#6221,.T.);
#6221 = EDGE_CURVE('',#6214,#6222,#6224,.T.);
#6222 = VERTEX_POINT('',#6223);
#6223 = CARTESIAN_POINT('',(0.1,-5.33,1.25));
#6224 = LINE('',#6225,#6226);
#6225 = CARTESIAN_POINT('',(0.1,-5.33,7.35));
#6226 = VECTOR('',#6227,1.);
#6227 = DIRECTION('',(0.,0.,-1.));
#6228 = ORIENTED_EDGE('',*,*,#6229,.T.);
#6229 = EDGE_CURVE('',#6222,#6230,#6232,.T.);
#6230 = VERTEX_POINT('',#6231);
#6231 = CARTESIAN_POINT('',(0.1,-4.83,1.25));
#6232 = LINE('',#6233,#6234);
#6233 = CARTESIAN_POINT('',(0.1,-5.33,1.25));
#6234 = VECTOR('',#6235,1.);
#6235 = DIRECTION('',(1.110223024625E-16,1.,0.));
#6236 = ORIENTED_EDGE('',*,*,#6237,.T.);
#6237 = EDGE_CURVE('',#6230,#6189,#6238,.T.);
#6238 = LINE('',#6239,#6240);
#6239 = CARTESIAN_POINT('',(0.1,-4.83,1.25));
#6240 = VECTOR('',#6241,1.);
#6241 = DIRECTION('',(0.,0.,1.));
#6242 = ORIENTED_EDGE('',*,*,#6196,.T.);
#6243 = ORIENTED_EDGE('',*,*,#5180,.F.);
#6244 = ORIENTED_EDGE('',*,*,#6108,.T.);
#6245 = PLANE('',#6246);
#6246 = AXIS2_PLACEMENT_3D('',#6247,#6248,#6249);
#6247 = CARTESIAN_POINT('',(0.1,-5.08,3.911477598424));
#6248 = DIRECTION('',(-1.,1.110223024625E-16,0.));
#6249 = DIRECTION('',(0.,0.,1.));
#6250 = ADVANCED_FACE('',(#6251),#6262,.T.);
#6251 = FACE_BOUND('',#6252,.T.);
#6252 = EDGE_LOOP('',(#6253,#6254,#6255,#6261));
#6253 = ORIENTED_EDGE('',*,*,#5268,.T.);
#6254 = ORIENTED_EDGE('',*,*,#6213,.T.);
#6255 = ORIENTED_EDGE('',*,*,#6256,.F.);
#6256 = EDGE_CURVE('',#6141,#6214,#6257,.T.);
#6257 = LINE('',#6258,#6259);
#6258 = CARTESIAN_POINT('',(-0.1,-5.33,7.35));
#6259 = VECTOR('',#6260,1.);
#6260 = DIRECTION('',(1.,-1.110223024625E-16,0.));
#6261 = ORIENTED_EDGE('',*,*,#6140,.F.);
#6262 = PLANE('',#6263);
#6263 = AXIS2_PLACEMENT_3D('',#6264,#6265,#6266);
#6264 = CARTESIAN_POINT('',(-0.1,-5.38,7.4));
#6265 = DIRECTION('',(7.850462293414E-17,0.707106781187,0.707106781187)
  );
#6266 = DIRECTION('',(7.850462293414E-17,0.707106781187,-0.707106781187)
  );
#6267 = ADVANCED_FACE('',(#6268),#6279,.T.);
#6268 = FACE_BOUND('',#6269,.T.);
#6269 = EDGE_LOOP('',(#6270,#6271,#6272,#6273));
#6270 = ORIENTED_EDGE('',*,*,#5444,.T.);
#6271 = ORIENTED_EDGE('',*,*,#5307,.T.);
#6272 = ORIENTED_EDGE('',*,*,#5332,.T.);
#6273 = ORIENTED_EDGE('',*,*,#6274,.T.);
#6274 = EDGE_CURVE('',#5333,#5437,#6275,.T.);
#6275 = LINE('',#6276,#6277);
#6276 = CARTESIAN_POINT('',(0.1,-2.54,0.9));
#6277 = VECTOR('',#6278,1.);
#6278 = DIRECTION('',(-1.110223024625E-16,-1.,0.));
#6279 = PLANE('',#6280);
#6280 = AXIS2_PLACEMENT_3D('',#6281,#6282,#6283);
#6281 = CARTESIAN_POINT('',(-3.641068927844E-16,-2.54,0.9));
#6282 = DIRECTION('',(0.,0.,1.));
#6283 = DIRECTION('',(1.110223024625E-16,1.,-0.));
#6284 = ADVANCED_FACE('',(#6285),#6296,.T.);
#6285 = FACE_BOUND('',#6286,.T.);
#6286 = EDGE_LOOP('',(#6287,#6288,#6294,#6295));
#6287 = ORIENTED_EDGE('',*,*,#5412,.T.);
#6288 = ORIENTED_EDGE('',*,*,#6289,.F.);
#6289 = EDGE_CURVE('',#5357,#5413,#6290,.T.);
#6290 = LINE('',#6291,#6292);
#6291 = CARTESIAN_POINT('',(-0.1,-2.54,0.9));
#6292 = VECTOR('',#6293,1.);
#6293 = DIRECTION('',(-1.110223024625E-16,-1.,0.));
#6294 = ORIENTED_EDGE('',*,*,#5364,.T.);
#6295 = ORIENTED_EDGE('',*,*,#5387,.T.);
#6296 = PLANE('',#6297);
#6297 = AXIS2_PLACEMENT_3D('',#6298,#6299,#6300);
#6298 = CARTESIAN_POINT('',(-3.641068927844E-16,-2.54,0.9));
#6299 = DIRECTION('',(0.,0.,1.));
#6300 = DIRECTION('',(1.110223024625E-16,1.,-0.));
#6301 = ADVANCED_FACE('',(#6302),#6345,.T.);
#6302 = FACE_BOUND('',#6303,.T.);
#6303 = EDGE_LOOP('',(#6304,#6305,#6313,#6321,#6329,#6337,#6343,#6344));
#6304 = ORIENTED_EDGE('',*,*,#5420,.F.);
#6305 = ORIENTED_EDGE('',*,*,#6306,.T.);
#6306 = EDGE_CURVE('',#5421,#6307,#6309,.T.);
#6307 = VERTEX_POINT('',#6308);
#6308 = CARTESIAN_POINT('',(-0.1,-2.79,7.35));
#6309 = LINE('',#6310,#6311);
#6310 = CARTESIAN_POINT('',(-0.1,-2.84,7.4));
#6311 = VECTOR('',#6312,1.);
#6312 = DIRECTION('',(7.850462293414E-17,0.707106781187,-0.707106781187)
  );
#6313 = ORIENTED_EDGE('',*,*,#6314,.T.);
#6314 = EDGE_CURVE('',#6307,#6315,#6317,.T.);
#6315 = VERTEX_POINT('',#6316);
#6316 = CARTESIAN_POINT('',(-0.1,-2.79,1.25));
#6317 = LINE('',#6318,#6319);
#6318 = CARTESIAN_POINT('',(-0.1,-2.79,7.35));
#6319 = VECTOR('',#6320,1.);
#6320 = DIRECTION('',(0.,0.,-1.));
#6321 = ORIENTED_EDGE('',*,*,#6322,.T.);
#6322 = EDGE_CURVE('',#6315,#6323,#6325,.T.);
#6323 = VERTEX_POINT('',#6324);
#6324 = CARTESIAN_POINT('',(-0.1,-2.29,1.25));
#6325 = LINE('',#6326,#6327);
#6326 = CARTESIAN_POINT('',(-0.1,-2.79,1.25));
#6327 = VECTOR('',#6328,1.);
#6328 = DIRECTION('',(1.110223024625E-16,1.,0.));
#6329 = ORIENTED_EDGE('',*,*,#6330,.T.);
#6330 = EDGE_CURVE('',#6323,#6331,#6333,.T.);
#6331 = VERTEX_POINT('',#6332);
#6332 = CARTESIAN_POINT('',(-0.1,-2.29,7.35));
#6333 = LINE('',#6334,#6335);
#6334 = CARTESIAN_POINT('',(-0.1,-2.29,1.25));
#6335 = VECTOR('',#6336,1.);
#6336 = DIRECTION('',(0.,0.,1.));
#6337 = ORIENTED_EDGE('',*,*,#6338,.T.);
#6338 = EDGE_CURVE('',#6331,#5349,#6339,.T.);
#6339 = LINE('',#6340,#6341);
#6340 = CARTESIAN_POINT('',(-0.1,-2.29,7.35));
#6341 = VECTOR('',#6342,1.);
#6342 = DIRECTION('',(7.850462293414E-17,0.707106781187,0.707106781187)
  );
#6343 = ORIENTED_EDGE('',*,*,#5356,.F.);
#6344 = ORIENTED_EDGE('',*,*,#6289,.T.);
#6345 = PLANE('',#6346);
#6346 = AXIS2_PLACEMENT_3D('',#6347,#6348,#6349);
#6347 = CARTESIAN_POINT('',(-0.1,-2.54,3.911477598424));
#6348 = DIRECTION('',(-1.,1.110223024625E-16,0.));
#6349 = DIRECTION('',(0.,0.,1.));
#6350 = ADVANCED_FACE('',(#6351),#6369,.T.);
#6351 = FACE_BOUND('',#6352,.T.);
#6352 = EDGE_LOOP('',(#6353,#6361,#6367,#6368));
#6353 = ORIENTED_EDGE('',*,*,#6354,.T.);
#6354 = EDGE_CURVE('',#6331,#6355,#6357,.T.);
#6355 = VERTEX_POINT('',#6356);
#6356 = CARTESIAN_POINT('',(0.1,-2.29,7.35));
#6357 = LINE('',#6358,#6359);
#6358 = CARTESIAN_POINT('',(-0.1,-2.29,7.35));
#6359 = VECTOR('',#6360,1.);
#6360 = DIRECTION('',(1.,-1.110223024625E-16,0.));
#6361 = ORIENTED_EDGE('',*,*,#6362,.T.);
#6362 = EDGE_CURVE('',#6355,#5341,#6363,.T.);
#6363 = LINE('',#6364,#6365);
#6364 = CARTESIAN_POINT('',(0.1,-2.29,7.35));
#6365 = VECTOR('',#6366,1.);
#6366 = DIRECTION('',(7.850462293414E-17,0.707106781187,0.707106781187)
  );
#6367 = ORIENTED_EDGE('',*,*,#5348,.F.);
#6368 = ORIENTED_EDGE('',*,*,#6338,.F.);
#6369 = PLANE('',#6370);
#6370 = AXIS2_PLACEMENT_3D('',#6371,#6372,#6373);
#6371 = CARTESIAN_POINT('',(-0.1,-2.29,7.35));
#6372 = DIRECTION('',(-7.850462293414E-17,-0.707106781187,0.707106781187
    ));
#6373 = DIRECTION('',(7.850462293414E-17,0.707106781187,0.707106781187)
  );
#6374 = ADVANCED_FACE('',(#6375),#6411,.F.);
#6375 = FACE_BOUND('',#6376,.F.);
#6376 = EDGE_LOOP('',(#6377,#6378,#6386,#6394,#6402,#6408,#6409,#6410));
#6377 = ORIENTED_EDGE('',*,*,#5436,.F.);
#6378 = ORIENTED_EDGE('',*,*,#6379,.T.);
#6379 = EDGE_CURVE('',#5429,#6380,#6382,.T.);
#6380 = VERTEX_POINT('',#6381);
#6381 = CARTESIAN_POINT('',(0.1,-2.79,7.35));
#6382 = LINE('',#6383,#6384);
#6383 = CARTESIAN_POINT('',(0.1,-2.84,7.4));
#6384 = VECTOR('',#6385,1.);
#6385 = DIRECTION('',(7.850462293414E-17,0.707106781187,-0.707106781187)
  );
#6386 = ORIENTED_EDGE('',*,*,#6387,.T.);
#6387 = EDGE_CURVE('',#6380,#6388,#6390,.T.);
#6388 = VERTEX_POINT('',#6389);
#6389 = CARTESIAN_POINT('',(0.1,-2.79,1.25));
#6390 = LINE('',#6391,#6392);
#6391 = CARTESIAN_POINT('',(0.1,-2.79,7.35));
#6392 = VECTOR('',#6393,1.);
#6393 = DIRECTION('',(0.,0.,-1.));
#6394 = ORIENTED_EDGE('',*,*,#6395,.T.);
#6395 = EDGE_CURVE('',#6388,#6396,#6398,.T.);
#6396 = VERTEX_POINT('',#6397);
#6397 = CARTESIAN_POINT('',(0.1,-2.29,1.25));
#6398 = LINE('',#6399,#6400);
#6399 = CARTESIAN_POINT('',(0.1,-2.79,1.25));
#6400 = VECTOR('',#6401,1.);
#6401 = DIRECTION('',(1.110223024625E-16,1.,0.));
#6402 = ORIENTED_EDGE('',*,*,#6403,.T.);
#6403 = EDGE_CURVE('',#6396,#6355,#6404,.T.);
#6404 = LINE('',#6405,#6406);
#6405 = CARTESIAN_POINT('',(0.1,-2.29,1.25));
#6406 = VECTOR('',#6407,1.);
#6407 = DIRECTION('',(0.,0.,1.));
#6408 = ORIENTED_EDGE('',*,*,#6362,.T.);
#6409 = ORIENTED_EDGE('',*,*,#5340,.F.);
#6410 = ORIENTED_EDGE('',*,*,#6274,.T.);
#6411 = PLANE('',#6412);
#6412 = AXIS2_PLACEMENT_3D('',#6413,#6414,#6415);
#6413 = CARTESIAN_POINT('',(0.1,-2.54,3.911477598424));
#6414 = DIRECTION('',(-1.,1.110223024625E-16,0.));
#6415 = DIRECTION('',(0.,0.,1.));
#6416 = ADVANCED_FACE('',(#6417),#6428,.T.);
#6417 = FACE_BOUND('',#6418,.T.);
#6418 = EDGE_LOOP('',(#6419,#6420,#6421,#6427));
#6419 = ORIENTED_EDGE('',*,*,#5428,.T.);
#6420 = ORIENTED_EDGE('',*,*,#6379,.T.);
#6421 = ORIENTED_EDGE('',*,*,#6422,.F.);
#6422 = EDGE_CURVE('',#6307,#6380,#6423,.T.);
#6423 = LINE('',#6424,#6425);
#6424 = CARTESIAN_POINT('',(-0.1,-2.79,7.35));
#6425 = VECTOR('',#6426,1.);
#6426 = DIRECTION('',(1.,-1.110223024625E-16,0.));
#6427 = ORIENTED_EDGE('',*,*,#6306,.F.);
#6428 = PLANE('',#6429);
#6429 = AXIS2_PLACEMENT_3D('',#6430,#6431,#6432);
#6430 = CARTESIAN_POINT('',(-0.1,-2.84,7.4));
#6431 = DIRECTION('',(7.850462293414E-17,0.707106781187,0.707106781187)
  );
#6432 = DIRECTION('',(7.850462293414E-17,0.707106781187,-0.707106781187)
  );
#6433 = ADVANCED_FACE('',(#6434),#6445,.T.);
#6434 = FACE_BOUND('',#6435,.T.);
#6435 = EDGE_LOOP('',(#6436,#6437,#6438,#6439));
#6436 = ORIENTED_EDGE('',*,*,#5604,.T.);
#6437 = ORIENTED_EDGE('',*,*,#5467,.T.);
#6438 = ORIENTED_EDGE('',*,*,#5492,.T.);
#6439 = ORIENTED_EDGE('',*,*,#6440,.T.);
#6440 = EDGE_CURVE('',#5493,#5597,#6441,.T.);
#6441 = LINE('',#6442,#6443);
#6442 = CARTESIAN_POINT('',(0.1,4.329869796038E-16,0.9));
#6443 = VECTOR('',#6444,1.);
#6444 = DIRECTION('',(-1.110223024625E-16,-1.,0.));
#6445 = PLANE('',#6446);
#6446 = AXIS2_PLACEMENT_3D('',#6447,#6448,#6449);
#6447 = CARTESIAN_POINT('',(-8.211024452957E-17,8.881784197001E-16,0.9)
  );
#6448 = DIRECTION('',(0.,0.,1.));
#6449 = DIRECTION('',(1.110223024625E-16,1.,-0.));
#6450 = ADVANCED_FACE('',(#6451),#6462,.T.);
#6451 = FACE_BOUND('',#6452,.T.);
#6452 = EDGE_LOOP('',(#6453,#6454,#6460,#6461));
#6453 = ORIENTED_EDGE('',*,*,#5572,.T.);
#6454 = ORIENTED_EDGE('',*,*,#6455,.F.);
#6455 = EDGE_CURVE('',#5517,#5573,#6456,.T.);
#6456 = LINE('',#6457,#6458);
#6457 = CARTESIAN_POINT('',(-0.1,4.551914400963E-16,0.9));
#6458 = VECTOR('',#6459,1.);
#6459 = DIRECTION('',(-1.110223024625E-16,-1.,0.));
#6460 = ORIENTED_EDGE('',*,*,#5524,.T.);
#6461 = ORIENTED_EDGE('',*,*,#5547,.T.);
#6462 = PLANE('',#6463);
#6463 = AXIS2_PLACEMENT_3D('',#6464,#6465,#6466);
#6464 = CARTESIAN_POINT('',(-8.211024452957E-17,8.881784197001E-16,0.9)
  );
#6465 = DIRECTION('',(0.,0.,1.));
#6466 = DIRECTION('',(1.110223024625E-16,1.,-0.));
#6467 = ADVANCED_FACE('',(#6468),#6511,.T.);
#6468 = FACE_BOUND('',#6469,.T.);
#6469 = EDGE_LOOP('',(#6470,#6471,#6479,#6487,#6495,#6503,#6509,#6510));
#6470 = ORIENTED_EDGE('',*,*,#5580,.F.);
#6471 = ORIENTED_EDGE('',*,*,#6472,.T.);
#6472 = EDGE_CURVE('',#5581,#6473,#6475,.T.);
#6473 = VERTEX_POINT('',#6474);
#6474 = CARTESIAN_POINT('',(-0.1,-0.25,7.35));
#6475 = LINE('',#6476,#6477);
#6476 = CARTESIAN_POINT('',(-0.1,-0.3,7.4));
#6477 = VECTOR('',#6478,1.);
#6478 = DIRECTION('',(7.850462293414E-17,0.707106781187,-0.707106781187)
  );
#6479 = ORIENTED_EDGE('',*,*,#6480,.T.);
#6480 = EDGE_CURVE('',#6473,#6481,#6483,.T.);
#6481 = VERTEX_POINT('',#6482);
#6482 = CARTESIAN_POINT('',(-0.1,-0.25,1.25));
#6483 = LINE('',#6484,#6485);
#6484 = CARTESIAN_POINT('',(-0.1,-0.25,7.35));
#6485 = VECTOR('',#6486,1.);
#6486 = DIRECTION('',(0.,0.,-1.));
#6487 = ORIENTED_EDGE('',*,*,#6488,.T.);
#6488 = EDGE_CURVE('',#6481,#6489,#6491,.T.);
#6489 = VERTEX_POINT('',#6490);
#6490 = CARTESIAN_POINT('',(-0.1,0.25,1.25));
#6491 = LINE('',#6492,#6493);
#6492 = CARTESIAN_POINT('',(-0.1,-0.25,1.25));
#6493 = VECTOR('',#6494,1.);
#6494 = DIRECTION('',(1.110223024625E-16,1.,0.));
#6495 = ORIENTED_EDGE('',*,*,#6496,.T.);
#6496 = EDGE_CURVE('',#6489,#6497,#6499,.T.);
#6497 = VERTEX_POINT('',#6498);
#6498 = CARTESIAN_POINT('',(-0.1,0.25,7.35));
#6499 = LINE('',#6500,#6501);
#6500 = CARTESIAN_POINT('',(-0.1,0.25,1.25));
#6501 = VECTOR('',#6502,1.);
#6502 = DIRECTION('',(0.,0.,1.));
#6503 = ORIENTED_EDGE('',*,*,#6504,.T.);
#6504 = EDGE_CURVE('',#6497,#5509,#6505,.T.);
#6505 = LINE('',#6506,#6507);
#6506 = CARTESIAN_POINT('',(-0.1,0.25,7.35));
#6507 = VECTOR('',#6508,1.);
#6508 = DIRECTION('',(7.850462293414E-17,0.707106781187,0.707106781187)
  );
#6509 = ORIENTED_EDGE('',*,*,#5516,.F.);
#6510 = ORIENTED_EDGE('',*,*,#6455,.T.);
#6511 = PLANE('',#6512);
#6512 = AXIS2_PLACEMENT_3D('',#6513,#6514,#6515);
#6513 = CARTESIAN_POINT('',(-0.1,1.110223024625E-17,3.911477598424));
#6514 = DIRECTION('',(-1.,1.110223024625E-16,0.));
#6515 = DIRECTION('',(0.,0.,1.));
#6516 = ADVANCED_FACE('',(#6517),#6535,.T.);
#6517 = FACE_BOUND('',#6518,.T.);
#6518 = EDGE_LOOP('',(#6519,#6527,#6533,#6534));
#6519 = ORIENTED_EDGE('',*,*,#6520,.T.);
#6520 = EDGE_CURVE('',#6497,#6521,#6523,.T.);
#6521 = VERTEX_POINT('',#6522);
#6522 = CARTESIAN_POINT('',(0.1,0.25,7.35));
#6523 = LINE('',#6524,#6525);
#6524 = CARTESIAN_POINT('',(-0.1,0.25,7.35));
#6525 = VECTOR('',#6526,1.);
#6526 = DIRECTION('',(1.,-1.110223024625E-16,0.));
#6527 = ORIENTED_EDGE('',*,*,#6528,.T.);
#6528 = EDGE_CURVE('',#6521,#5501,#6529,.T.);
#6529 = LINE('',#6530,#6531);
#6530 = CARTESIAN_POINT('',(0.1,0.25,7.35));
#6531 = VECTOR('',#6532,1.);
#6532 = DIRECTION('',(7.850462293414E-17,0.707106781187,0.707106781187)
  );
#6533 = ORIENTED_EDGE('',*,*,#5508,.F.);
#6534 = ORIENTED_EDGE('',*,*,#6504,.F.);
#6535 = PLANE('',#6536);
#6536 = AXIS2_PLACEMENT_3D('',#6537,#6538,#6539);
#6537 = CARTESIAN_POINT('',(-0.1,0.25,7.35));
#6538 = DIRECTION('',(-7.850462293414E-17,-0.707106781187,0.707106781187
    ));
#6539 = DIRECTION('',(7.850462293414E-17,0.707106781187,0.707106781187)
  );
#6540 = ADVANCED_FACE('',(#6541),#6577,.F.);
#6541 = FACE_BOUND('',#6542,.F.);
#6542 = EDGE_LOOP('',(#6543,#6544,#6552,#6560,#6568,#6574,#6575,#6576));
#6543 = ORIENTED_EDGE('',*,*,#5596,.F.);
#6544 = ORIENTED_EDGE('',*,*,#6545,.T.);
#6545 = EDGE_CURVE('',#5589,#6546,#6548,.T.);
#6546 = VERTEX_POINT('',#6547);
#6547 = CARTESIAN_POINT('',(0.1,-0.25,7.35));
#6548 = LINE('',#6549,#6550);
#6549 = CARTESIAN_POINT('',(0.1,-0.3,7.4));
#6550 = VECTOR('',#6551,1.);
#6551 = DIRECTION('',(7.850462293414E-17,0.707106781187,-0.707106781187)
  );
#6552 = ORIENTED_EDGE('',*,*,#6553,.T.);
#6553 = EDGE_CURVE('',#6546,#6554,#6556,.T.);
#6554 = VERTEX_POINT('',#6555);
#6555 = CARTESIAN_POINT('',(0.1,-0.25,1.25));
#6556 = LINE('',#6557,#6558);
#6557 = CARTESIAN_POINT('',(0.1,-0.25,7.35));
#6558 = VECTOR('',#6559,1.);
#6559 = DIRECTION('',(0.,0.,-1.));
#6560 = ORIENTED_EDGE('',*,*,#6561,.T.);
#6561 = EDGE_CURVE('',#6554,#6562,#6564,.T.);
#6562 = VERTEX_POINT('',#6563);
#6563 = CARTESIAN_POINT('',(0.1,0.25,1.25));
#6564 = LINE('',#6565,#6566);
#6565 = CARTESIAN_POINT('',(0.1,-0.25,1.25));
#6566 = VECTOR('',#6567,1.);
#6567 = DIRECTION('',(1.110223024625E-16,1.,0.));
#6568 = ORIENTED_EDGE('',*,*,#6569,.T.);
#6569 = EDGE_CURVE('',#6562,#6521,#6570,.T.);
#6570 = LINE('',#6571,#6572);
#6571 = CARTESIAN_POINT('',(0.1,0.25,1.25));
#6572 = VECTOR('',#6573,1.);
#6573 = DIRECTION('',(0.,0.,1.));
#6574 = ORIENTED_EDGE('',*,*,#6528,.T.);
#6575 = ORIENTED_EDGE('',*,*,#5500,.F.);
#6576 = ORIENTED_EDGE('',*,*,#6440,.T.);
#6577 = PLANE('',#6578);
#6578 = AXIS2_PLACEMENT_3D('',#6579,#6580,#6581);
#6579 = CARTESIAN_POINT('',(0.1,-1.110223024625E-17,3.911477598424));
#6580 = DIRECTION('',(-1.,1.110223024625E-16,0.));
#6581 = DIRECTION('',(0.,0.,1.));
#6582 = ADVANCED_FACE('',(#6583),#6594,.T.);
#6583 = FACE_BOUND('',#6584,.T.);
#6584 = EDGE_LOOP('',(#6585,#6586,#6587,#6593));
#6585 = ORIENTED_EDGE('',*,*,#5588,.T.);
#6586 = ORIENTED_EDGE('',*,*,#6545,.T.);
#6587 = ORIENTED_EDGE('',*,*,#6588,.F.);
#6588 = EDGE_CURVE('',#6473,#6546,#6589,.T.);
#6589 = LINE('',#6590,#6591);
#6590 = CARTESIAN_POINT('',(-0.1,-0.25,7.35));
#6591 = VECTOR('',#6592,1.);
#6592 = DIRECTION('',(1.,-1.110223024625E-16,0.));
#6593 = ORIENTED_EDGE('',*,*,#6472,.F.);
#6594 = PLANE('',#6595);
#6595 = AXIS2_PLACEMENT_3D('',#6596,#6597,#6598);
#6596 = CARTESIAN_POINT('',(-0.1,-0.3,7.4));
#6597 = DIRECTION('',(7.850462293414E-17,0.707106781187,0.707106781187)
  );
#6598 = DIRECTION('',(7.850462293414E-17,0.707106781187,-0.707106781187)
  );
#6599 = ADVANCED_FACE('',(#6600),#6611,.T.);
#6600 = FACE_BOUND('',#6601,.T.);
#6601 = EDGE_LOOP('',(#6602,#6608,#6609,#6610));
#6602 = ORIENTED_EDGE('',*,*,#6603,.T.);
#6603 = EDGE_CURVE('',#5991,#6064,#6604,.T.);
#6604 = LINE('',#6605,#6606);
#6605 = CARTESIAN_POINT('',(-0.1,-7.37,1.25));
#6606 = VECTOR('',#6607,1.);
#6607 = DIRECTION('',(1.,-1.110223024625E-16,0.));
#6608 = ORIENTED_EDGE('',*,*,#6071,.T.);
#6609 = ORIENTED_EDGE('',*,*,#6022,.F.);
#6610 = ORIENTED_EDGE('',*,*,#5998,.F.);
#6611 = PLANE('',#6612);
#6612 = AXIS2_PLACEMENT_3D('',#6613,#6614,#6615);
#6613 = CARTESIAN_POINT('',(-0.1,-7.37,1.25));
#6614 = DIRECTION('',(-1.110223024625E-16,-1.,0.));
#6615 = DIRECTION('',(0.,0.,1.));
#6616 = ADVANCED_FACE('',(#6617),#6628,.T.);
#6617 = FACE_BOUND('',#6618,.T.);
#6618 = EDGE_LOOP('',(#6619,#6625,#6626,#6627));
#6619 = ORIENTED_EDGE('',*,*,#6620,.T.);
#6620 = EDGE_CURVE('',#5983,#6056,#6621,.T.);
#6621 = LINE('',#6622,#6623);
#6622 = CARTESIAN_POINT('',(-0.1,-7.87,1.25));
#6623 = VECTOR('',#6624,1.);
#6624 = DIRECTION('',(1.,-1.110223024625E-16,0.));
#6625 = ORIENTED_EDGE('',*,*,#6063,.T.);
#6626 = ORIENTED_EDGE('',*,*,#6603,.F.);
#6627 = ORIENTED_EDGE('',*,*,#5990,.F.);
#6628 = PLANE('',#6629);
#6629 = AXIS2_PLACEMENT_3D('',#6630,#6631,#6632);
#6630 = CARTESIAN_POINT('',(-0.1,-7.87,1.25));
#6631 = DIRECTION('',(0.,0.,1.));
#6632 = DIRECTION('',(1.110223024625E-16,1.,-0.));
#6633 = ADVANCED_FACE('',(#6634),#6640,.T.);
#6634 = FACE_BOUND('',#6635,.T.);
#6635 = EDGE_LOOP('',(#6636,#6637,#6638,#6639));
#6636 = ORIENTED_EDGE('',*,*,#6090,.T.);
#6637 = ORIENTED_EDGE('',*,*,#6055,.T.);
#6638 = ORIENTED_EDGE('',*,*,#6620,.F.);
#6639 = ORIENTED_EDGE('',*,*,#5982,.F.);
#6640 = PLANE('',#6641);
#6641 = AXIS2_PLACEMENT_3D('',#6642,#6643,#6644);
#6642 = CARTESIAN_POINT('',(-0.1,-7.87,7.35));
#6643 = DIRECTION('',(1.110223024625E-16,1.,0.));
#6644 = DIRECTION('',(0.,0.,-1.));
#6645 = ADVANCED_FACE('',(#6646),#6657,.T.);
#6646 = FACE_BOUND('',#6647,.T.);
#6647 = EDGE_LOOP('',(#6648,#6654,#6655,#6656));
#6648 = ORIENTED_EDGE('',*,*,#6649,.T.);
#6649 = EDGE_CURVE('',#6157,#6230,#6650,.T.);
#6650 = LINE('',#6651,#6652);
#6651 = CARTESIAN_POINT('',(-0.1,-4.83,1.25));
#6652 = VECTOR('',#6653,1.);
#6653 = DIRECTION('',(1.,-1.110223024625E-16,0.));
#6654 = ORIENTED_EDGE('',*,*,#6237,.T.);
#6655 = ORIENTED_EDGE('',*,*,#6188,.F.);
#6656 = ORIENTED_EDGE('',*,*,#6164,.F.);
#6657 = PLANE('',#6658);
#6658 = AXIS2_PLACEMENT_3D('',#6659,#6660,#6661);
#6659 = CARTESIAN_POINT('',(-0.1,-4.83,1.25));
#6660 = DIRECTION('',(-1.110223024625E-16,-1.,0.));
#6661 = DIRECTION('',(0.,0.,1.));
#6662 = ADVANCED_FACE('',(#6663),#6674,.T.);
#6663 = FACE_BOUND('',#6664,.T.);
#6664 = EDGE_LOOP('',(#6665,#6671,#6672,#6673));
#6665 = ORIENTED_EDGE('',*,*,#6666,.T.);
#6666 = EDGE_CURVE('',#6149,#6222,#6667,.T.);
#6667 = LINE('',#6668,#6669);
#6668 = CARTESIAN_POINT('',(-0.1,-5.33,1.25));
#6669 = VECTOR('',#6670,1.);
#6670 = DIRECTION('',(1.,-1.110223024625E-16,0.));
#6671 = ORIENTED_EDGE('',*,*,#6229,.T.);
#6672 = ORIENTED_EDGE('',*,*,#6649,.F.);
#6673 = ORIENTED_EDGE('',*,*,#6156,.F.);
#6674 = PLANE('',#6675);
#6675 = AXIS2_PLACEMENT_3D('',#6676,#6677,#6678);
#6676 = CARTESIAN_POINT('',(-0.1,-5.33,1.25));
#6677 = DIRECTION('',(0.,0.,1.));
#6678 = DIRECTION('',(1.110223024625E-16,1.,-0.));
#6679 = ADVANCED_FACE('',(#6680),#6686,.T.);
#6680 = FACE_BOUND('',#6681,.T.);
#6681 = EDGE_LOOP('',(#6682,#6683,#6684,#6685));
#6682 = ORIENTED_EDGE('',*,*,#6256,.T.);
#6683 = ORIENTED_EDGE('',*,*,#6221,.T.);
#6684 = ORIENTED_EDGE('',*,*,#6666,.F.);
#6685 = ORIENTED_EDGE('',*,*,#6148,.F.);
#6686 = PLANE('',#6687);
#6687 = AXIS2_PLACEMENT_3D('',#6688,#6689,#6690);
#6688 = CARTESIAN_POINT('',(-0.1,-5.33,7.35));
#6689 = DIRECTION('',(1.110223024625E-16,1.,0.));
#6690 = DIRECTION('',(0.,0.,-1.));
#6691 = ADVANCED_FACE('',(#6692),#6703,.T.);
#6692 = FACE_BOUND('',#6693,.T.);
#6693 = EDGE_LOOP('',(#6694,#6700,#6701,#6702));
#6694 = ORIENTED_EDGE('',*,*,#6695,.T.);
#6695 = EDGE_CURVE('',#6323,#6396,#6696,.T.);
#6696 = LINE('',#6697,#6698);
#6697 = CARTESIAN_POINT('',(-0.1,-2.29,1.25));
#6698 = VECTOR('',#6699,1.);
#6699 = DIRECTION('',(1.,-1.110223024625E-16,0.));
#6700 = ORIENTED_EDGE('',*,*,#6403,.T.);
#6701 = ORIENTED_EDGE('',*,*,#6354,.F.);
#6702 = ORIENTED_EDGE('',*,*,#6330,.F.);
#6703 = PLANE('',#6704);
#6704 = AXIS2_PLACEMENT_3D('',#6705,#6706,#6707);
#6705 = CARTESIAN_POINT('',(-0.1,-2.29,1.25));
#6706 = DIRECTION('',(-1.110223024625E-16,-1.,0.));
#6707 = DIRECTION('',(0.,0.,1.));
#6708 = ADVANCED_FACE('',(#6709),#6720,.T.);
#6709 = FACE_BOUND('',#6710,.T.);
#6710 = EDGE_LOOP('',(#6711,#6717,#6718,#6719));
#6711 = ORIENTED_EDGE('',*,*,#6712,.T.);
#6712 = EDGE_CURVE('',#6315,#6388,#6713,.T.);
#6713 = LINE('',#6714,#6715);
#6714 = CARTESIAN_POINT('',(-0.1,-2.79,1.25));
#6715 = VECTOR('',#6716,1.);
#6716 = DIRECTION('',(1.,-1.110223024625E-16,0.));
#6717 = ORIENTED_EDGE('',*,*,#6395,.T.);
#6718 = ORIENTED_EDGE('',*,*,#6695,.F.);
#6719 = ORIENTED_EDGE('',*,*,#6322,.F.);
#6720 = PLANE('',#6721);
#6721 = AXIS2_PLACEMENT_3D('',#6722,#6723,#6724);
#6722 = CARTESIAN_POINT('',(-0.1,-2.79,1.25));
#6723 = DIRECTION('',(0.,0.,1.));
#6724 = DIRECTION('',(1.110223024625E-16,1.,-0.));
#6725 = ADVANCED_FACE('',(#6726),#6732,.T.);
#6726 = FACE_BOUND('',#6727,.T.);
#6727 = EDGE_LOOP('',(#6728,#6729,#6730,#6731));
#6728 = ORIENTED_EDGE('',*,*,#6422,.T.);
#6729 = ORIENTED_EDGE('',*,*,#6387,.T.);
#6730 = ORIENTED_EDGE('',*,*,#6712,.F.);
#6731 = ORIENTED_EDGE('',*,*,#6314,.F.);
#6732 = PLANE('',#6733);
#6733 = AXIS2_PLACEMENT_3D('',#6734,#6735,#6736);
#6734 = CARTESIAN_POINT('',(-0.1,-2.79,7.35));
#6735 = DIRECTION('',(1.110223024625E-16,1.,0.));
#6736 = DIRECTION('',(0.,0.,-1.));
#6737 = ADVANCED_FACE('',(#6738),#6749,.T.);
#6738 = FACE_BOUND('',#6739,.T.);
#6739 = EDGE_LOOP('',(#6740,#6746,#6747,#6748));
#6740 = ORIENTED_EDGE('',*,*,#6741,.T.);
#6741 = EDGE_CURVE('',#6489,#6562,#6742,.T.);
#6742 = LINE('',#6743,#6744);
#6743 = CARTESIAN_POINT('',(-0.1,0.25,1.25));
#6744 = VECTOR('',#6745,1.);
#6745 = DIRECTION('',(1.,-1.110223024625E-16,0.));
#6746 = ORIENTED_EDGE('',*,*,#6569,.T.);
#6747 = ORIENTED_EDGE('',*,*,#6520,.F.);
#6748 = ORIENTED_EDGE('',*,*,#6496,.F.);
#6749 = PLANE('',#6750);
#6750 = AXIS2_PLACEMENT_3D('',#6751,#6752,#6753);
#6751 = CARTESIAN_POINT('',(-0.1,0.25,1.25));
#6752 = DIRECTION('',(-1.110223024625E-16,-1.,0.));
#6753 = DIRECTION('',(0.,0.,1.));
#6754 = ADVANCED_FACE('',(#6755),#6766,.T.);
#6755 = FACE_BOUND('',#6756,.T.);
#6756 = EDGE_LOOP('',(#6757,#6763,#6764,#6765));
#6757 = ORIENTED_EDGE('',*,*,#6758,.T.);
#6758 = EDGE_CURVE('',#6481,#6554,#6759,.T.);
#6759 = LINE('',#6760,#6761);
#6760 = CARTESIAN_POINT('',(-0.1,-0.25,1.25));
#6761 = VECTOR('',#6762,1.);
#6762 = DIRECTION('',(1.,-1.110223024625E-16,0.));
#6763 = ORIENTED_EDGE('',*,*,#6561,.T.);
#6764 = ORIENTED_EDGE('',*,*,#6741,.F.);
#6765 = ORIENTED_EDGE('',*,*,#6488,.F.);
#6766 = PLANE('',#6767);
#6767 = AXIS2_PLACEMENT_3D('',#6768,#6769,#6770);
#6768 = CARTESIAN_POINT('',(-0.1,-0.25,1.25));
#6769 = DIRECTION('',(0.,0.,1.));
#6770 = DIRECTION('',(1.110223024625E-16,1.,-0.));
#6771 = ADVANCED_FACE('',(#6772),#6778,.T.);
#6772 = FACE_BOUND('',#6773,.T.);
#6773 = EDGE_LOOP('',(#6774,#6775,#6776,#6777));
#6774 = ORIENTED_EDGE('',*,*,#6588,.T.);
#6775 = ORIENTED_EDGE('',*,*,#6553,.T.);
#6776 = ORIENTED_EDGE('',*,*,#6758,.F.);
#6777 = ORIENTED_EDGE('',*,*,#6480,.F.);
#6778 = PLANE('',#6779);
#6779 = AXIS2_PLACEMENT_3D('',#6780,#6781,#6782);
#6780 = CARTESIAN_POINT('',(-0.1,-0.25,7.35));
#6781 = DIRECTION('',(1.110223024625E-16,1.,0.));
#6782 = DIRECTION('',(0.,0.,-1.));
#6783 = ( GEOMETRIC_REPRESENTATION_CONTEXT(3) 
GLOBAL_UNCERTAINTY_ASSIGNED_CONTEXT((#6787)) 
GLOBAL_UNIT_ASSIGNED_CONTEXT((#6784,#6785,#6786)) REPRESENTATION_CONTEXT
('Context #1','3D Context with UNIT and UNCERTAINTY') );
#6784 = ( LENGTH_UNIT() NAMED_UNIT(*) SI_UNIT(.MILLI.,.METRE.) );
#6785 = ( NAMED_UNIT(*) PLANE_ANGLE_UNIT() SI_UNIT($,.RADIAN.) );
#6786 = ( NAMED_UNIT(*) SI_UNIT($,.STERADIAN.) SOLID_ANGLE_UNIT() );
#6787 = UNCERTAINTY_MEASURE_WITH_UNIT(LENGTH_MEASURE(1.E-07),#6784,
  'distance_accuracy_value','confusion accuracy');
#6788 = CONTEXT_DEPENDENT_SHAPE_REPRESENTATION(#6789,#6791);
#6789 = ( REPRESENTATION_RELATIONSHIP('','',#3396,#3373) 
REPRESENTATION_RELATIONSHIP_WITH_TRANSFORMATION(#6790) 
SHAPE_REPRESENTATION_RELATIONSHIP() );
#6790 = ITEM_DEFINED_TRANSFORMATION('','',#11,#3374);
#6791 = PRODUCT_DEFINITION_SHAPE('Placement','Placement of an item',
  #6792);
#6792 = NEXT_ASSEMBLY_USAGE_OCCURRENCE('4','=>[0:1:1:5]','',#3368,#3391,
  $);
#6793 = PRODUCT_RELATED_PRODUCT_CATEGORY('part',$,(#3393));
#6794 = CONTEXT_DEPENDENT_SHAPE_REPRESENTATION(#6795,#6797);
#6795 = ( REPRESENTATION_RELATIONSHIP('','',#52,#10) 
REPRESENTATION_RELATIONSHIP_WITH_TRANSFORMATION(#6796) 
SHAPE_REPRESENTATION_RELATIONSHIP() );
#6796 = ITEM_DEFINED_TRANSFORMATION('','',#11,#27);
#6797 = PRODUCT_DEFINITION_SHAPE('Placement','Placement of an item',
  #6798);
#6798 = NEXT_ASSEMBLY_USAGE_OCCURRENCE('6','SW2','',#5,#47,$);
#6799 = SHAPE_DEFINITION_REPRESENTATION(#6800,#6806);
#6800 = PRODUCT_DEFINITION_SHAPE('','',#6801);
#6801 = PRODUCT_DEFINITION('design','',#6802,#6805);
#6802 = PRODUCT_DEFINITION_FORMATION('','',#6803);
#6803 = PRODUCT('JST_PH_S2B-PH-K_1x02_P2.00mm_Horizontal',
  'JST_PH_S2B-PH-K_1x02_P2.00mm_Horizontal','',(#6804));
#6804 = PRODUCT_CONTEXT('',#2,'mechanical');
#6805 = PRODUCT_DEFINITION_CONTEXT('part definition',#2,'design');
#6806 = SHAPE_REPRESENTATION('',(#11,#6807),#6811);
#6807 = AXIS2_PLACEMENT_3D('',#6808,#6809,#6810);
#6808 = CARTESIAN_POINT('',(0.,0.,0.));
#6809 = DIRECTION('',(0.,0.,1.));
#6810 = DIRECTION('',(1.,0.,-0.));
#6811 = ( GEOMETRIC_REPRESENTATION_CONTEXT(3) 
GLOBAL_UNCERTAINTY_ASSIGNED_CONTEXT((#6815)) 
GLOBAL_UNIT_ASSIGNED_CONTEXT((#6812,#6813,#6814)) REPRESENTATION_CONTEXT
('Context #1','3D Context with UNIT and UNCERTAINTY') );
#6812 = ( LENGTH_UNIT() NAMED_UNIT(*) SI_UNIT(.MILLI.,.METRE.) );
#6813 = ( NAMED_UNIT(*) PLANE_ANGLE_UNIT() SI_UNIT($,.RADIAN.) );
#6814 = ( NAMED_UNIT(*) SI_UNIT($,.STERADIAN.) SOLID_ANGLE_UNIT() );
#6815 = UNCERTAINTY_MEASURE_WITH_UNIT(LENGTH_MEASURE(1.E-07),#6812,
  'distance_accuracy_value','confusion accuracy');
#6816 = CONTEXT_DEPENDENT_SHAPE_REPRESENTATION(#6817,#6819);
#6817 = ( REPRESENTATION_RELATIONSHIP('','',#6806,#10) 
REPRESENTATION_RELATIONSHIP_WITH_TRANSFORMATION(#6818) 
SHAPE_REPRESENTATION_RELATIONSHIP() );
#6818 = ITEM_DEFINED_TRANSFORMATION('','',#11,#31);
#6819 = PRODUCT_DEFINITION_SHAPE('Placement','Placement of an item',
  #6820);
#6820 = NEXT_ASSEMBLY_USAGE_OCCURRENCE('8','J1','',#5,#6801,$);
#6821 = PRODUCT_RELATED_PRODUCT_CATEGORY('part',$,(#6803));
#6822 = SHAPE_DEFINITION_REPRESENTATION(#6823,#6829);
#6823 = PRODUCT_DEFINITION_SHAPE('','',#6824);
#6824 = PRODUCT_DEFINITION('design','',#6825,#6828);
#6825 = PRODUCT_DEFINITION_FORMATION('','',#6826);
#6826 = PRODUCT('JST_S2B_PH_K','JST_S2B_PH_K','',(#6827));
#6827 = PRODUCT_CONTEXT('',#2,'mechanical');
#6828 = PRODUCT_DEFINITION_CONTEXT('part definition',#2,'design');
#6829 = ADVANCED_BREP_SHAPE_REPRESENTATION('',(#11,#6830),#10324);
#6830 = MANIFOLD_SOLID_BREP('',#6831);
#6831 = CLOSED_SHELL('',(#6832,#6872,#6952,#7040,#7097,#7114,#7138,#7162
    ,#7186,#7242,#7378,#7409,#7421,#7507,#7521,#7577,#7634,#7658,#7731,
    #7755,#7788,#7899,#8016,#8056,#8087,#8105,#8122,#8140,#8166,#8197,
    #8214,#8247,#8287,#8310,#8359,#8383,#8430,#8447,#8464,#8476,#8523,
    #8554,#8571,#8588,#8612,#8636,#8653,#8670,#8682,#8699,#8711,#8735,
    #8753,#8765,#8779,#8810,#8834,#8858,#8875,#8906,#8930,#8954,#8971,
    #9017,#9063,#9080,#9092,#9123,#9147,#9171,#9188,#9219,#9243,#9267,
    #9284,#9381,#9405,#9495,#9512,#9609,#9633,#9723,#9740,#9752,#9764,
    #9781,#9798,#9815,#9848,#9888,#9919,#9936,#9953,#9965,#9998,#10015,
    #10032,#10049,#10082,#10122,#10153,#10170,#10187,#10199,#10232,
    #10249,#10266,#10278,#10295,#10312));
#6832 = ADVANCED_FACE('',(#6833),#6867,.T.);
#6833 = FACE_BOUND('',#6834,.T.);
#6834 = EDGE_LOOP('',(#6835,#6845,#6853,#6861));
#6835 = ORIENTED_EDGE('',*,*,#6836,.F.);
#6836 = EDGE_CURVE('',#6837,#6839,#6841,.T.);
#6837 = VERTEX_POINT('',#6838);
#6838 = CARTESIAN_POINT('',(3.95,-4.65,2.5));
#6839 = VERTEX_POINT('',#6840);
#6840 = CARTESIAN_POINT('',(3.95,-6.25,2.5));
#6841 = LINE('',#6842,#6843);
#6842 = CARTESIAN_POINT('',(3.95,-4.65,2.5));
#6843 = VECTOR('',#6844,1.);
#6844 = DIRECTION('',(-1.224646799147E-16,-1.,1.110223024625E-16));
#6845 = ORIENTED_EDGE('',*,*,#6846,.T.);
#6846 = EDGE_CURVE('',#6837,#6847,#6849,.T.);
#6847 = VERTEX_POINT('',#6848);
#6848 = CARTESIAN_POINT('',(3.45,-4.65,2.5));
#6849 = LINE('',#6850,#6851);
#6850 = CARTESIAN_POINT('',(3.95,-4.65,2.5));
#6851 = VECTOR('',#6852,1.);
#6852 = DIRECTION('',(-1.,1.224646799147E-16,0.));
#6853 = ORIENTED_EDGE('',*,*,#6854,.T.);
#6854 = EDGE_CURVE('',#6847,#6855,#6857,.T.);
#6855 = VERTEX_POINT('',#6856);
#6856 = CARTESIAN_POINT('',(3.45,-6.25,2.5));
#6857 = LINE('',#6858,#6859);
#6858 = CARTESIAN_POINT('',(3.45,-5.45,2.5));
#6859 = VECTOR('',#6860,1.);
#6860 = DIRECTION('',(-1.224646799147E-16,-1.,1.110223024625E-16));
#6861 = ORIENTED_EDGE('',*,*,#6862,.F.);
#6862 = EDGE_CURVE('',#6839,#6855,#6863,.T.);
#6863 = LINE('',#6864,#6865);
#6864 = CARTESIAN_POINT('',(3.95,-6.25,2.5));
#6865 = VECTOR('',#6866,1.);
#6866 = DIRECTION('',(-1.,1.224646799147E-16,0.));
#6867 = PLANE('',#6868);
#6868 = AXIS2_PLACEMENT_3D('',#6869,#6870,#6871);
#6869 = CARTESIAN_POINT('',(3.95,-4.65,2.5));
#6870 = DIRECTION('',(1.359631073447E-32,1.110223024625E-16,1.));
#6871 = DIRECTION('',(-1.224646799147E-16,-1.,1.110223024625E-16));
#6872 = ADVANCED_FACE('',(#6873),#6947,.T.);
#6873 = FACE_BOUND('',#6874,.T.);
#6874 = EDGE_LOOP('',(#6875,#6883,#6891,#6899,#6907,#6915,#6923,#6931,
    #6939,#6946));
#6875 = ORIENTED_EDGE('',*,*,#6876,.F.);
#6876 = EDGE_CURVE('',#6877,#6839,#6879,.T.);
#6877 = VERTEX_POINT('',#6878);
#6878 = CARTESIAN_POINT('',(3.95,-6.25,0.));
#6879 = LINE('',#6880,#6881);
#6880 = CARTESIAN_POINT('',(3.95,-6.25,0.3));
#6881 = VECTOR('',#6882,1.);
#6882 = DIRECTION('',(1.359631073447E-32,1.110223024625E-16,1.));
#6883 = ORIENTED_EDGE('',*,*,#6884,.F.);
#6884 = EDGE_CURVE('',#6885,#6877,#6887,.T.);
#6885 = VERTEX_POINT('',#6886);
#6886 = CARTESIAN_POINT('',(3.95,1.35,0.));
#6887 = LINE('',#6888,#6889);
#6888 = CARTESIAN_POINT('',(3.95,1.35,0.));
#6889 = VECTOR('',#6890,1.);
#6890 = DIRECTION('',(-1.224646799147E-16,-1.,0.));
#6891 = ORIENTED_EDGE('',*,*,#6892,.F.);
#6892 = EDGE_CURVE('',#6893,#6885,#6895,.T.);
#6893 = VERTEX_POINT('',#6894);
#6894 = CARTESIAN_POINT('',(3.95,1.35,3.2));
#6895 = LINE('',#6896,#6897);
#6896 = CARTESIAN_POINT('',(3.95,1.35,3.2));
#6897 = VECTOR('',#6898,1.);
#6898 = DIRECTION('',(-0.,0.,-1.));
#6899 = ORIENTED_EDGE('',*,*,#6900,.F.);
#6900 = EDGE_CURVE('',#6901,#6893,#6903,.T.);
#6901 = VERTEX_POINT('',#6902);
#6902 = CARTESIAN_POINT('',(3.95,-0.25,4.1));
#6903 = LINE('',#6904,#6905);
#6904 = CARTESIAN_POINT('',(3.95,-0.25,4.1));
#6905 = VECTOR('',#6906,1.);
#6906 = DIRECTION('',(1.067372191754E-16,0.871575537124,-0.490261239633)
  );
#6907 = ORIENTED_EDGE('',*,*,#6908,.T.);
#6908 = EDGE_CURVE('',#6901,#6909,#6911,.T.);
#6909 = VERTEX_POINT('',#6910);
#6910 = CARTESIAN_POINT('',(3.95,-0.25,4.8));
#6911 = LINE('',#6912,#6913);
#6912 = CARTESIAN_POINT('',(3.95,-0.25,0.3));
#6913 = VECTOR('',#6914,1.);
#6914 = DIRECTION('',(1.359631073447E-32,1.110223024625E-16,1.));
#6915 = ORIENTED_EDGE('',*,*,#6916,.T.);
#6916 = EDGE_CURVE('',#6909,#6917,#6919,.T.);
#6917 = VERTEX_POINT('',#6918);
#6918 = CARTESIAN_POINT('',(3.95,-6.25,4.8));
#6919 = LINE('',#6920,#6921);
#6920 = CARTESIAN_POINT('',(3.95,-0.25,4.8));
#6921 = VECTOR('',#6922,1.);
#6922 = DIRECTION('',(-1.224646799147E-16,-1.,1.110223024625E-16));
#6923 = ORIENTED_EDGE('',*,*,#6924,.F.);
#6924 = EDGE_CURVE('',#6925,#6917,#6927,.T.);
#6925 = VERTEX_POINT('',#6926);
#6926 = CARTESIAN_POINT('',(3.95,-6.25,3.3));
#6927 = LINE('',#6928,#6929);
#6928 = CARTESIAN_POINT('',(3.95,-6.25,0.3));
#6929 = VECTOR('',#6930,1.);
#6930 = DIRECTION('',(1.359631073447E-32,1.110223024625E-16,1.));
#6931 = ORIENTED_EDGE('',*,*,#6932,.T.);
#6932 = EDGE_CURVE('',#6925,#6933,#6935,.T.);
#6933 = VERTEX_POINT('',#6934);
#6934 = CARTESIAN_POINT('',(3.95,-4.65,3.3));
#6935 = LINE('',#6936,#6937);
#6936 = CARTESIAN_POINT('',(3.95,-6.25,3.3));
#6937 = VECTOR('',#6938,1.);
#6938 = DIRECTION('',(1.224646799147E-16,1.,-1.110223024625E-16));
#6939 = ORIENTED_EDGE('',*,*,#6940,.T.);
#6940 = EDGE_CURVE('',#6933,#6837,#6941,.T.);
#6941 = CIRCLE('',#6942,0.4);
#6942 = AXIS2_PLACEMENT_3D('',#6943,#6944,#6945);
#6943 = CARTESIAN_POINT('',(3.95,-4.65,2.9));
#6944 = DIRECTION('',(-1.,1.224646799147E-16,0.));
#6945 = DIRECTION('',(1.359631073446E-32,1.110223024625E-16,1.));
#6946 = ORIENTED_EDGE('',*,*,#6836,.T.);
#6947 = PLANE('',#6948);
#6948 = AXIS2_PLACEMENT_3D('',#6949,#6950,#6951);
#6949 = CARTESIAN_POINT('',(3.95,-2.909897467985,2.368621550033));
#6950 = DIRECTION('',(1.,-1.224646799147E-16,-3.096025220137E-32));
#6951 = DIRECTION('',(-3.096025220137E-32,3.79153737592E-48,-1.));
#6952 = ADVANCED_FACE('',(#6953),#7035,.T.);
#6953 = FACE_BOUND('',#6954,.T.);
#6954 = EDGE_LOOP('',(#6955,#6965,#6973,#6979,#6980,#6981,#6989,#6997,
    #7005,#7013,#7021,#7029));
#6955 = ORIENTED_EDGE('',*,*,#6956,.T.);
#6956 = EDGE_CURVE('',#6957,#6959,#6961,.T.);
#6957 = VERTEX_POINT('',#6958);
#6958 = CARTESIAN_POINT('',(-0.95,-6.25,0.3));
#6959 = VERTEX_POINT('',#6960);
#6960 = CARTESIAN_POINT('',(2.95,-6.25,0.3));
#6961 = LINE('',#6962,#6963);
#6962 = CARTESIAN_POINT('',(-1.95,-6.25,0.3));
#6963 = VECTOR('',#6964,1.);
#6964 = DIRECTION('',(1.,-1.224646799147E-16,0.));
#6965 = ORIENTED_EDGE('',*,*,#6966,.F.);
#6966 = EDGE_CURVE('',#6967,#6959,#6969,.T.);
#6967 = VERTEX_POINT('',#6968);
#6968 = CARTESIAN_POINT('',(2.95,-6.25,0.));
#6969 = LINE('',#6970,#6971);
#6970 = CARTESIAN_POINT('',(2.95,-6.25,0.));
#6971 = VECTOR('',#6972,1.);
#6972 = DIRECTION('',(0.,0.,1.));
#6973 = ORIENTED_EDGE('',*,*,#6974,.F.);
#6974 = EDGE_CURVE('',#6877,#6967,#6975,.T.);
#6975 = LINE('',#6976,#6977);
#6976 = CARTESIAN_POINT('',(3.95,-6.25,0.));
#6977 = VECTOR('',#6978,1.);
#6978 = DIRECTION('',(-1.,1.224646799147E-16,0.));
#6979 = ORIENTED_EDGE('',*,*,#6876,.T.);
#6980 = ORIENTED_EDGE('',*,*,#6862,.T.);
#6981 = ORIENTED_EDGE('',*,*,#6982,.F.);
#6982 = EDGE_CURVE('',#6983,#6855,#6985,.T.);
#6983 = VERTEX_POINT('',#6984);
#6984 = CARTESIAN_POINT('',(3.45,-6.25,0.8));
#6985 = LINE('',#6986,#6987);
#6986 = CARTESIAN_POINT('',(3.45,-6.25,0.8));
#6987 = VECTOR('',#6988,1.);
#6988 = DIRECTION('',(1.359631073447E-32,1.110223024625E-16,1.));
#6989 = ORIENTED_EDGE('',*,*,#6990,.F.);
#6990 = EDGE_CURVE('',#6991,#6983,#6993,.T.);
#6991 = VERTEX_POINT('',#6992);
#6992 = CARTESIAN_POINT('',(-1.45,-6.25,0.8));
#6993 = LINE('',#6994,#6995);
#6994 = CARTESIAN_POINT('',(-1.45,-6.25,0.8));
#6995 = VECTOR('',#6996,1.);
#6996 = DIRECTION('',(1.,-1.224646799147E-16,0.));
#6997 = ORIENTED_EDGE('',*,*,#6998,.F.);
#6998 = EDGE_CURVE('',#6999,#6991,#7001,.T.);
#6999 = VERTEX_POINT('',#7000);
#7000 = CARTESIAN_POINT('',(-1.45,-6.25,2.5));
#7001 = LINE('',#7002,#7003);
#7002 = CARTESIAN_POINT('',(-1.45,-6.25,4.2));
#7003 = VECTOR('',#7004,1.);
#7004 = DIRECTION('',(-1.359631073447E-32,-1.110223024625E-16,-1.));
#7005 = ORIENTED_EDGE('',*,*,#7006,.T.);
#7006 = EDGE_CURVE('',#6999,#7007,#7009,.T.);
#7007 = VERTEX_POINT('',#7008);
#7008 = CARTESIAN_POINT('',(-1.95,-6.25,2.5));
#7009 = LINE('',#7010,#7011);
#7010 = CARTESIAN_POINT('',(3.95,-6.25,2.5));
#7011 = VECTOR('',#7012,1.);
#7012 = DIRECTION('',(-1.,1.224646799147E-16,0.));
#7013 = ORIENTED_EDGE('',*,*,#7014,.T.);
#7014 = EDGE_CURVE('',#7007,#7015,#7017,.T.);
#7015 = VERTEX_POINT('',#7016);
#7016 = CARTESIAN_POINT('',(-1.95,-6.25,0.));
#7017 = LINE('',#7018,#7019);
#7018 = CARTESIAN_POINT('',(-1.95,-6.25,4.8));
#7019 = VECTOR('',#7020,1.);
#7020 = DIRECTION('',(-1.359631073447E-32,-1.110223024625E-16,-1.));
#7021 = ORIENTED_EDGE('',*,*,#7022,.F.);
#7022 = EDGE_CURVE('',#7023,#7015,#7025,.T.);
#7023 = VERTEX_POINT('',#7024);
#7024 = CARTESIAN_POINT('',(-0.95,-6.25,0.));
#7025 = LINE('',#7026,#7027);
#7026 = CARTESIAN_POINT('',(-0.95,-6.25,0.));
#7027 = VECTOR('',#7028,1.);
#7028 = DIRECTION('',(-1.,1.224646799147E-16,0.));
#7029 = ORIENTED_EDGE('',*,*,#7030,.T.);
#7030 = EDGE_CURVE('',#7023,#6957,#7031,.T.);
#7031 = LINE('',#7032,#7033);
#7032 = CARTESIAN_POINT('',(-0.95,-6.25,0.));
#7033 = VECTOR('',#7034,1.);
#7034 = DIRECTION('',(0.,0.,1.));
#7035 = PLANE('',#7036);
#7036 = AXIS2_PLACEMENT_3D('',#7037,#7038,#7039);
#7037 = CARTESIAN_POINT('',(1.,-6.25,0.939423076923));
#7038 = DIRECTION('',(-1.224646799147E-16,-1.,-4.111705995194E-31));
#7039 = DIRECTION('',(-5.03538758605E-47,-4.111705995194E-31,1.));
#7040 = ADVANCED_FACE('',(#7041),#7092,.F.);
#7041 = FACE_BOUND('',#7042,.F.);
#7042 = EDGE_LOOP('',(#7043,#7044,#7052,#7060,#7068,#7076,#7084,#7091));
#7043 = ORIENTED_EDGE('',*,*,#6982,.F.);
#7044 = ORIENTED_EDGE('',*,*,#7045,.T.);
#7045 = EDGE_CURVE('',#6983,#7046,#7048,.T.);
#7046 = VERTEX_POINT('',#7047);
#7047 = CARTESIAN_POINT('',(3.45,-2.05,0.8));
#7048 = LINE('',#7049,#7050);
#7049 = CARTESIAN_POINT('',(3.45,-6.25,0.8));
#7050 = VECTOR('',#7051,1.);
#7051 = DIRECTION('',(1.224646799147E-16,1.,-1.110223024625E-16));
#7052 = ORIENTED_EDGE('',*,*,#7053,.T.);
#7053 = EDGE_CURVE('',#7046,#7054,#7056,.T.);
#7054 = VERTEX_POINT('',#7055);
#7055 = CARTESIAN_POINT('',(3.45,-2.05,4.2));
#7056 = LINE('',#7057,#7058);
#7057 = CARTESIAN_POINT('',(3.45,-2.05,0.8));
#7058 = VECTOR('',#7059,1.);
#7059 = DIRECTION('',(1.359631073447E-32,1.110223024625E-16,1.));
#7060 = ORIENTED_EDGE('',*,*,#7061,.F.);
#7061 = EDGE_CURVE('',#7062,#7054,#7064,.T.);
#7062 = VERTEX_POINT('',#7063);
#7063 = CARTESIAN_POINT('',(3.45,-6.25,4.2));
#7064 = LINE('',#7065,#7066);
#7065 = CARTESIAN_POINT('',(3.45,-6.25,4.2));
#7066 = VECTOR('',#7067,1.);
#7067 = DIRECTION('',(1.224646799147E-16,1.,-1.110223024625E-16));
#7068 = ORIENTED_EDGE('',*,*,#7069,.F.);
#7069 = EDGE_CURVE('',#7070,#7062,#7072,.T.);
#7070 = VERTEX_POINT('',#7071);
#7071 = CARTESIAN_POINT('',(3.45,-6.25,3.3));
#7072 = LINE('',#7073,#7074);
#7073 = CARTESIAN_POINT('',(3.45,-6.25,0.8));
#7074 = VECTOR('',#7075,1.);
#7075 = DIRECTION('',(1.359631073447E-32,1.110223024625E-16,1.));
#7076 = ORIENTED_EDGE('',*,*,#7077,.T.);
#7077 = EDGE_CURVE('',#7070,#7078,#7080,.T.);
#7078 = VERTEX_POINT('',#7079);
#7079 = CARTESIAN_POINT('',(3.45,-4.65,3.3));
#7080 = LINE('',#7081,#7082);
#7081 = CARTESIAN_POINT('',(3.45,-6.25,3.3));
#7082 = VECTOR('',#7083,1.);
#7083 = DIRECTION('',(1.224646799147E-16,1.,-1.110223024625E-16));
#7084 = ORIENTED_EDGE('',*,*,#7085,.F.);
#7085 = EDGE_CURVE('',#6847,#7078,#7086,.T.);
#7086 = CIRCLE('',#7087,0.4);
#7087 = AXIS2_PLACEMENT_3D('',#7088,#7089,#7090);
#7088 = CARTESIAN_POINT('',(3.45,-4.65,2.9));
#7089 = DIRECTION('',(1.,-1.224646799147E-16,0.));
#7090 = DIRECTION('',(1.359631073446E-32,1.110223024625E-16,1.));
#7091 = ORIENTED_EDGE('',*,*,#6854,.T.);
#7092 = PLANE('',#7093);
#7093 = AXIS2_PLACEMENT_3D('',#7094,#7095,#7096);
#7094 = CARTESIAN_POINT('',(3.45,-6.25,0.8));
#7095 = DIRECTION('',(1.,-1.224646799147E-16,0.));
#7096 = DIRECTION('',(1.359631073446E-32,1.110223024625E-16,1.));
#7097 = ADVANCED_FACE('',(#7098),#7109,.F.);
#7098 = FACE_BOUND('',#7099,.F.);
#7099 = EDGE_LOOP('',(#7100,#7101,#7102,#7108));
#7100 = ORIENTED_EDGE('',*,*,#6846,.T.);
#7101 = ORIENTED_EDGE('',*,*,#7085,.T.);
#7102 = ORIENTED_EDGE('',*,*,#7103,.F.);
#7103 = EDGE_CURVE('',#6933,#7078,#7104,.T.);
#7104 = LINE('',#7105,#7106);
#7105 = CARTESIAN_POINT('',(3.95,-4.65,3.3));
#7106 = VECTOR('',#7107,1.);
#7107 = DIRECTION('',(-1.,1.224646799147E-16,0.));
#7108 = ORIENTED_EDGE('',*,*,#6940,.T.);
#7109 = CYLINDRICAL_SURFACE('',#7110,0.4);
#7110 = AXIS2_PLACEMENT_3D('',#7111,#7112,#7113);
#7111 = CARTESIAN_POINT('',(3.95,-4.65,2.9));
#7112 = DIRECTION('',(1.,-1.224646799147E-16,0.));
#7113 = DIRECTION('',(1.359631073446E-32,1.110223024625E-16,1.));
#7114 = ADVANCED_FACE('',(#7115),#7133,.F.);
#7115 = FACE_BOUND('',#7116,.F.);
#7116 = EDGE_LOOP('',(#7117,#7125,#7131,#7132));
#7117 = ORIENTED_EDGE('',*,*,#7118,.T.);
#7118 = EDGE_CURVE('',#6885,#7119,#7121,.T.);
#7119 = VERTEX_POINT('',#7120);
#7120 = CARTESIAN_POINT('',(2.95,1.35,0.));
#7121 = LINE('',#7122,#7123);
#7122 = CARTESIAN_POINT('',(3.95,1.35,0.));
#7123 = VECTOR('',#7124,1.);
#7124 = DIRECTION('',(-1.,1.224646799147E-16,0.));
#7125 = ORIENTED_EDGE('',*,*,#7126,.T.);
#7126 = EDGE_CURVE('',#7119,#6967,#7127,.T.);
#7127 = LINE('',#7128,#7129);
#7128 = CARTESIAN_POINT('',(2.95,1.35,0.));
#7129 = VECTOR('',#7130,1.);
#7130 = DIRECTION('',(-1.224646799147E-16,-1.,0.));
#7131 = ORIENTED_EDGE('',*,*,#6974,.F.);
#7132 = ORIENTED_EDGE('',*,*,#6884,.F.);
#7133 = PLANE('',#7134);
#7134 = AXIS2_PLACEMENT_3D('',#7135,#7136,#7137);
#7135 = CARTESIAN_POINT('',(3.95,1.35,0.));
#7136 = DIRECTION('',(0.,0.,1.));
#7137 = DIRECTION('',(-1.224646799147E-16,-1.,0.));
#7138 = ADVANCED_FACE('',(#7139),#7157,.F.);
#7139 = FACE_BOUND('',#7140,.F.);
#7140 = EDGE_LOOP('',(#7141,#7149,#7155,#7156));
#7141 = ORIENTED_EDGE('',*,*,#7142,.T.);
#7142 = EDGE_CURVE('',#6893,#7143,#7145,.T.);
#7143 = VERTEX_POINT('',#7144);
#7144 = CARTESIAN_POINT('',(2.95,1.35,3.2));
#7145 = LINE('',#7146,#7147);
#7146 = CARTESIAN_POINT('',(3.95,1.35,3.2));
#7147 = VECTOR('',#7148,1.);
#7148 = DIRECTION('',(-1.,1.224646799147E-16,0.));
#7149 = ORIENTED_EDGE('',*,*,#7150,.T.);
#7150 = EDGE_CURVE('',#7143,#7119,#7151,.T.);
#7151 = LINE('',#7152,#7153);
#7152 = CARTESIAN_POINT('',(2.95,1.35,3.2));
#7153 = VECTOR('',#7154,1.);
#7154 = DIRECTION('',(-0.,0.,-1.));
#7155 = ORIENTED_EDGE('',*,*,#7118,.F.);
#7156 = ORIENTED_EDGE('',*,*,#6892,.F.);
#7157 = PLANE('',#7158);
#7158 = AXIS2_PLACEMENT_3D('',#7159,#7160,#7161);
#7159 = CARTESIAN_POINT('',(3.95,1.35,3.2));
#7160 = DIRECTION('',(-1.224646799147E-16,-1.,0.));
#7161 = DIRECTION('',(-0.,0.,-1.));
#7162 = ADVANCED_FACE('',(#7163),#7181,.F.);
#7163 = FACE_BOUND('',#7164,.F.);
#7164 = EDGE_LOOP('',(#7165,#7173,#7179,#7180));
#7165 = ORIENTED_EDGE('',*,*,#7166,.T.);
#7166 = EDGE_CURVE('',#6901,#7167,#7169,.T.);
#7167 = VERTEX_POINT('',#7168);
#7168 = CARTESIAN_POINT('',(2.95,-0.25,4.1));
#7169 = LINE('',#7170,#7171);
#7170 = CARTESIAN_POINT('',(3.95,-0.25,4.1));
#7171 = VECTOR('',#7172,1.);
#7172 = DIRECTION('',(-1.,1.224646799147E-16,0.));
#7173 = ORIENTED_EDGE('',*,*,#7174,.T.);
#7174 = EDGE_CURVE('',#7167,#7143,#7175,.T.);
#7175 = LINE('',#7176,#7177);
#7176 = CARTESIAN_POINT('',(2.95,-0.25,4.1));
#7177 = VECTOR('',#7178,1.);
#7178 = DIRECTION('',(1.067372191754E-16,0.871575537124,-0.490261239633)
  );
#7179 = ORIENTED_EDGE('',*,*,#7142,.F.);
#7180 = ORIENTED_EDGE('',*,*,#6900,.F.);
#7181 = PLANE('',#7182);
#7182 = AXIS2_PLACEMENT_3D('',#7183,#7184,#7185);
#7183 = CARTESIAN_POINT('',(3.95,-0.25,4.1));
#7184 = DIRECTION('',(-6.003968578616E-17,-0.490261239633,
    -0.871575537124));
#7185 = DIRECTION('',(1.067372191754E-16,0.871575537124,-0.490261239633)
  );
#7186 = ADVANCED_FACE('',(#7187),#7237,.F.);
#7187 = FACE_BOUND('',#7188,.F.);
#7188 = EDGE_LOOP('',(#7189,#7199,#7207,#7213,#7214,#7215,#7223,#7231));
#7189 = ORIENTED_EDGE('',*,*,#7190,.F.);
#7190 = EDGE_CURVE('',#7191,#7193,#7195,.T.);
#7191 = VERTEX_POINT('',#7192);
#7192 = CARTESIAN_POINT('',(2.75,-0.25,0.3));
#7193 = VERTEX_POINT('',#7194);
#7194 = CARTESIAN_POINT('',(2.75,-0.25,4.2));
#7195 = LINE('',#7196,#7197);
#7196 = CARTESIAN_POINT('',(2.75,-0.25,0.3));
#7197 = VECTOR('',#7198,1.);
#7198 = DIRECTION('',(1.359631073447E-32,1.110223024625E-16,1.));
#7199 = ORIENTED_EDGE('',*,*,#7200,.T.);
#7200 = EDGE_CURVE('',#7191,#7201,#7203,.T.);
#7201 = VERTEX_POINT('',#7202);
#7202 = CARTESIAN_POINT('',(2.95,-0.25,0.3));
#7203 = LINE('',#7204,#7205);
#7204 = CARTESIAN_POINT('',(-1.95,-0.25,0.3));
#7205 = VECTOR('',#7206,1.);
#7206 = DIRECTION('',(1.,-1.224646799147E-16,0.));
#7207 = ORIENTED_EDGE('',*,*,#7208,.T.);
#7208 = EDGE_CURVE('',#7201,#7167,#7209,.T.);
#7209 = LINE('',#7210,#7211);
#7210 = CARTESIAN_POINT('',(2.95,-0.25,0.3));
#7211 = VECTOR('',#7212,1.);
#7212 = DIRECTION('',(0.,0.,1.));
#7213 = ORIENTED_EDGE('',*,*,#7166,.F.);
#7214 = ORIENTED_EDGE('',*,*,#6908,.T.);
#7215 = ORIENTED_EDGE('',*,*,#7216,.T.);
#7216 = EDGE_CURVE('',#6909,#7217,#7219,.T.);
#7217 = VERTEX_POINT('',#7218);
#7218 = CARTESIAN_POINT('',(3.4,-0.25,4.8));
#7219 = LINE('',#7220,#7221);
#7220 = CARTESIAN_POINT('',(3.95,-0.25,4.8));
#7221 = VECTOR('',#7222,1.);
#7222 = DIRECTION('',(-1.,1.224646799147E-16,0.));
#7223 = ORIENTED_EDGE('',*,*,#7224,.T.);
#7224 = EDGE_CURVE('',#7217,#7225,#7227,.T.);
#7225 = VERTEX_POINT('',#7226);
#7226 = CARTESIAN_POINT('',(3.4,-0.25,4.2));
#7227 = LINE('',#7228,#7229);
#7228 = CARTESIAN_POINT('',(3.4,-0.25,4.8));
#7229 = VECTOR('',#7230,1.);
#7230 = DIRECTION('',(-1.359631073447E-32,-1.110223024625E-16,-1.));
#7231 = ORIENTED_EDGE('',*,*,#7232,.T.);
#7232 = EDGE_CURVE('',#7225,#7193,#7233,.T.);
#7233 = LINE('',#7234,#7235);
#7234 = CARTESIAN_POINT('',(3.4,-0.25,4.2));
#7235 = VECTOR('',#7236,1.);
#7236 = DIRECTION('',(-1.,1.224646799147E-16,0.));
#7237 = PLANE('',#7238);
#7238 = AXIS2_PLACEMENT_3D('',#7239,#7240,#7241);
#7239 = CARTESIAN_POINT('',(1.,-0.25,2.55));
#7240 = DIRECTION('',(-1.224646799147E-16,-1.,1.110223024625E-16));
#7241 = DIRECTION('',(-1.,1.224646799147E-16,1.219283680787E-48));
#7242 = ADVANCED_FACE('',(#7243),#7373,.F.);
#7243 = FACE_BOUND('',#7244,.F.);
#7244 = EDGE_LOOP('',(#7245,#7246,#7247,#7255,#7263,#7271,#7279,#7287,
    #7295,#7303,#7311,#7319,#7327,#7335,#7343,#7351,#7359,#7367));
#7245 = ORIENTED_EDGE('',*,*,#7216,.F.);
#7246 = ORIENTED_EDGE('',*,*,#6916,.T.);
#7247 = ORIENTED_EDGE('',*,*,#7248,.T.);
#7248 = EDGE_CURVE('',#6917,#7249,#7251,.T.);
#7249 = VERTEX_POINT('',#7250);
#7250 = CARTESIAN_POINT('',(1.45,-6.25,4.8));
#7251 = LINE('',#7252,#7253);
#7252 = CARTESIAN_POINT('',(3.95,-6.25,4.8));
#7253 = VECTOR('',#7254,1.);
#7254 = DIRECTION('',(-1.,1.224646799147E-16,0.));
#7255 = ORIENTED_EDGE('',*,*,#7256,.T.);
#7256 = EDGE_CURVE('',#7249,#7257,#7259,.T.);
#7257 = VERTEX_POINT('',#7258);
#7258 = CARTESIAN_POINT('',(1.45,-2.35,4.8));
#7259 = LINE('',#7260,#7261);
#7260 = CARTESIAN_POINT('',(1.45,-6.25,4.8));
#7261 = VECTOR('',#7262,1.);
#7262 = DIRECTION('',(1.224646799147E-16,1.,-1.110223024625E-16));
#7263 = ORIENTED_EDGE('',*,*,#7264,.T.);
#7264 = EDGE_CURVE('',#7257,#7265,#7267,.T.);
#7265 = VERTEX_POINT('',#7266);
#7266 = CARTESIAN_POINT('',(0.55,-2.35,4.8));
#7267 = LINE('',#7268,#7269);
#7268 = CARTESIAN_POINT('',(1.45,-2.35,4.8));
#7269 = VECTOR('',#7270,1.);
#7270 = DIRECTION('',(-1.,1.224646799147E-16,0.));
#7271 = ORIENTED_EDGE('',*,*,#7272,.T.);
#7272 = EDGE_CURVE('',#7265,#7273,#7275,.T.);
#7273 = VERTEX_POINT('',#7274);
#7274 = CARTESIAN_POINT('',(0.55,-6.25,4.8));
#7275 = LINE('',#7276,#7277);
#7276 = CARTESIAN_POINT('',(0.55,-2.35,4.8));
#7277 = VECTOR('',#7278,1.);
#7278 = DIRECTION('',(-1.224646799147E-16,-1.,1.110223024625E-16));
#7279 = ORIENTED_EDGE('',*,*,#7280,.T.);
#7280 = EDGE_CURVE('',#7273,#7281,#7283,.T.);
#7281 = VERTEX_POINT('',#7282);
#7282 = CARTESIAN_POINT('',(-0.45,-6.25,4.8));
#7283 = LINE('',#7284,#7285);
#7284 = CARTESIAN_POINT('',(3.95,-6.25,4.8));
#7285 = VECTOR('',#7286,1.);
#7286 = DIRECTION('',(-1.,1.224646799147E-16,0.));
#7287 = ORIENTED_EDGE('',*,*,#7288,.F.);
#7288 = EDGE_CURVE('',#7289,#7281,#7291,.T.);
#7289 = VERTEX_POINT('',#7290);
#7290 = CARTESIAN_POINT('',(-0.45,-4.45,4.8));
#7291 = LINE('',#7292,#7293);
#7292 = CARTESIAN_POINT('',(-0.45,-4.45,4.8));
#7293 = VECTOR('',#7294,1.);
#7294 = DIRECTION('',(-1.224646799147E-16,-1.,1.110223024625E-16));
#7295 = ORIENTED_EDGE('',*,*,#7296,.F.);
#7296 = EDGE_CURVE('',#7297,#7289,#7299,.T.);
#7297 = VERTEX_POINT('',#7298);
#7298 = CARTESIAN_POINT('',(-0.4,-4.45,4.8));
#7299 = LINE('',#7300,#7301);
#7300 = CARTESIAN_POINT('',(-0.4,-4.45,4.8));
#7301 = VECTOR('',#7302,1.);
#7302 = DIRECTION('',(-1.,1.224646799147E-16,0.));
#7303 = ORIENTED_EDGE('',*,*,#7304,.F.);
#7304 = EDGE_CURVE('',#7305,#7297,#7307,.T.);
#7305 = VERTEX_POINT('',#7306);
#7306 = CARTESIAN_POINT('',(-0.4,-0.45,4.8));
#7307 = LINE('',#7308,#7309);
#7308 = CARTESIAN_POINT('',(-0.4,-0.25,4.8));
#7309 = VECTOR('',#7310,1.);
#7310 = DIRECTION('',(-1.224646799147E-16,-1.,1.110223024625E-16));
#7311 = ORIENTED_EDGE('',*,*,#7312,.F.);
#7312 = EDGE_CURVE('',#7313,#7305,#7315,.T.);
#7313 = VERTEX_POINT('',#7314);
#7314 = CARTESIAN_POINT('',(0.75,-0.45,4.8));
#7315 = LINE('',#7316,#7317);
#7316 = CARTESIAN_POINT('',(0.75,-0.45,4.8));
#7317 = VECTOR('',#7318,1.);
#7318 = DIRECTION('',(-1.,1.224646799147E-16,0.));
#7319 = ORIENTED_EDGE('',*,*,#7320,.F.);
#7320 = EDGE_CURVE('',#7321,#7313,#7323,.T.);
#7321 = VERTEX_POINT('',#7322);
#7322 = CARTESIAN_POINT('',(0.75,-0.25,4.8));
#7323 = LINE('',#7324,#7325);
#7324 = CARTESIAN_POINT('',(0.75,-0.25,4.8));
#7325 = VECTOR('',#7326,1.);
#7326 = DIRECTION('',(-1.224646799147E-16,-1.,1.110223024625E-16));
#7327 = ORIENTED_EDGE('',*,*,#7328,.F.);
#7328 = EDGE_CURVE('',#7329,#7321,#7331,.T.);
#7329 = VERTEX_POINT('',#7330);
#7330 = CARTESIAN_POINT('',(1.25,-0.25,4.8));
#7331 = LINE('',#7332,#7333);
#7332 = CARTESIAN_POINT('',(3.95,-0.25,4.8));
#7333 = VECTOR('',#7334,1.);
#7334 = DIRECTION('',(-1.,1.224646799147E-16,0.));
#7335 = ORIENTED_EDGE('',*,*,#7336,.T.);
#7336 = EDGE_CURVE('',#7329,#7337,#7339,.T.);
#7337 = VERTEX_POINT('',#7338);
#7338 = CARTESIAN_POINT('',(1.25,-0.45,4.8));
#7339 = LINE('',#7340,#7341);
#7340 = CARTESIAN_POINT('',(1.25,-0.25,4.8));
#7341 = VECTOR('',#7342,1.);
#7342 = DIRECTION('',(-1.224646799147E-16,-1.,1.110223024625E-16));
#7343 = ORIENTED_EDGE('',*,*,#7344,.F.);
#7344 = EDGE_CURVE('',#7345,#7337,#7347,.T.);
#7345 = VERTEX_POINT('',#7346);
#7346 = CARTESIAN_POINT('',(2.4,-0.45,4.8));
#7347 = LINE('',#7348,#7349);
#7348 = CARTESIAN_POINT('',(2.75,-0.45,4.8));
#7349 = VECTOR('',#7350,1.);
#7350 = DIRECTION('',(-1.,1.224646799147E-16,0.));
#7351 = ORIENTED_EDGE('',*,*,#7352,.T.);
#7352 = EDGE_CURVE('',#7345,#7353,#7355,.T.);
#7353 = VERTEX_POINT('',#7354);
#7354 = CARTESIAN_POINT('',(2.4,-4.45,4.8));
#7355 = LINE('',#7356,#7357);
#7356 = CARTESIAN_POINT('',(2.4,-0.25,4.8));
#7357 = VECTOR('',#7358,1.);
#7358 = DIRECTION('',(-1.224646799147E-16,-1.,1.110223024625E-16));
#7359 = ORIENTED_EDGE('',*,*,#7360,.T.);
#7360 = EDGE_CURVE('',#7353,#7361,#7363,.T.);
#7361 = VERTEX_POINT('',#7362);
#7362 = CARTESIAN_POINT('',(3.4,-4.45,4.8));
#7363 = LINE('',#7364,#7365);
#7364 = CARTESIAN_POINT('',(2.4,-4.45,4.8));
#7365 = VECTOR('',#7366,1.);
#7366 = DIRECTION('',(1.,-1.224646799147E-16,0.));
#7367 = ORIENTED_EDGE('',*,*,#7368,.T.);
#7368 = EDGE_CURVE('',#7361,#7217,#7369,.T.);
#7369 = LINE('',#7370,#7371);
#7370 = CARTESIAN_POINT('',(3.4,-4.45,4.8));
#7371 = VECTOR('',#7372,1.);
#7372 = DIRECTION('',(1.224646799147E-16,1.,-1.110223024625E-16));
#7373 = PLANE('',#7374);
#7374 = AXIS2_PLACEMENT_3D('',#7375,#7376,#7377);
#7375 = CARTESIAN_POINT('',(3.95,-0.25,4.8));
#7376 = DIRECTION('',(-1.359631073447E-32,-1.110223024625E-16,-1.));
#7377 = DIRECTION('',(-1.,1.224646799147E-16,6.927121900793E-45));
#7378 = ADVANCED_FACE('',(#7379),#7404,.T.);
#7379 = FACE_BOUND('',#7380,.T.);
#7380 = EDGE_LOOP('',(#7381,#7387,#7388,#7389,#7397,#7403));
#7381 = ORIENTED_EDGE('',*,*,#7382,.F.);
#7382 = EDGE_CURVE('',#6925,#7070,#7383,.T.);
#7383 = LINE('',#7384,#7385);
#7384 = CARTESIAN_POINT('',(3.95,-6.25,3.3));
#7385 = VECTOR('',#7386,1.);
#7386 = DIRECTION('',(-1.,1.224646799147E-16,0.));
#7387 = ORIENTED_EDGE('',*,*,#6924,.T.);
#7388 = ORIENTED_EDGE('',*,*,#7248,.T.);
#7389 = ORIENTED_EDGE('',*,*,#7390,.T.);
#7390 = EDGE_CURVE('',#7249,#7391,#7393,.T.);
#7391 = VERTEX_POINT('',#7392);
#7392 = CARTESIAN_POINT('',(1.45,-6.25,4.2));
#7393 = LINE('',#7394,#7395);
#7394 = CARTESIAN_POINT('',(1.45,-6.25,4.8));
#7395 = VECTOR('',#7396,1.);
#7396 = DIRECTION('',(-1.359631073447E-32,-1.110223024625E-16,-1.));
#7397 = ORIENTED_EDGE('',*,*,#7398,.F.);
#7398 = EDGE_CURVE('',#7062,#7391,#7399,.T.);
#7399 = LINE('',#7400,#7401);
#7400 = CARTESIAN_POINT('',(3.45,-6.25,4.2));
#7401 = VECTOR('',#7402,1.);
#7402 = DIRECTION('',(-1.,1.224646799147E-16,0.));
#7403 = ORIENTED_EDGE('',*,*,#7069,.F.);
#7404 = PLANE('',#7405);
#7405 = AXIS2_PLACEMENT_3D('',#7406,#7407,#7408);
#7406 = CARTESIAN_POINT('',(1.,-6.25,2.55));
#7407 = DIRECTION('',(-1.224646799147E-16,-1.,1.110223024625E-16));
#7408 = DIRECTION('',(-1.,1.224646799147E-16,1.219283680787E-48));
#7409 = ADVANCED_FACE('',(#7410),#7416,.T.);
#7410 = FACE_BOUND('',#7411,.T.);
#7411 = EDGE_LOOP('',(#7412,#7413,#7414,#7415));
#7412 = ORIENTED_EDGE('',*,*,#6932,.F.);
#7413 = ORIENTED_EDGE('',*,*,#7382,.T.);
#7414 = ORIENTED_EDGE('',*,*,#7077,.T.);
#7415 = ORIENTED_EDGE('',*,*,#7103,.F.);
#7416 = PLANE('',#7417);
#7417 = AXIS2_PLACEMENT_3D('',#7418,#7419,#7420);
#7418 = CARTESIAN_POINT('',(3.95,-6.25,3.3));
#7419 = DIRECTION('',(-1.359631073447E-32,-1.110223024625E-16,-1.));
#7420 = DIRECTION('',(1.224646799147E-16,1.,-1.110223024625E-16));
#7421 = ADVANCED_FACE('',(#7422),#7502,.F.);
#7422 = FACE_BOUND('',#7423,.F.);
#7423 = EDGE_LOOP('',(#7424,#7434,#7440,#7441,#7447,#7448,#7456,#7464,
    #7472,#7480,#7488,#7496));
#7424 = ORIENTED_EDGE('',*,*,#7425,.F.);
#7425 = EDGE_CURVE('',#7426,#7428,#7430,.T.);
#7426 = VERTEX_POINT('',#7427);
#7427 = CARTESIAN_POINT('',(-0.95,-0.25,0.3));
#7428 = VERTEX_POINT('',#7429);
#7429 = CARTESIAN_POINT('',(-0.75,-0.25,0.3));
#7430 = LINE('',#7431,#7432);
#7431 = CARTESIAN_POINT('',(-1.95,-0.25,0.3));
#7432 = VECTOR('',#7433,1.);
#7433 = DIRECTION('',(1.,-1.224646799147E-16,0.));
#7434 = ORIENTED_EDGE('',*,*,#7435,.F.);
#7435 = EDGE_CURVE('',#6957,#7426,#7436,.T.);
#7436 = LINE('',#7437,#7438);
#7437 = CARTESIAN_POINT('',(-0.95,-6.25,0.3));
#7438 = VECTOR('',#7439,1.);
#7439 = DIRECTION('',(1.224646799147E-16,1.,0.));
#7440 = ORIENTED_EDGE('',*,*,#6956,.T.);
#7441 = ORIENTED_EDGE('',*,*,#7442,.T.);
#7442 = EDGE_CURVE('',#6959,#7201,#7443,.T.);
#7443 = LINE('',#7444,#7445);
#7444 = CARTESIAN_POINT('',(2.95,-6.25,0.3));
#7445 = VECTOR('',#7446,1.);
#7446 = DIRECTION('',(1.224646799147E-16,1.,0.));
#7447 = ORIENTED_EDGE('',*,*,#7200,.F.);
#7448 = ORIENTED_EDGE('',*,*,#7449,.F.);
#7449 = EDGE_CURVE('',#7450,#7191,#7452,.T.);
#7450 = VERTEX_POINT('',#7451);
#7451 = CARTESIAN_POINT('',(2.75,-0.45,0.3));
#7452 = LINE('',#7453,#7454);
#7453 = CARTESIAN_POINT('',(2.75,-0.45,0.3));
#7454 = VECTOR('',#7455,1.);
#7455 = DIRECTION('',(1.224646799147E-16,1.,-1.110223024625E-16));
#7456 = ORIENTED_EDGE('',*,*,#7457,.T.);
#7457 = EDGE_CURVE('',#7450,#7458,#7460,.T.);
#7458 = VERTEX_POINT('',#7459);
#7459 = CARTESIAN_POINT('',(1.25,-0.45,0.3));
#7460 = LINE('',#7461,#7462);
#7461 = CARTESIAN_POINT('',(2.75,-0.45,0.3));
#7462 = VECTOR('',#7463,1.);
#7463 = DIRECTION('',(-1.,1.224646799147E-16,0.));
#7464 = ORIENTED_EDGE('',*,*,#7465,.T.);
#7465 = EDGE_CURVE('',#7458,#7466,#7468,.T.);
#7466 = VERTEX_POINT('',#7467);
#7467 = CARTESIAN_POINT('',(1.25,-0.25,0.3));
#7468 = LINE('',#7469,#7470);
#7469 = CARTESIAN_POINT('',(1.25,-0.45,0.3));
#7470 = VECTOR('',#7471,1.);
#7471 = DIRECTION('',(1.224646799147E-16,1.,-1.110223024625E-16));
#7472 = ORIENTED_EDGE('',*,*,#7473,.F.);
#7473 = EDGE_CURVE('',#7474,#7466,#7476,.T.);
#7474 = VERTEX_POINT('',#7475);
#7475 = CARTESIAN_POINT('',(0.75,-0.25,0.3));
#7476 = LINE('',#7477,#7478);
#7477 = CARTESIAN_POINT('',(-1.95,-0.25,0.3));
#7478 = VECTOR('',#7479,1.);
#7479 = DIRECTION('',(1.,-1.224646799147E-16,0.));
#7480 = ORIENTED_EDGE('',*,*,#7481,.F.);
#7481 = EDGE_CURVE('',#7482,#7474,#7484,.T.);
#7482 = VERTEX_POINT('',#7483);
#7483 = CARTESIAN_POINT('',(0.75,-0.45,0.3));
#7484 = LINE('',#7485,#7486);
#7485 = CARTESIAN_POINT('',(0.75,-0.45,0.3));
#7486 = VECTOR('',#7487,1.);
#7487 = DIRECTION('',(1.224646799147E-16,1.,-1.110223024625E-16));
#7488 = ORIENTED_EDGE('',*,*,#7489,.T.);
#7489 = EDGE_CURVE('',#7482,#7490,#7492,.T.);
#7490 = VERTEX_POINT('',#7491);
#7491 = CARTESIAN_POINT('',(-0.75,-0.45,0.3));
#7492 = LINE('',#7493,#7494);
#7493 = CARTESIAN_POINT('',(0.75,-0.45,0.3));
#7494 = VECTOR('',#7495,1.);
#7495 = DIRECTION('',(-1.,1.224646799147E-16,0.));
#7496 = ORIENTED_EDGE('',*,*,#7497,.T.);
#7497 = EDGE_CURVE('',#7490,#7428,#7498,.T.);
#7498 = LINE('',#7499,#7500);
#7499 = CARTESIAN_POINT('',(-0.75,-0.45,0.3));
#7500 = VECTOR('',#7501,1.);
#7501 = DIRECTION('',(1.224646799147E-16,1.,-1.110223024625E-16));
#7502 = PLANE('',#7503);
#7503 = AXIS2_PLACEMENT_3D('',#7504,#7505,#7506);
#7504 = CARTESIAN_POINT('',(-1.95,-0.25,0.3));
#7505 = DIRECTION('',(1.359631073447E-32,1.110223024625E-16,1.));
#7506 = DIRECTION('',(1.,-1.224646799147E-16,-6.927121900793E-45));
#7507 = ADVANCED_FACE('',(#7508),#7516,.T.);
#7508 = FACE_BOUND('',#7509,.T.);
#7509 = EDGE_LOOP('',(#7510,#7511,#7512,#7513,#7514,#7515));
#7510 = ORIENTED_EDGE('',*,*,#7208,.T.);
#7511 = ORIENTED_EDGE('',*,*,#7174,.T.);
#7512 = ORIENTED_EDGE('',*,*,#7150,.T.);
#7513 = ORIENTED_EDGE('',*,*,#7126,.T.);
#7514 = ORIENTED_EDGE('',*,*,#6966,.T.);
#7515 = ORIENTED_EDGE('',*,*,#7442,.T.);
#7516 = PLANE('',#7517);
#7517 = AXIS2_PLACEMENT_3D('',#7518,#7519,#7520);
#7518 = CARTESIAN_POINT('',(2.95,-1.566489992801,0.968760807125));
#7519 = DIRECTION('',(-1.,1.224646799147E-16,0.));
#7520 = DIRECTION('',(0.,0.,1.));
#7521 = ADVANCED_FACE('',(#7522),#7572,.F.);
#7522 = FACE_BOUND('',#7523,.F.);
#7523 = EDGE_LOOP('',(#7524,#7525,#7533,#7541,#7549,#7557,#7565,#7571));
#7524 = ORIENTED_EDGE('',*,*,#6990,.F.);
#7525 = ORIENTED_EDGE('',*,*,#7526,.T.);
#7526 = EDGE_CURVE('',#6991,#7527,#7529,.T.);
#7527 = VERTEX_POINT('',#7528);
#7528 = CARTESIAN_POINT('',(-1.45,-2.05,0.8));
#7529 = LINE('',#7530,#7531);
#7530 = CARTESIAN_POINT('',(-1.45,-6.25,0.8));
#7531 = VECTOR('',#7532,1.);
#7532 = DIRECTION('',(1.224646799147E-16,1.,-1.110223024625E-16));
#7533 = ORIENTED_EDGE('',*,*,#7534,.T.);
#7534 = EDGE_CURVE('',#7527,#7535,#7537,.T.);
#7535 = VERTEX_POINT('',#7536);
#7536 = CARTESIAN_POINT('',(0.8,-2.05,0.8));
#7537 = LINE('',#7538,#7539);
#7538 = CARTESIAN_POINT('',(-1.45,-2.05,0.8));
#7539 = VECTOR('',#7540,1.);
#7540 = DIRECTION('',(1.,-1.224646799147E-16,0.));
#7541 = ORIENTED_EDGE('',*,*,#7542,.T.);
#7542 = EDGE_CURVE('',#7535,#7543,#7545,.T.);
#7543 = VERTEX_POINT('',#7544);
#7544 = CARTESIAN_POINT('',(0.8,-3.95,0.8));
#7545 = LINE('',#7546,#7547);
#7546 = CARTESIAN_POINT('',(0.8,-2.05,0.8));
#7547 = VECTOR('',#7548,1.);
#7548 = DIRECTION('',(-1.224646799147E-16,-1.,1.110223024625E-16));
#7549 = ORIENTED_EDGE('',*,*,#7550,.T.);
#7550 = EDGE_CURVE('',#7543,#7551,#7553,.T.);
#7551 = VERTEX_POINT('',#7552);
#7552 = CARTESIAN_POINT('',(1.2,-3.95,0.8));
#7553 = LINE('',#7554,#7555);
#7554 = CARTESIAN_POINT('',(0.8,-3.95,0.8));
#7555 = VECTOR('',#7556,1.);
#7556 = DIRECTION('',(1.,-1.224646799147E-16,0.));
#7557 = ORIENTED_EDGE('',*,*,#7558,.F.);
#7558 = EDGE_CURVE('',#7559,#7551,#7561,.T.);
#7559 = VERTEX_POINT('',#7560);
#7560 = CARTESIAN_POINT('',(1.2,-2.05,0.8));
#7561 = LINE('',#7562,#7563);
#7562 = CARTESIAN_POINT('',(1.2,-2.05,0.8));
#7563 = VECTOR('',#7564,1.);
#7564 = DIRECTION('',(-1.224646799147E-16,-1.,1.110223024625E-16));
#7565 = ORIENTED_EDGE('',*,*,#7566,.T.);
#7566 = EDGE_CURVE('',#7559,#7046,#7567,.T.);
#7567 = LINE('',#7568,#7569);
#7568 = CARTESIAN_POINT('',(-1.45,-2.05,0.8));
#7569 = VECTOR('',#7570,1.);
#7570 = DIRECTION('',(1.,-1.224646799147E-16,0.));
#7571 = ORIENTED_EDGE('',*,*,#7045,.F.);
#7572 = PLANE('',#7573);
#7573 = AXIS2_PLACEMENT_3D('',#7574,#7575,#7576);
#7574 = CARTESIAN_POINT('',(-1.45,-6.25,0.8));
#7575 = DIRECTION('',(-1.359631073447E-32,-1.110223024625E-16,-1.));
#7576 = DIRECTION('',(1.,-1.224646799147E-16,-6.927121900793E-45));
#7577 = ADVANCED_FACE('',(#7578),#7629,.F.);
#7578 = FACE_BOUND('',#7579,.F.);
#7579 = EDGE_LOOP('',(#7580,#7590,#7598,#7604,#7605,#7606,#7614,#7623));
#7580 = ORIENTED_EDGE('',*,*,#7581,.F.);
#7581 = EDGE_CURVE('',#7582,#7584,#7586,.T.);
#7582 = VERTEX_POINT('',#7583);
#7583 = CARTESIAN_POINT('',(-1.45,-6.25,4.2));
#7584 = VERTEX_POINT('',#7585);
#7585 = CARTESIAN_POINT('',(-1.45,-6.25,3.3));
#7586 = LINE('',#7587,#7588);
#7587 = CARTESIAN_POINT('',(-1.45,-6.25,4.2));
#7588 = VECTOR('',#7589,1.);
#7589 = DIRECTION('',(-1.359631073447E-32,-1.110223024625E-16,-1.));
#7590 = ORIENTED_EDGE('',*,*,#7591,.T.);
#7591 = EDGE_CURVE('',#7582,#7592,#7594,.T.);
#7592 = VERTEX_POINT('',#7593);
#7593 = CARTESIAN_POINT('',(-1.45,-2.05,4.2));
#7594 = LINE('',#7595,#7596);
#7595 = CARTESIAN_POINT('',(-1.45,-6.25,4.2));
#7596 = VECTOR('',#7597,1.);
#7597 = DIRECTION('',(1.224646799147E-16,1.,-1.110223024625E-16));
#7598 = ORIENTED_EDGE('',*,*,#7599,.T.);
#7599 = EDGE_CURVE('',#7592,#7527,#7600,.T.);
#7600 = LINE('',#7601,#7602);
#7601 = CARTESIAN_POINT('',(-1.45,-2.05,4.2));
#7602 = VECTOR('',#7603,1.);
#7603 = DIRECTION('',(-1.359631073447E-32,-1.110223024625E-16,-1.));
#7604 = ORIENTED_EDGE('',*,*,#7526,.F.);
#7605 = ORIENTED_EDGE('',*,*,#6998,.F.);
#7606 = ORIENTED_EDGE('',*,*,#7607,.T.);
#7607 = EDGE_CURVE('',#6999,#7608,#7610,.T.);
#7608 = VERTEX_POINT('',#7609);
#7609 = CARTESIAN_POINT('',(-1.45,-4.65,2.5));
#7610 = LINE('',#7611,#7612);
#7611 = CARTESIAN_POINT('',(-1.45,-5.45,2.5));
#7612 = VECTOR('',#7613,1.);
#7613 = DIRECTION('',(1.224646799147E-16,1.,-1.110223024625E-16));
#7614 = ORIENTED_EDGE('',*,*,#7615,.T.);
#7615 = EDGE_CURVE('',#7608,#7616,#7618,.T.);
#7616 = VERTEX_POINT('',#7617);
#7617 = CARTESIAN_POINT('',(-1.45,-4.65,3.3));
#7618 = CIRCLE('',#7619,0.4);
#7619 = AXIS2_PLACEMENT_3D('',#7620,#7621,#7622);
#7620 = CARTESIAN_POINT('',(-1.45,-4.65,2.9));
#7621 = DIRECTION('',(1.,-1.224646799147E-16,0.));
#7622 = DIRECTION('',(1.359631073446E-32,1.110223024625E-16,1.));
#7623 = ORIENTED_EDGE('',*,*,#7624,.T.);
#7624 = EDGE_CURVE('',#7616,#7584,#7625,.T.);
#7625 = LINE('',#7626,#7627);
#7626 = CARTESIAN_POINT('',(-1.45,-6.25,3.3));
#7627 = VECTOR('',#7628,1.);
#7628 = DIRECTION('',(-1.224646799147E-16,-1.,1.110223024625E-16));
#7629 = PLANE('',#7630);
#7630 = AXIS2_PLACEMENT_3D('',#7631,#7632,#7633);
#7631 = CARTESIAN_POINT('',(-1.45,-6.25,4.2));
#7632 = DIRECTION('',(-1.,1.224646799147E-16,0.));
#7633 = DIRECTION('',(-1.359631073446E-32,-1.110223024625E-16,-1.));
#7634 = ADVANCED_FACE('',(#7635),#7653,.T.);
#7635 = FACE_BOUND('',#7636,.T.);
#7636 = EDGE_LOOP('',(#7637,#7638,#7646,#7652));
#7637 = ORIENTED_EDGE('',*,*,#7607,.T.);
#7638 = ORIENTED_EDGE('',*,*,#7639,.T.);
#7639 = EDGE_CURVE('',#7608,#7640,#7642,.T.);
#7640 = VERTEX_POINT('',#7641);
#7641 = CARTESIAN_POINT('',(-1.95,-4.65,2.5));
#7642 = LINE('',#7643,#7644);
#7643 = CARTESIAN_POINT('',(3.95,-4.65,2.5));
#7644 = VECTOR('',#7645,1.);
#7645 = DIRECTION('',(-1.,1.224646799147E-16,0.));
#7646 = ORIENTED_EDGE('',*,*,#7647,.T.);
#7647 = EDGE_CURVE('',#7640,#7007,#7648,.T.);
#7648 = LINE('',#7649,#7650);
#7649 = CARTESIAN_POINT('',(-1.95,-2.45,2.5));
#7650 = VECTOR('',#7651,1.);
#7651 = DIRECTION('',(-1.224646799147E-16,-1.,1.110223024625E-16));
#7652 = ORIENTED_EDGE('',*,*,#7006,.F.);
#7653 = PLANE('',#7654);
#7654 = AXIS2_PLACEMENT_3D('',#7655,#7656,#7657);
#7655 = CARTESIAN_POINT('',(3.95,-4.65,2.5));
#7656 = DIRECTION('',(1.359631073447E-32,1.110223024625E-16,1.));
#7657 = DIRECTION('',(-1.224646799147E-16,-1.,1.110223024625E-16));
#7658 = ADVANCED_FACE('',(#7659),#7726,.T.);
#7659 = FACE_BOUND('',#7660,.T.);
#7660 = EDGE_LOOP('',(#7661,#7671,#7679,#7687,#7693,#7694,#7695,#7704,
    #7712,#7720));
#7661 = ORIENTED_EDGE('',*,*,#7662,.T.);
#7662 = EDGE_CURVE('',#7663,#7665,#7667,.T.);
#7663 = VERTEX_POINT('',#7664);
#7664 = CARTESIAN_POINT('',(-1.95,-0.25,4.8));
#7665 = VERTEX_POINT('',#7666);
#7666 = CARTESIAN_POINT('',(-1.95,-0.25,4.1));
#7667 = LINE('',#7668,#7669);
#7668 = CARTESIAN_POINT('',(-1.95,-0.25,4.8));
#7669 = VECTOR('',#7670,1.);
#7670 = DIRECTION('',(-1.359631073447E-32,-1.110223024625E-16,-1.));
#7671 = ORIENTED_EDGE('',*,*,#7672,.T.);
#7672 = EDGE_CURVE('',#7665,#7673,#7675,.T.);
#7673 = VERTEX_POINT('',#7674);
#7674 = CARTESIAN_POINT('',(-1.95,1.35,3.2));
#7675 = LINE('',#7676,#7677);
#7676 = CARTESIAN_POINT('',(-1.95,-0.25,4.1));
#7677 = VECTOR('',#7678,1.);
#7678 = DIRECTION('',(1.067372191754E-16,0.871575537124,-0.490261239633)
  );
#7679 = ORIENTED_EDGE('',*,*,#7680,.T.);
#7680 = EDGE_CURVE('',#7673,#7681,#7683,.T.);
#7681 = VERTEX_POINT('',#7682);
#7682 = CARTESIAN_POINT('',(-1.95,1.35,0.));
#7683 = LINE('',#7684,#7685);
#7684 = CARTESIAN_POINT('',(-1.95,1.35,3.2));
#7685 = VECTOR('',#7686,1.);
#7686 = DIRECTION('',(-0.,0.,-1.));
#7687 = ORIENTED_EDGE('',*,*,#7688,.T.);
#7688 = EDGE_CURVE('',#7681,#7015,#7689,.T.);
#7689 = LINE('',#7690,#7691);
#7690 = CARTESIAN_POINT('',(-1.95,1.35,0.));
#7691 = VECTOR('',#7692,1.);
#7692 = DIRECTION('',(-1.224646799147E-16,-1.,0.));
#7693 = ORIENTED_EDGE('',*,*,#7014,.F.);
#7694 = ORIENTED_EDGE('',*,*,#7647,.F.);
#7695 = ORIENTED_EDGE('',*,*,#7696,.T.);
#7696 = EDGE_CURVE('',#7640,#7697,#7699,.T.);
#7697 = VERTEX_POINT('',#7698);
#7698 = CARTESIAN_POINT('',(-1.95,-4.65,3.3));
#7699 = CIRCLE('',#7700,0.4);
#7700 = AXIS2_PLACEMENT_3D('',#7701,#7702,#7703);
#7701 = CARTESIAN_POINT('',(-1.95,-4.65,2.9));
#7702 = DIRECTION('',(1.,-1.224646799147E-16,0.));
#7703 = DIRECTION('',(1.359631073446E-32,1.110223024625E-16,1.));
#7704 = ORIENTED_EDGE('',*,*,#7705,.F.);
#7705 = EDGE_CURVE('',#7706,#7697,#7708,.T.);
#7706 = VERTEX_POINT('',#7707);
#7707 = CARTESIAN_POINT('',(-1.95,-6.25,3.3));
#7708 = LINE('',#7709,#7710);
#7709 = CARTESIAN_POINT('',(-1.95,-3.25,3.3));
#7710 = VECTOR('',#7711,1.);
#7711 = DIRECTION('',(1.224646799147E-16,1.,-1.110223024625E-16));
#7712 = ORIENTED_EDGE('',*,*,#7713,.F.);
#7713 = EDGE_CURVE('',#7714,#7706,#7716,.T.);
#7714 = VERTEX_POINT('',#7715);
#7715 = CARTESIAN_POINT('',(-1.95,-6.25,4.8));
#7716 = LINE('',#7717,#7718);
#7717 = CARTESIAN_POINT('',(-1.95,-6.25,4.8));
#7718 = VECTOR('',#7719,1.);
#7719 = DIRECTION('',(-1.359631073447E-32,-1.110223024625E-16,-1.));
#7720 = ORIENTED_EDGE('',*,*,#7721,.F.);
#7721 = EDGE_CURVE('',#7663,#7714,#7722,.T.);
#7722 = LINE('',#7723,#7724);
#7723 = CARTESIAN_POINT('',(-1.95,-0.25,4.8));
#7724 = VECTOR('',#7725,1.);
#7725 = DIRECTION('',(-1.224646799147E-16,-1.,1.110223024625E-16));
#7726 = PLANE('',#7727);
#7727 = AXIS2_PLACEMENT_3D('',#7728,#7729,#7730);
#7728 = CARTESIAN_POINT('',(-1.95,-2.909897467985,2.368621550033));
#7729 = DIRECTION('',(-1.,1.224646799147E-16,-3.525915016947E-32));
#7730 = DIRECTION('',(-3.525915016947E-32,4.31800053957E-48,1.));
#7731 = ADVANCED_FACE('',(#7732),#7750,.F.);
#7732 = FACE_BOUND('',#7733,.F.);
#7733 = EDGE_LOOP('',(#7734,#7742,#7743,#7744));
#7734 = ORIENTED_EDGE('',*,*,#7735,.T.);
#7735 = EDGE_CURVE('',#7736,#7681,#7738,.T.);
#7736 = VERTEX_POINT('',#7737);
#7737 = CARTESIAN_POINT('',(-0.95,1.35,0.));
#7738 = LINE('',#7739,#7740);
#7739 = CARTESIAN_POINT('',(-0.95,1.35,0.));
#7740 = VECTOR('',#7741,1.);
#7741 = DIRECTION('',(-1.,1.224646799147E-16,0.));
#7742 = ORIENTED_EDGE('',*,*,#7688,.T.);
#7743 = ORIENTED_EDGE('',*,*,#7022,.F.);
#7744 = ORIENTED_EDGE('',*,*,#7745,.F.);
#7745 = EDGE_CURVE('',#7736,#7023,#7746,.T.);
#7746 = LINE('',#7747,#7748);
#7747 = CARTESIAN_POINT('',(-0.95,1.35,0.));
#7748 = VECTOR('',#7749,1.);
#7749 = DIRECTION('',(-1.224646799147E-16,-1.,0.));
#7750 = PLANE('',#7751);
#7751 = AXIS2_PLACEMENT_3D('',#7752,#7753,#7754);
#7752 = CARTESIAN_POINT('',(-0.95,1.35,0.));
#7753 = DIRECTION('',(0.,0.,1.));
#7754 = DIRECTION('',(-1.224646799147E-16,-1.,0.));
#7755 = ADVANCED_FACE('',(#7756),#7783,.F.);
#7756 = FACE_BOUND('',#7757,.F.);
#7757 = EDGE_LOOP('',(#7758,#7766,#7774,#7780,#7781,#7782));
#7758 = ORIENTED_EDGE('',*,*,#7759,.T.);
#7759 = EDGE_CURVE('',#7426,#7760,#7762,.T.);
#7760 = VERTEX_POINT('',#7761);
#7761 = CARTESIAN_POINT('',(-0.95,-0.25,4.1));
#7762 = LINE('',#7763,#7764);
#7763 = CARTESIAN_POINT('',(-0.95,-0.25,0.3));
#7764 = VECTOR('',#7765,1.);
#7765 = DIRECTION('',(0.,0.,1.));
#7766 = ORIENTED_EDGE('',*,*,#7767,.T.);
#7767 = EDGE_CURVE('',#7760,#7768,#7770,.T.);
#7768 = VERTEX_POINT('',#7769);
#7769 = CARTESIAN_POINT('',(-0.95,1.35,3.2));
#7770 = LINE('',#7771,#7772);
#7771 = CARTESIAN_POINT('',(-0.95,-0.25,4.1));
#7772 = VECTOR('',#7773,1.);
#7773 = DIRECTION('',(1.067372191754E-16,0.871575537124,-0.490261239633)
  );
#7774 = ORIENTED_EDGE('',*,*,#7775,.T.);
#7775 = EDGE_CURVE('',#7768,#7736,#7776,.T.);
#7776 = LINE('',#7777,#7778);
#7777 = CARTESIAN_POINT('',(-0.95,1.35,3.2));
#7778 = VECTOR('',#7779,1.);
#7779 = DIRECTION('',(-0.,0.,-1.));
#7780 = ORIENTED_EDGE('',*,*,#7745,.T.);
#7781 = ORIENTED_EDGE('',*,*,#7030,.T.);
#7782 = ORIENTED_EDGE('',*,*,#7435,.T.);
#7783 = PLANE('',#7784);
#7784 = AXIS2_PLACEMENT_3D('',#7785,#7786,#7787);
#7785 = CARTESIAN_POINT('',(-0.95,-1.566489992801,0.968760807125));
#7786 = DIRECTION('',(-1.,1.224646799147E-16,0.));
#7787 = DIRECTION('',(0.,0.,1.));
#7788 = ADVANCED_FACE('',(#7789),#7894,.F.);
#7789 = FACE_BOUND('',#7790,.F.);
#7790 = EDGE_LOOP('',(#7791,#7792,#7793,#7801,#7809,#7817,#7825,#7833,
    #7841,#7849,#7857,#7863,#7864,#7872,#7880,#7888));
#7791 = ORIENTED_EDGE('',*,*,#7398,.F.);
#7792 = ORIENTED_EDGE('',*,*,#7061,.T.);
#7793 = ORIENTED_EDGE('',*,*,#7794,.T.);
#7794 = EDGE_CURVE('',#7054,#7795,#7797,.T.);
#7795 = VERTEX_POINT('',#7796);
#7796 = CARTESIAN_POINT('',(3.4,-2.05,4.2));
#7797 = LINE('',#7798,#7799);
#7798 = CARTESIAN_POINT('',(3.45,-2.05,4.2));
#7799 = VECTOR('',#7800,1.);
#7800 = DIRECTION('',(-1.,1.224646799147E-16,0.));
#7801 = ORIENTED_EDGE('',*,*,#7802,.F.);
#7802 = EDGE_CURVE('',#7803,#7795,#7805,.T.);
#7803 = VERTEX_POINT('',#7804);
#7804 = CARTESIAN_POINT('',(3.4,-4.45,4.2));
#7805 = LINE('',#7806,#7807);
#7806 = CARTESIAN_POINT('',(3.4,-4.45,4.2));
#7807 = VECTOR('',#7808,1.);
#7808 = DIRECTION('',(1.224646799147E-16,1.,-1.110223024625E-16));
#7809 = ORIENTED_EDGE('',*,*,#7810,.F.);
#7810 = EDGE_CURVE('',#7811,#7803,#7813,.T.);
#7811 = VERTEX_POINT('',#7812);
#7812 = CARTESIAN_POINT('',(2.4,-4.45,4.2));
#7813 = LINE('',#7814,#7815);
#7814 = CARTESIAN_POINT('',(2.4,-4.45,4.2));
#7815 = VECTOR('',#7816,1.);
#7816 = DIRECTION('',(1.,-1.224646799147E-16,0.));
#7817 = ORIENTED_EDGE('',*,*,#7818,.F.);
#7818 = EDGE_CURVE('',#7819,#7811,#7821,.T.);
#7819 = VERTEX_POINT('',#7820);
#7820 = CARTESIAN_POINT('',(2.4,-2.05,4.2));
#7821 = LINE('',#7822,#7823);
#7822 = CARTESIAN_POINT('',(2.4,-0.25,4.2));
#7823 = VECTOR('',#7824,1.);
#7824 = DIRECTION('',(-1.224646799147E-16,-1.,1.110223024625E-16));
#7825 = ORIENTED_EDGE('',*,*,#7826,.T.);
#7826 = EDGE_CURVE('',#7819,#7827,#7829,.T.);
#7827 = VERTEX_POINT('',#7828);
#7828 = CARTESIAN_POINT('',(-0.4,-2.05,4.2));
#7829 = LINE('',#7830,#7831);
#7830 = CARTESIAN_POINT('',(3.45,-2.05,4.2));
#7831 = VECTOR('',#7832,1.);
#7832 = DIRECTION('',(-1.,1.224646799147E-16,0.));
#7833 = ORIENTED_EDGE('',*,*,#7834,.T.);
#7834 = EDGE_CURVE('',#7827,#7835,#7837,.T.);
#7835 = VERTEX_POINT('',#7836);
#7836 = CARTESIAN_POINT('',(-0.4,-4.45,4.2));
#7837 = LINE('',#7838,#7839);
#7838 = CARTESIAN_POINT('',(-0.4,-0.25,4.2));
#7839 = VECTOR('',#7840,1.);
#7840 = DIRECTION('',(-1.224646799147E-16,-1.,1.110223024625E-16));
#7841 = ORIENTED_EDGE('',*,*,#7842,.T.);
#7842 = EDGE_CURVE('',#7835,#7843,#7845,.T.);
#7843 = VERTEX_POINT('',#7844);
#7844 = CARTESIAN_POINT('',(-1.4,-4.45,4.2));
#7845 = LINE('',#7846,#7847);
#7846 = CARTESIAN_POINT('',(-0.4,-4.45,4.2));
#7847 = VECTOR('',#7848,1.);
#7848 = DIRECTION('',(-1.,1.224646799147E-16,0.));
#7849 = ORIENTED_EDGE('',*,*,#7850,.T.);
#7850 = EDGE_CURVE('',#7843,#7851,#7853,.T.);
#7851 = VERTEX_POINT('',#7852);
#7852 = CARTESIAN_POINT('',(-1.4,-2.05,4.2));
#7853 = LINE('',#7854,#7855);
#7854 = CARTESIAN_POINT('',(-1.4,-4.45,4.2));
#7855 = VECTOR('',#7856,1.);
#7856 = DIRECTION('',(1.224646799147E-16,1.,-1.110223024625E-16));
#7857 = ORIENTED_EDGE('',*,*,#7858,.T.);
#7858 = EDGE_CURVE('',#7851,#7592,#7859,.T.);
#7859 = LINE('',#7860,#7861);
#7860 = CARTESIAN_POINT('',(3.45,-2.05,4.2));
#7861 = VECTOR('',#7862,1.);
#7862 = DIRECTION('',(-1.,1.224646799147E-16,0.));
#7863 = ORIENTED_EDGE('',*,*,#7591,.F.);
#7864 = ORIENTED_EDGE('',*,*,#7865,.F.);
#7865 = EDGE_CURVE('',#7866,#7582,#7868,.T.);
#7866 = VERTEX_POINT('',#7867);
#7867 = CARTESIAN_POINT('',(0.55,-6.25,4.2));
#7868 = LINE('',#7869,#7870);
#7869 = CARTESIAN_POINT('',(3.45,-6.25,4.2));
#7870 = VECTOR('',#7871,1.);
#7871 = DIRECTION('',(-1.,1.224646799147E-16,0.));
#7872 = ORIENTED_EDGE('',*,*,#7873,.F.);
#7873 = EDGE_CURVE('',#7874,#7866,#7876,.T.);
#7874 = VERTEX_POINT('',#7875);
#7875 = CARTESIAN_POINT('',(0.55,-2.35,4.2));
#7876 = LINE('',#7877,#7878);
#7877 = CARTESIAN_POINT('',(0.55,-4.3,4.2));
#7878 = VECTOR('',#7879,1.);
#7879 = DIRECTION('',(-1.224646799147E-16,-1.,1.110223024625E-16));
#7880 = ORIENTED_EDGE('',*,*,#7881,.F.);
#7881 = EDGE_CURVE('',#7882,#7874,#7884,.T.);
#7882 = VERTEX_POINT('',#7883);
#7883 = CARTESIAN_POINT('',(1.45,-2.35,4.2));
#7884 = LINE('',#7885,#7886);
#7885 = CARTESIAN_POINT('',(2.45,-2.35,4.2));
#7886 = VECTOR('',#7887,1.);
#7887 = DIRECTION('',(-1.,1.224646799147E-16,0.));
#7888 = ORIENTED_EDGE('',*,*,#7889,.F.);
#7889 = EDGE_CURVE('',#7391,#7882,#7890,.T.);
#7890 = LINE('',#7891,#7892);
#7891 = CARTESIAN_POINT('',(1.45,-6.25,4.2));
#7892 = VECTOR('',#7893,1.);
#7893 = DIRECTION('',(1.224646799147E-16,1.,-1.110223024625E-16));
#7894 = PLANE('',#7895);
#7895 = AXIS2_PLACEMENT_3D('',#7896,#7897,#7898);
#7896 = CARTESIAN_POINT('',(3.45,-6.25,4.2));
#7897 = DIRECTION('',(1.359631073447E-32,1.110223024625E-16,1.));
#7898 = DIRECTION('',(-1.,1.224646799147E-16,6.927121900793E-45));
#7899 = ADVANCED_FACE('',(#7900,#7943,#7977),#8011,.T.);
#7900 = FACE_BOUND('',#7901,.T.);
#7901 = EDGE_LOOP('',(#7902,#7903,#7904,#7910,#7911,#7917,#7918,#7919,
    #7920,#7928,#7936,#7942));
#7902 = ORIENTED_EDGE('',*,*,#7053,.T.);
#7903 = ORIENTED_EDGE('',*,*,#7794,.T.);
#7904 = ORIENTED_EDGE('',*,*,#7905,.T.);
#7905 = EDGE_CURVE('',#7795,#7819,#7906,.T.);
#7906 = LINE('',#7907,#7908);
#7907 = CARTESIAN_POINT('',(3.45,-2.05,4.2));
#7908 = VECTOR('',#7909,1.);
#7909 = DIRECTION('',(-1.,1.224646799147E-16,0.));
#7910 = ORIENTED_EDGE('',*,*,#7826,.T.);
#7911 = ORIENTED_EDGE('',*,*,#7912,.T.);
#7912 = EDGE_CURVE('',#7827,#7851,#7913,.T.);
#7913 = LINE('',#7914,#7915);
#7914 = CARTESIAN_POINT('',(3.45,-2.05,4.2));
#7915 = VECTOR('',#7916,1.);
#7916 = DIRECTION('',(-1.,1.224646799147E-16,0.));
#7917 = ORIENTED_EDGE('',*,*,#7858,.T.);
#7918 = ORIENTED_EDGE('',*,*,#7599,.T.);
#7919 = ORIENTED_EDGE('',*,*,#7534,.T.);
#7920 = ORIENTED_EDGE('',*,*,#7921,.F.);
#7921 = EDGE_CURVE('',#7922,#7535,#7924,.T.);
#7922 = VERTEX_POINT('',#7923);
#7923 = CARTESIAN_POINT('',(0.8,-2.05,1.1));
#7924 = LINE('',#7925,#7926);
#7925 = CARTESIAN_POINT('',(0.8,-2.05,1.1));
#7926 = VECTOR('',#7927,1.);
#7927 = DIRECTION('',(-1.359631073447E-32,-1.110223024625E-16,-1.));
#7928 = ORIENTED_EDGE('',*,*,#7929,.F.);
#7929 = EDGE_CURVE('',#7930,#7922,#7932,.T.);
#7930 = VERTEX_POINT('',#7931);
#7931 = CARTESIAN_POINT('',(1.2,-2.05,1.1));
#7932 = LINE('',#7933,#7934);
#7933 = CARTESIAN_POINT('',(1.2,-2.05,1.1));
#7934 = VECTOR('',#7935,1.);
#7935 = DIRECTION('',(-1.,1.224646799147E-16,0.));
#7936 = ORIENTED_EDGE('',*,*,#7937,.F.);
#7937 = EDGE_CURVE('',#7559,#7930,#7938,.T.);
#7938 = LINE('',#7939,#7940);
#7939 = CARTESIAN_POINT('',(1.2,-2.05,0.8));
#7940 = VECTOR('',#7941,1.);
#7941 = DIRECTION('',(1.359631073447E-32,1.110223024625E-16,1.));
#7942 = ORIENTED_EDGE('',*,*,#7566,.T.);
#7943 = FACE_BOUND('',#7944,.T.);
#7944 = EDGE_LOOP('',(#7945,#7955,#7963,#7971));
#7945 = ORIENTED_EDGE('',*,*,#7946,.T.);
#7946 = EDGE_CURVE('',#7947,#7949,#7951,.T.);
#7947 = VERTEX_POINT('',#7948);
#7948 = CARTESIAN_POINT('',(0.25,-2.05,3.35));
#7949 = VERTEX_POINT('',#7950);
#7950 = CARTESIAN_POINT('',(0.25,-2.05,2.85));
#7951 = LINE('',#7952,#7953);
#7952 = CARTESIAN_POINT('',(0.25,-2.05,1.901106711288));
#7953 = VECTOR('',#7954,1.);
#7954 = DIRECTION('',(-1.359631073447E-32,-1.110223024625E-16,-1.));
#7955 = ORIENTED_EDGE('',*,*,#7956,.T.);
#7956 = EDGE_CURVE('',#7949,#7957,#7959,.T.);
#7957 = VERTEX_POINT('',#7958);
#7958 = CARTESIAN_POINT('',(-0.25,-2.05,2.85));
#7959 = LINE('',#7960,#7961);
#7960 = CARTESIAN_POINT('',(0.625,-2.05,2.85));
#7961 = VECTOR('',#7962,1.);
#7962 = DIRECTION('',(-1.,1.224646799147E-16,0.));
#7963 = ORIENTED_EDGE('',*,*,#7964,.F.);
#7964 = EDGE_CURVE('',#7965,#7957,#7967,.T.);
#7965 = VERTEX_POINT('',#7966);
#7966 = CARTESIAN_POINT('',(-0.25,-2.05,3.35));
#7967 = LINE('',#7968,#7969);
#7968 = CARTESIAN_POINT('',(-0.25,-2.05,1.901106711288));
#7969 = VECTOR('',#7970,1.);
#7970 = DIRECTION('',(-1.359631073447E-32,-1.110223024625E-16,-1.));
#7971 = ORIENTED_EDGE('',*,*,#7972,.T.);
#7972 = EDGE_CURVE('',#7965,#7947,#7973,.T.);
#7973 = LINE('',#7974,#7975);
#7974 = CARTESIAN_POINT('',(0.625,-2.05,3.35));
#7975 = VECTOR('',#7976,1.);
#7976 = DIRECTION('',(1.,-1.224646799147E-16,0.));
#7977 = FACE_BOUND('',#7978,.T.);
#7978 = EDGE_LOOP('',(#7979,#7989,#7997,#8005));
#7979 = ORIENTED_EDGE('',*,*,#7980,.T.);
#7980 = EDGE_CURVE('',#7981,#7983,#7985,.T.);
#7981 = VERTEX_POINT('',#7982);
#7982 = CARTESIAN_POINT('',(2.25,-2.05,3.35));
#7983 = VERTEX_POINT('',#7984);
#7984 = CARTESIAN_POINT('',(2.25,-2.05,2.85));
#7985 = LINE('',#7986,#7987);
#7986 = CARTESIAN_POINT('',(2.25,-2.05,1.901106711288));
#7987 = VECTOR('',#7988,1.);
#7988 = DIRECTION('',(-1.359631073447E-32,-1.110223024625E-16,-1.));
#7989 = ORIENTED_EDGE('',*,*,#7990,.T.);
#7990 = EDGE_CURVE('',#7983,#7991,#7993,.T.);
#7991 = VERTEX_POINT('',#7992);
#7992 = CARTESIAN_POINT('',(1.75,-2.05,2.85));
#7993 = LINE('',#7994,#7995);
#7994 = CARTESIAN_POINT('',(1.625,-2.05,2.85));
#7995 = VECTOR('',#7996,1.);
#7996 = DIRECTION('',(-1.,1.224646799147E-16,0.));
#7997 = ORIENTED_EDGE('',*,*,#7998,.F.);
#7998 = EDGE_CURVE('',#7999,#7991,#8001,.T.);
#7999 = VERTEX_POINT('',#8000);
#8000 = CARTESIAN_POINT('',(1.75,-2.05,3.35));
#8001 = LINE('',#8002,#8003);
#8002 = CARTESIAN_POINT('',(1.75,-2.05,1.901106711288));
#8003 = VECTOR('',#8004,1.);
#8004 = DIRECTION('',(-1.359631073447E-32,-1.110223024625E-16,-1.));
#8005 = ORIENTED_EDGE('',*,*,#8006,.T.);
#8006 = EDGE_CURVE('',#7999,#7981,#8007,.T.);
#8007 = LINE('',#8008,#8009);
#8008 = CARTESIAN_POINT('',(1.625,-2.05,3.35));
#8009 = VECTOR('',#8010,1.);
#8010 = DIRECTION('',(1.,-1.224646799147E-16,0.));
#8011 = PLANE('',#8012);
#8012 = AXIS2_PLACEMENT_3D('',#8013,#8014,#8015);
#8013 = CARTESIAN_POINT('',(1.,-2.05,2.5));
#8014 = DIRECTION('',(-1.224646799147E-16,-1.,1.110223024625E-16));
#8015 = DIRECTION('',(-1.,1.224646799147E-16,1.219283680787E-48));
#8016 = ADVANCED_FACE('',(#8017),#8051,.F.);
#8017 = FACE_BOUND('',#8018,.F.);
#8018 = EDGE_LOOP('',(#8019,#8020,#8028,#8036,#8044,#8050));
#8019 = ORIENTED_EDGE('',*,*,#7190,.T.);
#8020 = ORIENTED_EDGE('',*,*,#8021,.T.);
#8021 = EDGE_CURVE('',#7193,#8022,#8024,.T.);
#8022 = VERTEX_POINT('',#8023);
#8023 = CARTESIAN_POINT('',(2.75,-0.4,4.2));
#8024 = LINE('',#8025,#8026);
#8025 = CARTESIAN_POINT('',(2.75,-1.335399017773,4.2));
#8026 = VECTOR('',#8027,1.);
#8027 = DIRECTION('',(-1.224646799147E-16,-1.,1.110223024625E-16));
#8028 = ORIENTED_EDGE('',*,*,#8029,.T.);
#8029 = EDGE_CURVE('',#8022,#8030,#8032,.T.);
#8030 = VERTEX_POINT('',#8031);
#8031 = CARTESIAN_POINT('',(2.75,-0.35,3.6));
#8032 = LINE('',#8033,#8034);
#8033 = CARTESIAN_POINT('',(2.75,-0.45,4.8));
#8034 = VECTOR('',#8035,1.);
#8035 = DIRECTION('',(1.017013810865E-17,8.304547985373E-02,
    -0.996545758245));
#8036 = ORIENTED_EDGE('',*,*,#8037,.T.);
#8037 = EDGE_CURVE('',#8030,#8038,#8040,.T.);
#8038 = VERTEX_POINT('',#8039);
#8039 = CARTESIAN_POINT('',(2.75,-0.35,2.6));
#8040 = LINE('',#8041,#8042);
#8041 = CARTESIAN_POINT('',(2.75,-0.35,3.6));
#8042 = VECTOR('',#8043,1.);
#8043 = DIRECTION('',(-1.359631073447E-32,-1.110223024625E-16,-1.));
#8044 = ORIENTED_EDGE('',*,*,#8045,.T.);
#8045 = EDGE_CURVE('',#8038,#7450,#8046,.T.);
#8046 = LINE('',#8047,#8048);
#8047 = CARTESIAN_POINT('',(2.75,-0.35,2.6));
#8048 = VECTOR('',#8049,1.);
#8049 = DIRECTION('',(-5.319525767383E-18,-4.343722427631E-02,
    -0.999056158355));
#8050 = ORIENTED_EDGE('',*,*,#7449,.T.);
#8051 = PLANE('',#8052);
#8052 = AXIS2_PLACEMENT_3D('',#8053,#8054,#8055);
#8053 = CARTESIAN_POINT('',(2.75,-0.320798035545,2.550475523299));
#8054 = DIRECTION('',(1.,-1.224646799147E-16,0.));
#8055 = DIRECTION('',(1.224646799147E-16,1.,-1.110223024625E-16));
#8056 = ADVANCED_FACE('',(#8057),#8082,.T.);
#8057 = FACE_BOUND('',#8058,.T.);
#8058 = EDGE_LOOP('',(#8059,#8060,#8066,#8067,#8068,#8076));
#8059 = ORIENTED_EDGE('',*,*,#7905,.F.);
#8060 = ORIENTED_EDGE('',*,*,#8061,.T.);
#8061 = EDGE_CURVE('',#7795,#7225,#8062,.T.);
#8062 = LINE('',#8063,#8064);
#8063 = CARTESIAN_POINT('',(3.4,-4.45,4.2));
#8064 = VECTOR('',#8065,1.);
#8065 = DIRECTION('',(1.224646799147E-16,1.,-1.110223024625E-16));
#8066 = ORIENTED_EDGE('',*,*,#7232,.T.);
#8067 = ORIENTED_EDGE('',*,*,#8021,.T.);
#8068 = ORIENTED_EDGE('',*,*,#8069,.T.);
#8069 = EDGE_CURVE('',#8022,#8070,#8072,.T.);
#8070 = VERTEX_POINT('',#8071);
#8071 = CARTESIAN_POINT('',(2.4,-0.4,4.2));
#8072 = LINE('',#8073,#8074);
#8073 = CARTESIAN_POINT('',(2.825,-0.4,4.2));
#8074 = VECTOR('',#8075,1.);
#8075 = DIRECTION('',(-1.,1.224646799147E-16,0.));
#8076 = ORIENTED_EDGE('',*,*,#8077,.T.);
#8077 = EDGE_CURVE('',#8070,#7819,#8078,.T.);
#8078 = LINE('',#8079,#8080);
#8079 = CARTESIAN_POINT('',(2.4,-0.25,4.2));
#8080 = VECTOR('',#8081,1.);
#8081 = DIRECTION('',(-1.224646799147E-16,-1.,1.110223024625E-16));
#8082 = PLANE('',#8083);
#8083 = AXIS2_PLACEMENT_3D('',#8084,#8085,#8086);
#8084 = CARTESIAN_POINT('',(2.9,-2.35,4.2));
#8085 = DIRECTION('',(1.359631073447E-32,1.110223024625E-16,1.));
#8086 = DIRECTION('',(1.224646799147E-16,1.,-1.110223024625E-16));
#8087 = ADVANCED_FACE('',(#8088),#8100,.F.);
#8088 = FACE_BOUND('',#8089,.T.);
#8089 = EDGE_LOOP('',(#8090,#8091,#8092,#8093,#8094));
#8090 = ORIENTED_EDGE('',*,*,#7368,.T.);
#8091 = ORIENTED_EDGE('',*,*,#7224,.T.);
#8092 = ORIENTED_EDGE('',*,*,#8061,.F.);
#8093 = ORIENTED_EDGE('',*,*,#7802,.F.);
#8094 = ORIENTED_EDGE('',*,*,#8095,.F.);
#8095 = EDGE_CURVE('',#7361,#7803,#8096,.T.);
#8096 = LINE('',#8097,#8098);
#8097 = CARTESIAN_POINT('',(3.4,-4.45,4.8));
#8098 = VECTOR('',#8099,1.);
#8099 = DIRECTION('',(-1.359631073447E-32,-1.110223024625E-16,-1.));
#8100 = PLANE('',#8101);
#8101 = AXIS2_PLACEMENT_3D('',#8102,#8103,#8104);
#8102 = CARTESIAN_POINT('',(3.4,-4.45,4.8));
#8103 = DIRECTION('',(1.,-1.224646799147E-16,0.));
#8104 = DIRECTION('',(1.224646799147E-16,1.,-1.110223024625E-16));
#8105 = ADVANCED_FACE('',(#8106),#8117,.F.);
#8106 = FACE_BOUND('',#8107,.F.);
#8107 = EDGE_LOOP('',(#8108,#8109,#8115,#8116));
#8108 = ORIENTED_EDGE('',*,*,#7360,.F.);
#8109 = ORIENTED_EDGE('',*,*,#8110,.T.);
#8110 = EDGE_CURVE('',#7353,#7811,#8111,.T.);
#8111 = LINE('',#8112,#8113);
#8112 = CARTESIAN_POINT('',(2.4,-4.45,4.8));
#8113 = VECTOR('',#8114,1.);
#8114 = DIRECTION('',(-1.359631073447E-32,-1.110223024625E-16,-1.));
#8115 = ORIENTED_EDGE('',*,*,#7810,.T.);
#8116 = ORIENTED_EDGE('',*,*,#8095,.F.);
#8117 = PLANE('',#8118);
#8118 = AXIS2_PLACEMENT_3D('',#8119,#8120,#8121);
#8119 = CARTESIAN_POINT('',(2.4,-4.45,4.8));
#8120 = DIRECTION('',(-1.224646799147E-16,-1.,1.110223024625E-16));
#8121 = DIRECTION('',(1.,-1.224646799147E-16,-1.219283680787E-48));
#8122 = ADVANCED_FACE('',(#8123),#8135,.F.);
#8123 = FACE_BOUND('',#8124,.T.);
#8124 = EDGE_LOOP('',(#8125,#8126,#8127,#8128,#8129));
#8125 = ORIENTED_EDGE('',*,*,#7352,.T.);
#8126 = ORIENTED_EDGE('',*,*,#8110,.T.);
#8127 = ORIENTED_EDGE('',*,*,#7818,.F.);
#8128 = ORIENTED_EDGE('',*,*,#8077,.F.);
#8129 = ORIENTED_EDGE('',*,*,#8130,.F.);
#8130 = EDGE_CURVE('',#7345,#8070,#8131,.T.);
#8131 = LINE('',#8132,#8133);
#8132 = CARTESIAN_POINT('',(2.4,-0.449310344828,4.791724137931));
#8133 = VECTOR('',#8134,1.);
#8134 = DIRECTION('',(1.017013810865E-17,8.304547985373E-02,
    -0.996545758245));
#8135 = PLANE('',#8136);
#8136 = AXIS2_PLACEMENT_3D('',#8137,#8138,#8139);
#8137 = CARTESIAN_POINT('',(2.4,-0.25,4.8));
#8138 = DIRECTION('',(-1.,1.224646799147E-16,0.));
#8139 = DIRECTION('',(-1.224646799147E-16,-1.,1.110223024625E-16));
#8140 = ADVANCED_FACE('',(#8141),#8161,.F.);
#8141 = FACE_BOUND('',#8142,.F.);
#8142 = EDGE_LOOP('',(#8143,#8144,#8145,#8153,#8159,#8160));
#8143 = ORIENTED_EDGE('',*,*,#8130,.F.);
#8144 = ORIENTED_EDGE('',*,*,#7344,.T.);
#8145 = ORIENTED_EDGE('',*,*,#8146,.T.);
#8146 = EDGE_CURVE('',#7337,#8147,#8149,.T.);
#8147 = VERTEX_POINT('',#8148);
#8148 = CARTESIAN_POINT('',(1.25,-0.35,3.6));
#8149 = LINE('',#8150,#8151);
#8150 = CARTESIAN_POINT('',(1.25,-0.45,4.8));
#8151 = VECTOR('',#8152,1.);
#8152 = DIRECTION('',(1.017013810865E-17,8.304547985373E-02,
    -0.996545758245));
#8153 = ORIENTED_EDGE('',*,*,#8154,.F.);
#8154 = EDGE_CURVE('',#8030,#8147,#8155,.T.);
#8155 = LINE('',#8156,#8157);
#8156 = CARTESIAN_POINT('',(2.75,-0.35,3.6));
#8157 = VECTOR('',#8158,1.);
#8158 = DIRECTION('',(-1.,1.224646799147E-16,0.));
#8159 = ORIENTED_EDGE('',*,*,#8029,.F.);
#8160 = ORIENTED_EDGE('',*,*,#8069,.T.);
#8161 = PLANE('',#8162);
#8162 = AXIS2_PLACEMENT_3D('',#8163,#8164,#8165);
#8163 = CARTESIAN_POINT('',(2.75,-0.45,4.8));
#8164 = DIRECTION('',(-1.220416573038E-16,-0.996545758245,
    -8.304547985373E-02));
#8165 = DIRECTION('',(1.017013810865E-17,8.304547985373E-02,
    -0.996545758245));
#8166 = ADVANCED_FACE('',(#8167),#8192,.T.);
#8167 = FACE_BOUND('',#8168,.T.);
#8168 = EDGE_LOOP('',(#8169,#8170,#8171,#8179,#8185,#8186));
#8169 = ORIENTED_EDGE('',*,*,#7336,.T.);
#8170 = ORIENTED_EDGE('',*,*,#8146,.T.);
#8171 = ORIENTED_EDGE('',*,*,#8172,.T.);
#8172 = EDGE_CURVE('',#8147,#8173,#8175,.T.);
#8173 = VERTEX_POINT('',#8174);
#8174 = CARTESIAN_POINT('',(1.25,-0.35,2.6));
#8175 = LINE('',#8176,#8177);
#8176 = CARTESIAN_POINT('',(1.25,-0.35,3.6));
#8177 = VECTOR('',#8178,1.);
#8178 = DIRECTION('',(-1.359631073447E-32,-1.110223024625E-16,-1.));
#8179 = ORIENTED_EDGE('',*,*,#8180,.T.);
#8180 = EDGE_CURVE('',#8173,#7458,#8181,.T.);
#8181 = LINE('',#8182,#8183);
#8182 = CARTESIAN_POINT('',(1.25,-0.35,2.6));
#8183 = VECTOR('',#8184,1.);
#8184 = DIRECTION('',(-5.319525767383E-18,-4.343722427631E-02,
    -0.999056158355));
#8185 = ORIENTED_EDGE('',*,*,#7465,.T.);
#8186 = ORIENTED_EDGE('',*,*,#8187,.T.);
#8187 = EDGE_CURVE('',#7466,#7329,#8188,.T.);
#8188 = LINE('',#8189,#8190);
#8189 = CARTESIAN_POINT('',(1.25,-0.25,0.3));
#8190 = VECTOR('',#8191,1.);
#8191 = DIRECTION('',(1.359631073447E-32,1.110223024625E-16,1.));
#8192 = PLANE('',#8193);
#8193 = AXIS2_PLACEMENT_3D('',#8194,#8195,#8196);
#8194 = CARTESIAN_POINT('',(1.25,-0.320798035545,2.550475523299));
#8195 = DIRECTION('',(1.,-1.224646799147E-16,0.));
#8196 = DIRECTION('',(1.224646799147E-16,1.,-1.110223024625E-16));
#8197 = ADVANCED_FACE('',(#8198),#8209,.F.);
#8198 = FACE_BOUND('',#8199,.F.);
#8199 = EDGE_LOOP('',(#8200,#8201,#8202,#8203));
#8200 = ORIENTED_EDGE('',*,*,#7473,.T.);
#8201 = ORIENTED_EDGE('',*,*,#8187,.T.);
#8202 = ORIENTED_EDGE('',*,*,#7328,.T.);
#8203 = ORIENTED_EDGE('',*,*,#8204,.F.);
#8204 = EDGE_CURVE('',#7474,#7321,#8205,.T.);
#8205 = LINE('',#8206,#8207);
#8206 = CARTESIAN_POINT('',(0.75,-0.25,0.3));
#8207 = VECTOR('',#8208,1.);
#8208 = DIRECTION('',(1.359631073447E-32,1.110223024625E-16,1.));
#8209 = PLANE('',#8210);
#8210 = AXIS2_PLACEMENT_3D('',#8211,#8212,#8213);
#8211 = CARTESIAN_POINT('',(1.,-0.25,2.55));
#8212 = DIRECTION('',(-1.224646799147E-16,-1.,1.110223024625E-16));
#8213 = DIRECTION('',(-1.,1.224646799147E-16,1.219283680787E-48));
#8214 = ADVANCED_FACE('',(#8215),#8242,.F.);
#8215 = FACE_BOUND('',#8216,.F.);
#8216 = EDGE_LOOP('',(#8217,#8218,#8226,#8234,#8240,#8241));
#8217 = ORIENTED_EDGE('',*,*,#7320,.T.);
#8218 = ORIENTED_EDGE('',*,*,#8219,.T.);
#8219 = EDGE_CURVE('',#7313,#8220,#8222,.T.);
#8220 = VERTEX_POINT('',#8221);
#8221 = CARTESIAN_POINT('',(0.75,-0.35,3.6));
#8222 = LINE('',#8223,#8224);
#8223 = CARTESIAN_POINT('',(0.75,-0.45,4.8));
#8224 = VECTOR('',#8225,1.);
#8225 = DIRECTION('',(1.017013810865E-17,8.304547985373E-02,
    -0.996545758245));
#8226 = ORIENTED_EDGE('',*,*,#8227,.T.);
#8227 = EDGE_CURVE('',#8220,#8228,#8230,.T.);
#8228 = VERTEX_POINT('',#8229);
#8229 = CARTESIAN_POINT('',(0.75,-0.35,2.6));
#8230 = LINE('',#8231,#8232);
#8231 = CARTESIAN_POINT('',(0.75,-0.35,3.6));
#8232 = VECTOR('',#8233,1.);
#8233 = DIRECTION('',(-1.359631073447E-32,-1.110223024625E-16,-1.));
#8234 = ORIENTED_EDGE('',*,*,#8235,.T.);
#8235 = EDGE_CURVE('',#8228,#7482,#8236,.T.);
#8236 = LINE('',#8237,#8238);
#8237 = CARTESIAN_POINT('',(0.75,-0.35,2.6));
#8238 = VECTOR('',#8239,1.);
#8239 = DIRECTION('',(-5.319525767383E-18,-4.343722427631E-02,
    -0.999056158355));
#8240 = ORIENTED_EDGE('',*,*,#7481,.T.);
#8241 = ORIENTED_EDGE('',*,*,#8204,.T.);
#8242 = PLANE('',#8243);
#8243 = AXIS2_PLACEMENT_3D('',#8244,#8245,#8246);
#8244 = CARTESIAN_POINT('',(0.75,-0.320798035545,2.550475523299));
#8245 = DIRECTION('',(1.,-1.224646799147E-16,0.));
#8246 = DIRECTION('',(1.224646799147E-16,1.,-1.110223024625E-16));
#8247 = ADVANCED_FACE('',(#8248),#8282,.F.);
#8248 = FACE_BOUND('',#8249,.F.);
#8249 = EDGE_LOOP('',(#8250,#8251,#8252,#8260,#8268,#8276));
#8250 = ORIENTED_EDGE('',*,*,#8219,.F.);
#8251 = ORIENTED_EDGE('',*,*,#7312,.T.);
#8252 = ORIENTED_EDGE('',*,*,#8253,.T.);
#8253 = EDGE_CURVE('',#7305,#8254,#8256,.T.);
#8254 = VERTEX_POINT('',#8255);
#8255 = CARTESIAN_POINT('',(-0.4,-0.4,4.2));
#8256 = LINE('',#8257,#8258);
#8257 = CARTESIAN_POINT('',(-0.4,-0.449310344828,4.791724137931));
#8258 = VECTOR('',#8259,1.);
#8259 = DIRECTION('',(1.017013810865E-17,8.304547985373E-02,
    -0.996545758245));
#8260 = ORIENTED_EDGE('',*,*,#8261,.F.);
#8261 = EDGE_CURVE('',#8262,#8254,#8264,.T.);
#8262 = VERTEX_POINT('',#8263);
#8263 = CARTESIAN_POINT('',(-0.75,-0.4,4.2));
#8264 = LINE('',#8265,#8266);
#8265 = CARTESIAN_POINT('',(-7.5E-02,-0.4,4.2));
#8266 = VECTOR('',#8267,1.);
#8267 = DIRECTION('',(1.,-1.224646799147E-16,-0.));
#8268 = ORIENTED_EDGE('',*,*,#8269,.T.);
#8269 = EDGE_CURVE('',#8262,#8270,#8272,.T.);
#8270 = VERTEX_POINT('',#8271);
#8271 = CARTESIAN_POINT('',(-0.75,-0.35,3.6));
#8272 = LINE('',#8273,#8274);
#8273 = CARTESIAN_POINT('',(-0.75,-0.45,4.8));
#8274 = VECTOR('',#8275,1.);
#8275 = DIRECTION('',(1.017013810865E-17,8.304547985373E-02,
    -0.996545758245));
#8276 = ORIENTED_EDGE('',*,*,#8277,.F.);
#8277 = EDGE_CURVE('',#8220,#8270,#8278,.T.);
#8278 = LINE('',#8279,#8280);
#8279 = CARTESIAN_POINT('',(0.75,-0.35,3.6));
#8280 = VECTOR('',#8281,1.);
#8281 = DIRECTION('',(-1.,1.224646799147E-16,0.));
#8282 = PLANE('',#8283);
#8283 = AXIS2_PLACEMENT_3D('',#8284,#8285,#8286);
#8284 = CARTESIAN_POINT('',(0.75,-0.45,4.8));
#8285 = DIRECTION('',(-1.220416573038E-16,-0.996545758245,
    -8.304547985373E-02));
#8286 = DIRECTION('',(1.017013810865E-17,8.304547985373E-02,
    -0.996545758245));
#8287 = ADVANCED_FACE('',(#8288),#8305,.T.);
#8288 = FACE_BOUND('',#8289,.T.);
#8289 = EDGE_LOOP('',(#8290,#8291,#8292,#8298,#8299));
#8290 = ORIENTED_EDGE('',*,*,#7304,.F.);
#8291 = ORIENTED_EDGE('',*,*,#8253,.T.);
#8292 = ORIENTED_EDGE('',*,*,#8293,.T.);
#8293 = EDGE_CURVE('',#8254,#7827,#8294,.T.);
#8294 = LINE('',#8295,#8296);
#8295 = CARTESIAN_POINT('',(-0.4,-0.25,4.2));
#8296 = VECTOR('',#8297,1.);
#8297 = DIRECTION('',(-1.224646799147E-16,-1.,1.110223024625E-16));
#8298 = ORIENTED_EDGE('',*,*,#7834,.T.);
#8299 = ORIENTED_EDGE('',*,*,#8300,.F.);
#8300 = EDGE_CURVE('',#7297,#7835,#8301,.T.);
#8301 = LINE('',#8302,#8303);
#8302 = CARTESIAN_POINT('',(-0.4,-4.45,4.8));
#8303 = VECTOR('',#8304,1.);
#8304 = DIRECTION('',(-1.359631073447E-32,-1.110223024625E-16,-1.));
#8305 = PLANE('',#8306);
#8306 = AXIS2_PLACEMENT_3D('',#8307,#8308,#8309);
#8307 = CARTESIAN_POINT('',(-0.4,-0.25,4.8));
#8308 = DIRECTION('',(-1.,1.224646799147E-16,0.));
#8309 = DIRECTION('',(-1.224646799147E-16,-1.,1.110223024625E-16));
#8310 = ADVANCED_FACE('',(#8311),#8354,.T.);
#8311 = FACE_BOUND('',#8312,.T.);
#8312 = EDGE_LOOP('',(#8313,#8314,#8315,#8316,#8324,#8332,#8340,#8348));
#8313 = ORIENTED_EDGE('',*,*,#7296,.F.);
#8314 = ORIENTED_EDGE('',*,*,#8300,.T.);
#8315 = ORIENTED_EDGE('',*,*,#7842,.T.);
#8316 = ORIENTED_EDGE('',*,*,#8317,.F.);
#8317 = EDGE_CURVE('',#8318,#7843,#8320,.T.);
#8318 = VERTEX_POINT('',#8319);
#8319 = CARTESIAN_POINT('',(-1.4,-4.45,4.8));
#8320 = LINE('',#8321,#8322);
#8321 = CARTESIAN_POINT('',(-1.4,-4.45,4.8));
#8322 = VECTOR('',#8323,1.);
#8323 = DIRECTION('',(-1.359631073447E-32,-1.110223024625E-16,-1.));
#8324 = ORIENTED_EDGE('',*,*,#8325,.F.);
#8325 = EDGE_CURVE('',#8326,#8318,#8328,.T.);
#8326 = VERTEX_POINT('',#8327);
#8327 = CARTESIAN_POINT('',(-0.95,-4.45,4.8));
#8328 = LINE('',#8329,#8330);
#8329 = CARTESIAN_POINT('',(-0.4,-4.45,4.8));
#8330 = VECTOR('',#8331,1.);
#8331 = DIRECTION('',(-1.,1.224646799147E-16,0.));
#8332 = ORIENTED_EDGE('',*,*,#8333,.F.);
#8333 = EDGE_CURVE('',#8334,#8326,#8336,.T.);
#8334 = VERTEX_POINT('',#8335);
#8335 = CARTESIAN_POINT('',(-0.95,-4.45,4.85));
#8336 = LINE('',#8337,#8338);
#8337 = CARTESIAN_POINT('',(-0.95,-4.45,4.85));
#8338 = VECTOR('',#8339,1.);
#8339 = DIRECTION('',(-1.359631073447E-32,-1.110223024625E-16,-1.));
#8340 = ORIENTED_EDGE('',*,*,#8341,.F.);
#8341 = EDGE_CURVE('',#8342,#8334,#8344,.T.);
#8342 = VERTEX_POINT('',#8343);
#8343 = CARTESIAN_POINT('',(-0.45,-4.45,4.85));
#8344 = LINE('',#8345,#8346);
#8345 = CARTESIAN_POINT('',(-0.45,-4.45,4.85));
#8346 = VECTOR('',#8347,1.);
#8347 = DIRECTION('',(-1.,1.224646799147E-16,0.));
#8348 = ORIENTED_EDGE('',*,*,#8349,.F.);
#8349 = EDGE_CURVE('',#7289,#8342,#8350,.T.);
#8350 = LINE('',#8351,#8352);
#8351 = CARTESIAN_POINT('',(-0.45,-4.45,4.8));
#8352 = VECTOR('',#8353,1.);
#8353 = DIRECTION('',(1.359631073447E-32,1.110223024625E-16,1.));
#8354 = PLANE('',#8355);
#8355 = AXIS2_PLACEMENT_3D('',#8356,#8357,#8358);
#8356 = CARTESIAN_POINT('',(-0.893939393939,-4.45,4.517424242424));
#8357 = DIRECTION('',(1.224646799147E-16,1.,-1.110223024625E-16));
#8358 = DIRECTION('',(1.,-1.224646799147E-16,-2.885949453099E-46));
#8359 = ADVANCED_FACE('',(#8360),#8378,.F.);
#8360 = FACE_BOUND('',#8361,.F.);
#8361 = EDGE_LOOP('',(#8362,#8363,#8371,#8377));
#8362 = ORIENTED_EDGE('',*,*,#7288,.T.);
#8363 = ORIENTED_EDGE('',*,*,#8364,.T.);
#8364 = EDGE_CURVE('',#7281,#8365,#8367,.T.);
#8365 = VERTEX_POINT('',#8366);
#8366 = CARTESIAN_POINT('',(-0.45,-6.25,4.85));
#8367 = LINE('',#8368,#8369);
#8368 = CARTESIAN_POINT('',(-0.45,-6.25,4.8));
#8369 = VECTOR('',#8370,1.);
#8370 = DIRECTION('',(1.359631073447E-32,1.110223024625E-16,1.));
#8371 = ORIENTED_EDGE('',*,*,#8372,.F.);
#8372 = EDGE_CURVE('',#8342,#8365,#8373,.T.);
#8373 = LINE('',#8374,#8375);
#8374 = CARTESIAN_POINT('',(-0.45,-4.45,4.85));
#8375 = VECTOR('',#8376,1.);
#8376 = DIRECTION('',(-1.224646799147E-16,-1.,1.110223024625E-16));
#8377 = ORIENTED_EDGE('',*,*,#8349,.F.);
#8378 = PLANE('',#8379);
#8379 = AXIS2_PLACEMENT_3D('',#8380,#8381,#8382);
#8380 = CARTESIAN_POINT('',(-0.45,-4.45,4.8));
#8381 = DIRECTION('',(-1.,1.224646799147E-16,0.));
#8382 = DIRECTION('',(1.359631073446E-32,1.110223024625E-16,1.));
#8383 = ADVANCED_FACE('',(#8384),#8425,.T.);
#8384 = FACE_BOUND('',#8385,.T.);
#8385 = EDGE_LOOP('',(#8386,#8392,#8393,#8394,#8402,#8410,#8416,#8417,
    #8423,#8424));
#8386 = ORIENTED_EDGE('',*,*,#8387,.F.);
#8387 = EDGE_CURVE('',#7273,#7866,#8388,.T.);
#8388 = LINE('',#8389,#8390);
#8389 = CARTESIAN_POINT('',(0.55,-6.25,4.8));
#8390 = VECTOR('',#8391,1.);
#8391 = DIRECTION('',(-1.359631073447E-32,-1.110223024625E-16,-1.));
#8392 = ORIENTED_EDGE('',*,*,#7280,.T.);
#8393 = ORIENTED_EDGE('',*,*,#8364,.T.);
#8394 = ORIENTED_EDGE('',*,*,#8395,.T.);
#8395 = EDGE_CURVE('',#8365,#8396,#8398,.T.);
#8396 = VERTEX_POINT('',#8397);
#8397 = CARTESIAN_POINT('',(-0.95,-6.25,4.85));
#8398 = LINE('',#8399,#8400);
#8399 = CARTESIAN_POINT('',(-0.45,-6.25,4.85));
#8400 = VECTOR('',#8401,1.);
#8401 = DIRECTION('',(-1.,1.224646799147E-16,0.));
#8402 = ORIENTED_EDGE('',*,*,#8403,.T.);
#8403 = EDGE_CURVE('',#8396,#8404,#8406,.T.);
#8404 = VERTEX_POINT('',#8405);
#8405 = CARTESIAN_POINT('',(-0.95,-6.25,4.8));
#8406 = LINE('',#8407,#8408);
#8407 = CARTESIAN_POINT('',(-0.95,-6.25,4.85));
#8408 = VECTOR('',#8409,1.);
#8409 = DIRECTION('',(-1.359631073447E-32,-1.110223024625E-16,-1.));
#8410 = ORIENTED_EDGE('',*,*,#8411,.T.);
#8411 = EDGE_CURVE('',#8404,#7714,#8412,.T.);
#8412 = LINE('',#8413,#8414);
#8413 = CARTESIAN_POINT('',(3.95,-6.25,4.8));
#8414 = VECTOR('',#8415,1.);
#8415 = DIRECTION('',(-1.,1.224646799147E-16,0.));
#8416 = ORIENTED_EDGE('',*,*,#7713,.T.);
#8417 = ORIENTED_EDGE('',*,*,#8418,.F.);
#8418 = EDGE_CURVE('',#7584,#7706,#8419,.T.);
#8419 = LINE('',#8420,#8421);
#8420 = CARTESIAN_POINT('',(3.95,-6.25,3.3));
#8421 = VECTOR('',#8422,1.);
#8422 = DIRECTION('',(-1.,1.224646799147E-16,0.));
#8423 = ORIENTED_EDGE('',*,*,#7581,.F.);
#8424 = ORIENTED_EDGE('',*,*,#7865,.F.);
#8425 = PLANE('',#8426);
#8426 = AXIS2_PLACEMENT_3D('',#8427,#8428,#8429);
#8427 = CARTESIAN_POINT('',(-0.922222222222,-6.25,4.28487654321));
#8428 = DIRECTION('',(-1.224646799147E-16,-1.,1.110223024625E-16));
#8429 = DIRECTION('',(-1.,1.224646799147E-16,1.219283680787E-48));
#8430 = ADVANCED_FACE('',(#8431),#8442,.F.);
#8431 = FACE_BOUND('',#8432,.F.);
#8432 = EDGE_LOOP('',(#8433,#8434,#8440,#8441));
#8433 = ORIENTED_EDGE('',*,*,#7272,.F.);
#8434 = ORIENTED_EDGE('',*,*,#8435,.T.);
#8435 = EDGE_CURVE('',#7265,#7874,#8436,.T.);
#8436 = LINE('',#8437,#8438);
#8437 = CARTESIAN_POINT('',(0.55,-2.35,4.8));
#8438 = VECTOR('',#8439,1.);
#8439 = DIRECTION('',(-1.359631073447E-32,-1.110223024625E-16,-1.));
#8440 = ORIENTED_EDGE('',*,*,#7873,.T.);
#8441 = ORIENTED_EDGE('',*,*,#8387,.F.);
#8442 = PLANE('',#8443);
#8443 = AXIS2_PLACEMENT_3D('',#8444,#8445,#8446);
#8444 = CARTESIAN_POINT('',(0.55,-2.35,4.8));
#8445 = DIRECTION('',(-1.,1.224646799147E-16,0.));
#8446 = DIRECTION('',(-1.224646799147E-16,-1.,1.110223024625E-16));
#8447 = ADVANCED_FACE('',(#8448),#8459,.F.);
#8448 = FACE_BOUND('',#8449,.F.);
#8449 = EDGE_LOOP('',(#8450,#8451,#8457,#8458));
#8450 = ORIENTED_EDGE('',*,*,#7264,.F.);
#8451 = ORIENTED_EDGE('',*,*,#8452,.T.);
#8452 = EDGE_CURVE('',#7257,#7882,#8453,.T.);
#8453 = LINE('',#8454,#8455);
#8454 = CARTESIAN_POINT('',(1.45,-2.35,4.8));
#8455 = VECTOR('',#8456,1.);
#8456 = DIRECTION('',(-1.359631073447E-32,-1.110223024625E-16,-1.));
#8457 = ORIENTED_EDGE('',*,*,#7881,.T.);
#8458 = ORIENTED_EDGE('',*,*,#8435,.F.);
#8459 = PLANE('',#8460);
#8460 = AXIS2_PLACEMENT_3D('',#8461,#8462,#8463);
#8461 = CARTESIAN_POINT('',(1.45,-2.35,4.8));
#8462 = DIRECTION('',(1.224646799147E-16,1.,-1.110223024625E-16));
#8463 = DIRECTION('',(-1.,1.224646799147E-16,1.219283680787E-48));
#8464 = ADVANCED_FACE('',(#8465),#8471,.F.);
#8465 = FACE_BOUND('',#8466,.F.);
#8466 = EDGE_LOOP('',(#8467,#8468,#8469,#8470));
#8467 = ORIENTED_EDGE('',*,*,#7256,.F.);
#8468 = ORIENTED_EDGE('',*,*,#7390,.T.);
#8469 = ORIENTED_EDGE('',*,*,#7889,.T.);
#8470 = ORIENTED_EDGE('',*,*,#8452,.F.);
#8471 = PLANE('',#8472);
#8472 = AXIS2_PLACEMENT_3D('',#8473,#8474,#8475);
#8473 = CARTESIAN_POINT('',(1.45,-6.25,4.8));
#8474 = DIRECTION('',(1.,-1.224646799147E-16,-0.));
#8475 = DIRECTION('',(1.224646799147E-16,1.,-1.110223024625E-16));
#8476 = ADVANCED_FACE('',(#8477),#8518,.F.);
#8477 = FACE_BOUND('',#8478,.F.);
#8478 = EDGE_LOOP('',(#8479,#8487,#8488,#8494,#8495,#8496,#8504,#8512));
#8479 = ORIENTED_EDGE('',*,*,#8480,.T.);
#8480 = EDGE_CURVE('',#8481,#7663,#8483,.T.);
#8481 = VERTEX_POINT('',#8482);
#8482 = CARTESIAN_POINT('',(-1.4,-0.25,4.8));
#8483 = LINE('',#8484,#8485);
#8484 = CARTESIAN_POINT('',(3.95,-0.25,4.8));
#8485 = VECTOR('',#8486,1.);
#8486 = DIRECTION('',(-1.,1.224646799147E-16,0.));
#8487 = ORIENTED_EDGE('',*,*,#7662,.T.);
#8488 = ORIENTED_EDGE('',*,*,#8489,.F.);
#8489 = EDGE_CURVE('',#7760,#7665,#8490,.T.);
#8490 = LINE('',#8491,#8492);
#8491 = CARTESIAN_POINT('',(-0.95,-0.25,4.1));
#8492 = VECTOR('',#8493,1.);
#8493 = DIRECTION('',(-1.,1.224646799147E-16,0.));
#8494 = ORIENTED_EDGE('',*,*,#7759,.F.);
#8495 = ORIENTED_EDGE('',*,*,#7425,.T.);
#8496 = ORIENTED_EDGE('',*,*,#8497,.T.);
#8497 = EDGE_CURVE('',#7428,#8498,#8500,.T.);
#8498 = VERTEX_POINT('',#8499);
#8499 = CARTESIAN_POINT('',(-0.75,-0.25,4.2));
#8500 = LINE('',#8501,#8502);
#8501 = CARTESIAN_POINT('',(-0.75,-0.25,0.3));
#8502 = VECTOR('',#8503,1.);
#8503 = DIRECTION('',(1.359631073447E-32,1.110223024625E-16,1.));
#8504 = ORIENTED_EDGE('',*,*,#8505,.F.);
#8505 = EDGE_CURVE('',#8506,#8498,#8508,.T.);
#8506 = VERTEX_POINT('',#8507);
#8507 = CARTESIAN_POINT('',(-1.4,-0.25,4.2));
#8508 = LINE('',#8509,#8510);
#8509 = CARTESIAN_POINT('',(-1.4,-0.25,4.2));
#8510 = VECTOR('',#8511,1.);
#8511 = DIRECTION('',(1.,-1.224646799147E-16,0.));
#8512 = ORIENTED_EDGE('',*,*,#8513,.F.);
#8513 = EDGE_CURVE('',#8481,#8506,#8514,.T.);
#8514 = LINE('',#8515,#8516);
#8515 = CARTESIAN_POINT('',(-1.4,-0.25,4.8));
#8516 = VECTOR('',#8517,1.);
#8517 = DIRECTION('',(-1.359631073447E-32,-1.110223024625E-16,-1.));
#8518 = PLANE('',#8519);
#8519 = AXIS2_PLACEMENT_3D('',#8520,#8521,#8522);
#8520 = CARTESIAN_POINT('',(1.,-0.25,2.55));
#8521 = DIRECTION('',(-1.224646799147E-16,-1.,1.110223024625E-16));
#8522 = DIRECTION('',(-1.,1.224646799147E-16,1.219283680787E-48));
#8523 = ADVANCED_FACE('',(#8524),#8549,.T.);
#8524 = FACE_BOUND('',#8525,.T.);
#8525 = EDGE_LOOP('',(#8526,#8527,#8533,#8534,#8542,#8548));
#8526 = ORIENTED_EDGE('',*,*,#8497,.T.);
#8527 = ORIENTED_EDGE('',*,*,#8528,.F.);
#8528 = EDGE_CURVE('',#8262,#8498,#8529,.T.);
#8529 = LINE('',#8530,#8531);
#8530 = CARTESIAN_POINT('',(-0.75,-1.335399017773,4.2));
#8531 = VECTOR('',#8532,1.);
#8532 = DIRECTION('',(1.224646799147E-16,1.,-1.110223024625E-16));
#8533 = ORIENTED_EDGE('',*,*,#8269,.T.);
#8534 = ORIENTED_EDGE('',*,*,#8535,.T.);
#8535 = EDGE_CURVE('',#8270,#8536,#8538,.T.);
#8536 = VERTEX_POINT('',#8537);
#8537 = CARTESIAN_POINT('',(-0.75,-0.35,2.6));
#8538 = LINE('',#8539,#8540);
#8539 = CARTESIAN_POINT('',(-0.75,-0.35,3.6));
#8540 = VECTOR('',#8541,1.);
#8541 = DIRECTION('',(-1.359631073447E-32,-1.110223024625E-16,-1.));
#8542 = ORIENTED_EDGE('',*,*,#8543,.T.);
#8543 = EDGE_CURVE('',#8536,#7490,#8544,.T.);
#8544 = LINE('',#8545,#8546);
#8545 = CARTESIAN_POINT('',(-0.75,-0.35,2.6));
#8546 = VECTOR('',#8547,1.);
#8547 = DIRECTION('',(-5.319525767383E-18,-4.343722427631E-02,
    -0.999056158355));
#8548 = ORIENTED_EDGE('',*,*,#7497,.T.);
#8549 = PLANE('',#8550);
#8550 = AXIS2_PLACEMENT_3D('',#8551,#8552,#8553);
#8551 = CARTESIAN_POINT('',(-0.75,-0.320798035545,2.550475523299));
#8552 = DIRECTION('',(1.,-1.224646799147E-16,0.));
#8553 = DIRECTION('',(1.224646799147E-16,1.,-1.110223024625E-16));
#8554 = ADVANCED_FACE('',(#8555),#8566,.F.);
#8555 = FACE_BOUND('',#8556,.F.);
#8556 = EDGE_LOOP('',(#8557,#8563,#8564,#8565));
#8557 = ORIENTED_EDGE('',*,*,#8558,.T.);
#8558 = EDGE_CURVE('',#8228,#8536,#8559,.T.);
#8559 = LINE('',#8560,#8561);
#8560 = CARTESIAN_POINT('',(0.75,-0.35,2.6));
#8561 = VECTOR('',#8562,1.);
#8562 = DIRECTION('',(-1.,1.224646799147E-16,0.));
#8563 = ORIENTED_EDGE('',*,*,#8543,.T.);
#8564 = ORIENTED_EDGE('',*,*,#7489,.F.);
#8565 = ORIENTED_EDGE('',*,*,#8235,.F.);
#8566 = PLANE('',#8567);
#8567 = AXIS2_PLACEMENT_3D('',#8568,#8569,#8570);
#8568 = CARTESIAN_POINT('',(0.75,-0.35,2.6));
#8569 = DIRECTION('',(-1.223490926498E-16,-0.999056158355,
    4.343722427631E-02));
#8570 = DIRECTION('',(-5.319525767383E-18,-4.343722427631E-02,
    -0.999056158355));
#8571 = ADVANCED_FACE('',(#8572),#8583,.F.);
#8572 = FACE_BOUND('',#8573,.F.);
#8573 = EDGE_LOOP('',(#8574,#8580,#8581,#8582));
#8574 = ORIENTED_EDGE('',*,*,#8575,.T.);
#8575 = EDGE_CURVE('',#8038,#8173,#8576,.T.);
#8576 = LINE('',#8577,#8578);
#8577 = CARTESIAN_POINT('',(2.75,-0.35,2.6));
#8578 = VECTOR('',#8579,1.);
#8579 = DIRECTION('',(-1.,1.224646799147E-16,0.));
#8580 = ORIENTED_EDGE('',*,*,#8180,.T.);
#8581 = ORIENTED_EDGE('',*,*,#7457,.F.);
#8582 = ORIENTED_EDGE('',*,*,#8045,.F.);
#8583 = PLANE('',#8584);
#8584 = AXIS2_PLACEMENT_3D('',#8585,#8586,#8587);
#8585 = CARTESIAN_POINT('',(2.75,-0.35,2.6));
#8586 = DIRECTION('',(-1.223490926498E-16,-0.999056158355,
    4.343722427631E-02));
#8587 = DIRECTION('',(-5.319525767383E-18,-4.343722427631E-02,
    -0.999056158355));
#8588 = ADVANCED_FACE('',(#8589),#8607,.F.);
#8589 = FACE_BOUND('',#8590,.F.);
#8590 = EDGE_LOOP('',(#8591,#8592,#8600,#8606));
#8591 = ORIENTED_EDGE('',*,*,#7558,.T.);
#8592 = ORIENTED_EDGE('',*,*,#8593,.T.);
#8593 = EDGE_CURVE('',#7551,#8594,#8596,.T.);
#8594 = VERTEX_POINT('',#8595);
#8595 = CARTESIAN_POINT('',(1.2,-3.95,1.1));
#8596 = LINE('',#8597,#8598);
#8597 = CARTESIAN_POINT('',(1.2,-3.95,0.8));
#8598 = VECTOR('',#8599,1.);
#8599 = DIRECTION('',(1.359631073447E-32,1.110223024625E-16,1.));
#8600 = ORIENTED_EDGE('',*,*,#8601,.F.);
#8601 = EDGE_CURVE('',#7930,#8594,#8602,.T.);
#8602 = LINE('',#8603,#8604);
#8603 = CARTESIAN_POINT('',(1.2,-2.05,1.1));
#8604 = VECTOR('',#8605,1.);
#8605 = DIRECTION('',(-1.224646799147E-16,-1.,1.110223024625E-16));
#8606 = ORIENTED_EDGE('',*,*,#7937,.F.);
#8607 = PLANE('',#8608);
#8608 = AXIS2_PLACEMENT_3D('',#8609,#8610,#8611);
#8609 = CARTESIAN_POINT('',(1.2,-2.05,0.8));
#8610 = DIRECTION('',(-1.,1.224646799147E-16,0.));
#8611 = DIRECTION('',(1.359631073446E-32,1.110223024625E-16,1.));
#8612 = ADVANCED_FACE('',(#8613),#8631,.T.);
#8613 = FACE_BOUND('',#8614,.T.);
#8614 = EDGE_LOOP('',(#8615,#8623,#8629,#8630));
#8615 = ORIENTED_EDGE('',*,*,#8616,.T.);
#8616 = EDGE_CURVE('',#8594,#8617,#8619,.T.);
#8617 = VERTEX_POINT('',#8618);
#8618 = CARTESIAN_POINT('',(0.8,-3.95,1.1));
#8619 = LINE('',#8620,#8621);
#8620 = CARTESIAN_POINT('',(1.2,-3.95,1.1));
#8621 = VECTOR('',#8622,1.);
#8622 = DIRECTION('',(-1.,1.224646799147E-16,0.));
#8623 = ORIENTED_EDGE('',*,*,#8624,.T.);
#8624 = EDGE_CURVE('',#8617,#7543,#8625,.T.);
#8625 = LINE('',#8626,#8627);
#8626 = CARTESIAN_POINT('',(0.8,-3.95,1.1));
#8627 = VECTOR('',#8628,1.);
#8628 = DIRECTION('',(-1.359631073447E-32,-1.110223024625E-16,-1.));
#8629 = ORIENTED_EDGE('',*,*,#7550,.T.);
#8630 = ORIENTED_EDGE('',*,*,#8593,.T.);
#8631 = PLANE('',#8632);
#8632 = AXIS2_PLACEMENT_3D('',#8633,#8634,#8635);
#8633 = CARTESIAN_POINT('',(1.,-3.95,0.95));
#8634 = DIRECTION('',(-1.224646799147E-16,-1.,1.110223024625E-16));
#8635 = DIRECTION('',(-1.,1.224646799147E-16,1.219283680787E-48));
#8636 = ADVANCED_FACE('',(#8637),#8648,.F.);
#8637 = FACE_BOUND('',#8638,.F.);
#8638 = EDGE_LOOP('',(#8639,#8645,#8646,#8647));
#8639 = ORIENTED_EDGE('',*,*,#8640,.T.);
#8640 = EDGE_CURVE('',#7922,#8617,#8641,.T.);
#8641 = LINE('',#8642,#8643);
#8642 = CARTESIAN_POINT('',(0.8,-2.05,1.1));
#8643 = VECTOR('',#8644,1.);
#8644 = DIRECTION('',(-1.224646799147E-16,-1.,1.110223024625E-16));
#8645 = ORIENTED_EDGE('',*,*,#8624,.T.);
#8646 = ORIENTED_EDGE('',*,*,#7542,.F.);
#8647 = ORIENTED_EDGE('',*,*,#7921,.F.);
#8648 = PLANE('',#8649);
#8649 = AXIS2_PLACEMENT_3D('',#8650,#8651,#8652);
#8650 = CARTESIAN_POINT('',(0.8,-2.05,1.1));
#8651 = DIRECTION('',(1.,-1.224646799147E-16,0.));
#8652 = DIRECTION('',(-1.359631073446E-32,-1.110223024625E-16,-1.));
#8653 = ADVANCED_FACE('',(#8654),#8665,.T.);
#8654 = FACE_BOUND('',#8655,.T.);
#8655 = EDGE_LOOP('',(#8656,#8657,#8658,#8659));
#8656 = ORIENTED_EDGE('',*,*,#7624,.T.);
#8657 = ORIENTED_EDGE('',*,*,#8418,.T.);
#8658 = ORIENTED_EDGE('',*,*,#7705,.T.);
#8659 = ORIENTED_EDGE('',*,*,#8660,.F.);
#8660 = EDGE_CURVE('',#7616,#7697,#8661,.T.);
#8661 = LINE('',#8662,#8663);
#8662 = CARTESIAN_POINT('',(3.95,-4.65,3.3));
#8663 = VECTOR('',#8664,1.);
#8664 = DIRECTION('',(-1.,1.224646799147E-16,0.));
#8665 = PLANE('',#8666);
#8666 = AXIS2_PLACEMENT_3D('',#8667,#8668,#8669);
#8667 = CARTESIAN_POINT('',(3.95,-6.25,3.3));
#8668 = DIRECTION('',(-1.359631073447E-32,-1.110223024625E-16,-1.));
#8669 = DIRECTION('',(1.224646799147E-16,1.,-1.110223024625E-16));
#8670 = ADVANCED_FACE('',(#8671),#8677,.F.);
#8671 = FACE_BOUND('',#8672,.F.);
#8672 = EDGE_LOOP('',(#8673,#8674,#8675,#8676));
#8673 = ORIENTED_EDGE('',*,*,#7639,.T.);
#8674 = ORIENTED_EDGE('',*,*,#7696,.T.);
#8675 = ORIENTED_EDGE('',*,*,#8660,.F.);
#8676 = ORIENTED_EDGE('',*,*,#7615,.F.);
#8677 = CYLINDRICAL_SURFACE('',#8678,0.4);
#8678 = AXIS2_PLACEMENT_3D('',#8679,#8680,#8681);
#8679 = CARTESIAN_POINT('',(3.95,-4.65,2.9));
#8680 = DIRECTION('',(1.,-1.224646799147E-16,0.));
#8681 = DIRECTION('',(1.359631073446E-32,1.110223024625E-16,1.));
#8682 = ADVANCED_FACE('',(#8683),#8694,.F.);
#8683 = FACE_BOUND('',#8684,.F.);
#8684 = EDGE_LOOP('',(#8685,#8686,#8687,#8693));
#8685 = ORIENTED_EDGE('',*,*,#8489,.T.);
#8686 = ORIENTED_EDGE('',*,*,#7672,.T.);
#8687 = ORIENTED_EDGE('',*,*,#8688,.F.);
#8688 = EDGE_CURVE('',#7768,#7673,#8689,.T.);
#8689 = LINE('',#8690,#8691);
#8690 = CARTESIAN_POINT('',(-0.95,1.35,3.2));
#8691 = VECTOR('',#8692,1.);
#8692 = DIRECTION('',(-1.,1.224646799147E-16,0.));
#8693 = ORIENTED_EDGE('',*,*,#7767,.F.);
#8694 = PLANE('',#8695);
#8695 = AXIS2_PLACEMENT_3D('',#8696,#8697,#8698);
#8696 = CARTESIAN_POINT('',(-0.95,-0.25,4.1));
#8697 = DIRECTION('',(-6.003968578616E-17,-0.490261239633,
    -0.871575537124));
#8698 = DIRECTION('',(1.067372191754E-16,0.871575537124,-0.490261239633)
  );
#8699 = ADVANCED_FACE('',(#8700),#8706,.F.);
#8700 = FACE_BOUND('',#8701,.F.);
#8701 = EDGE_LOOP('',(#8702,#8703,#8704,#8705));
#8702 = ORIENTED_EDGE('',*,*,#8688,.T.);
#8703 = ORIENTED_EDGE('',*,*,#7680,.T.);
#8704 = ORIENTED_EDGE('',*,*,#7735,.F.);
#8705 = ORIENTED_EDGE('',*,*,#7775,.F.);
#8706 = PLANE('',#8707);
#8707 = AXIS2_PLACEMENT_3D('',#8708,#8709,#8710);
#8708 = CARTESIAN_POINT('',(-0.95,1.35,3.2));
#8709 = DIRECTION('',(-1.224646799147E-16,-1.,0.));
#8710 = DIRECTION('',(-0.,0.,-1.));
#8711 = ADVANCED_FACE('',(#8712),#8730,.F.);
#8712 = FACE_BOUND('',#8713,.F.);
#8713 = EDGE_LOOP('',(#8714,#8715,#8721,#8722,#8728,#8729));
#8714 = ORIENTED_EDGE('',*,*,#8480,.F.);
#8715 = ORIENTED_EDGE('',*,*,#8716,.F.);
#8716 = EDGE_CURVE('',#8318,#8481,#8717,.T.);
#8717 = LINE('',#8718,#8719);
#8718 = CARTESIAN_POINT('',(-1.4,-4.45,4.8));
#8719 = VECTOR('',#8720,1.);
#8720 = DIRECTION('',(1.224646799147E-16,1.,-1.110223024625E-16));
#8721 = ORIENTED_EDGE('',*,*,#8325,.F.);
#8722 = ORIENTED_EDGE('',*,*,#8723,.T.);
#8723 = EDGE_CURVE('',#8326,#8404,#8724,.T.);
#8724 = LINE('',#8725,#8726);
#8725 = CARTESIAN_POINT('',(-0.95,-4.45,4.8));
#8726 = VECTOR('',#8727,1.);
#8727 = DIRECTION('',(-1.224646799147E-16,-1.,1.110223024625E-16));
#8728 = ORIENTED_EDGE('',*,*,#8411,.T.);
#8729 = ORIENTED_EDGE('',*,*,#7721,.F.);
#8730 = PLANE('',#8731);
#8731 = AXIS2_PLACEMENT_3D('',#8732,#8733,#8734);
#8732 = CARTESIAN_POINT('',(3.95,-0.25,4.8));
#8733 = DIRECTION('',(-1.359631073447E-32,-1.110223024625E-16,-1.));
#8734 = DIRECTION('',(-1.,1.224646799147E-16,6.927121900793E-45));
#8735 = ADVANCED_FACE('',(#8736),#8748,.T.);
#8736 = FACE_BOUND('',#8737,.T.);
#8737 = EDGE_LOOP('',(#8738,#8739,#8740,#8741,#8747));
#8738 = ORIENTED_EDGE('',*,*,#8716,.F.);
#8739 = ORIENTED_EDGE('',*,*,#8317,.T.);
#8740 = ORIENTED_EDGE('',*,*,#7850,.T.);
#8741 = ORIENTED_EDGE('',*,*,#8742,.T.);
#8742 = EDGE_CURVE('',#7851,#8506,#8743,.T.);
#8743 = LINE('',#8744,#8745);
#8744 = CARTESIAN_POINT('',(-1.4,-4.45,4.2));
#8745 = VECTOR('',#8746,1.);
#8746 = DIRECTION('',(1.224646799147E-16,1.,-1.110223024625E-16));
#8747 = ORIENTED_EDGE('',*,*,#8513,.F.);
#8748 = PLANE('',#8749);
#8749 = AXIS2_PLACEMENT_3D('',#8750,#8751,#8752);
#8750 = CARTESIAN_POINT('',(-1.4,-4.45,4.8));
#8751 = DIRECTION('',(1.,-1.224646799147E-16,0.));
#8752 = DIRECTION('',(1.224646799147E-16,1.,-1.110223024625E-16));
#8753 = ADVANCED_FACE('',(#8754),#8760,.F.);
#8754 = FACE_BOUND('',#8755,.F.);
#8755 = EDGE_LOOP('',(#8756,#8757,#8758,#8759));
#8756 = ORIENTED_EDGE('',*,*,#8601,.T.);
#8757 = ORIENTED_EDGE('',*,*,#8616,.T.);
#8758 = ORIENTED_EDGE('',*,*,#8640,.F.);
#8759 = ORIENTED_EDGE('',*,*,#7929,.F.);
#8760 = PLANE('',#8761);
#8761 = AXIS2_PLACEMENT_3D('',#8762,#8763,#8764);
#8762 = CARTESIAN_POINT('',(1.2,-2.05,1.1));
#8763 = DIRECTION('',(-1.359631073447E-32,-1.110223024625E-16,-1.));
#8764 = DIRECTION('',(-1.,1.224646799147E-16,6.927121900793E-45));
#8765 = ADVANCED_FACE('',(#8766),#8774,.F.);
#8766 = FACE_BOUND('',#8767,.F.);
#8767 = EDGE_LOOP('',(#8768,#8769,#8770,#8771,#8772,#8773));
#8768 = ORIENTED_EDGE('',*,*,#7912,.T.);
#8769 = ORIENTED_EDGE('',*,*,#8742,.T.);
#8770 = ORIENTED_EDGE('',*,*,#8505,.T.);
#8771 = ORIENTED_EDGE('',*,*,#8528,.F.);
#8772 = ORIENTED_EDGE('',*,*,#8261,.T.);
#8773 = ORIENTED_EDGE('',*,*,#8293,.T.);
#8774 = PLANE('',#8775);
#8775 = AXIS2_PLACEMENT_3D('',#8776,#8777,#8778);
#8776 = CARTESIAN_POINT('',(-0.9,-2.35,4.2));
#8777 = DIRECTION('',(-1.359631073447E-32,-1.110223024625E-16,-1.));
#8778 = DIRECTION('',(-1.224646799147E-16,-1.,1.110223024625E-16));
#8779 = ADVANCED_FACE('',(#8780),#8805,.F.);
#8780 = FACE_BOUND('',#8781,.F.);
#8781 = EDGE_LOOP('',(#8782,#8792,#8798,#8799));
#8782 = ORIENTED_EDGE('',*,*,#8783,.T.);
#8783 = EDGE_CURVE('',#8784,#8786,#8788,.T.);
#8784 = VERTEX_POINT('',#8785);
#8785 = CARTESIAN_POINT('',(0.25,-5.55,2.85));
#8786 = VERTEX_POINT('',#8787);
#8787 = CARTESIAN_POINT('',(0.25,-5.55,3.35));
#8788 = LINE('',#8789,#8790);
#8789 = CARTESIAN_POINT('',(0.25,-5.55,2.85));
#8790 = VECTOR('',#8791,1.);
#8791 = DIRECTION('',(0.,0.,1.));
#8792 = ORIENTED_EDGE('',*,*,#8793,.T.);
#8793 = EDGE_CURVE('',#8786,#7947,#8794,.T.);
#8794 = LINE('',#8795,#8796);
#8795 = CARTESIAN_POINT('',(0.25,-5.75,3.35));
#8796 = VECTOR('',#8797,1.);
#8797 = DIRECTION('',(1.224646799147E-16,1.,0.));
#8798 = ORIENTED_EDGE('',*,*,#7946,.T.);
#8799 = ORIENTED_EDGE('',*,*,#8800,.T.);
#8800 = EDGE_CURVE('',#7949,#8784,#8801,.T.);
#8801 = LINE('',#8802,#8803);
#8802 = CARTESIAN_POINT('',(0.25,-0.25,2.85));
#8803 = VECTOR('',#8804,1.);
#8804 = DIRECTION('',(-1.224646799147E-16,-1.,0.));
#8805 = PLANE('',#8806);
#8806 = AXIS2_PLACEMENT_3D('',#8807,#8808,#8809);
#8807 = CARTESIAN_POINT('',(0.25,-1.421959173294,1.302213422577));
#8808 = DIRECTION('',(-1.,1.224646799147E-16,0.));
#8809 = DIRECTION('',(0.,0.,1.));
#8810 = ADVANCED_FACE('',(#8811),#8829,.F.);
#8811 = FACE_BOUND('',#8812,.F.);
#8812 = EDGE_LOOP('',(#8813,#8814,#8822,#8828));
#8813 = ORIENTED_EDGE('',*,*,#8793,.F.);
#8814 = ORIENTED_EDGE('',*,*,#8815,.T.);
#8815 = EDGE_CURVE('',#8786,#8816,#8818,.T.);
#8816 = VERTEX_POINT('',#8817);
#8817 = CARTESIAN_POINT('',(-0.25,-5.55,3.35));
#8818 = LINE('',#8819,#8820);
#8819 = CARTESIAN_POINT('',(0.25,-5.55,3.35));
#8820 = VECTOR('',#8821,1.);
#8821 = DIRECTION('',(-1.,1.224646799147E-16,0.));
#8822 = ORIENTED_EDGE('',*,*,#8823,.T.);
#8823 = EDGE_CURVE('',#8816,#7965,#8824,.T.);
#8824 = LINE('',#8825,#8826);
#8825 = CARTESIAN_POINT('',(-0.25,-5.75,3.35));
#8826 = VECTOR('',#8827,1.);
#8827 = DIRECTION('',(1.224646799147E-16,1.,0.));
#8828 = ORIENTED_EDGE('',*,*,#7972,.T.);
#8829 = PLANE('',#8830);
#8830 = AXIS2_PLACEMENT_3D('',#8831,#8832,#8833);
#8831 = CARTESIAN_POINT('',(0.25,-5.75,3.35));
#8832 = DIRECTION('',(-0.,0.,-1.));
#8833 = DIRECTION('',(1.224646799147E-16,1.,0.));
#8834 = ADVANCED_FACE('',(#8835),#8853,.T.);
#8835 = FACE_BOUND('',#8836,.T.);
#8836 = EDGE_LOOP('',(#8837,#8845,#8846,#8847));
#8837 = ORIENTED_EDGE('',*,*,#8838,.T.);
#8838 = EDGE_CURVE('',#8839,#8816,#8841,.T.);
#8839 = VERTEX_POINT('',#8840);
#8840 = CARTESIAN_POINT('',(-0.25,-5.55,2.85));
#8841 = LINE('',#8842,#8843);
#8842 = CARTESIAN_POINT('',(-0.25,-5.55,2.85));
#8843 = VECTOR('',#8844,1.);
#8844 = DIRECTION('',(0.,0.,1.));
#8845 = ORIENTED_EDGE('',*,*,#8823,.T.);
#8846 = ORIENTED_EDGE('',*,*,#7964,.T.);
#8847 = ORIENTED_EDGE('',*,*,#8848,.T.);
#8848 = EDGE_CURVE('',#7957,#8839,#8849,.T.);
#8849 = LINE('',#8850,#8851);
#8850 = CARTESIAN_POINT('',(-0.25,-0.25,2.85));
#8851 = VECTOR('',#8852,1.);
#8852 = DIRECTION('',(-1.224646799147E-16,-1.,0.));
#8853 = PLANE('',#8854);
#8854 = AXIS2_PLACEMENT_3D('',#8855,#8856,#8857);
#8855 = CARTESIAN_POINT('',(-0.25,-1.421959173294,1.302213422577));
#8856 = DIRECTION('',(-1.,1.224646799147E-16,0.));
#8857 = DIRECTION('',(0.,0.,1.));
#8858 = ADVANCED_FACE('',(#8859),#8870,.F.);
#8859 = FACE_BOUND('',#8860,.F.);
#8860 = EDGE_LOOP('',(#8861,#8862,#8863,#8864));
#8861 = ORIENTED_EDGE('',*,*,#8800,.F.);
#8862 = ORIENTED_EDGE('',*,*,#7956,.T.);
#8863 = ORIENTED_EDGE('',*,*,#8848,.T.);
#8864 = ORIENTED_EDGE('',*,*,#8865,.F.);
#8865 = EDGE_CURVE('',#8784,#8839,#8866,.T.);
#8866 = LINE('',#8867,#8868);
#8867 = CARTESIAN_POINT('',(0.25,-5.55,2.85));
#8868 = VECTOR('',#8869,1.);
#8869 = DIRECTION('',(-1.,1.224646799147E-16,0.));
#8870 = PLANE('',#8871);
#8871 = AXIS2_PLACEMENT_3D('',#8872,#8873,#8874);
#8872 = CARTESIAN_POINT('',(0.25,-0.25,2.85));
#8873 = DIRECTION('',(0.,0.,1.));
#8874 = DIRECTION('',(-1.224646799147E-16,-1.,0.));
#8875 = ADVANCED_FACE('',(#8876),#8901,.F.);
#8876 = FACE_BOUND('',#8877,.F.);
#8877 = EDGE_LOOP('',(#8878,#8888,#8894,#8895));
#8878 = ORIENTED_EDGE('',*,*,#8879,.T.);
#8879 = EDGE_CURVE('',#8880,#8882,#8884,.T.);
#8880 = VERTEX_POINT('',#8881);
#8881 = CARTESIAN_POINT('',(2.25,-5.55,2.85));
#8882 = VERTEX_POINT('',#8883);
#8883 = CARTESIAN_POINT('',(2.25,-5.55,3.35));
#8884 = LINE('',#8885,#8886);
#8885 = CARTESIAN_POINT('',(2.25,-5.55,2.85));
#8886 = VECTOR('',#8887,1.);
#8887 = DIRECTION('',(0.,0.,1.));
#8888 = ORIENTED_EDGE('',*,*,#8889,.T.);
#8889 = EDGE_CURVE('',#8882,#7981,#8890,.T.);
#8890 = LINE('',#8891,#8892);
#8891 = CARTESIAN_POINT('',(2.25,-5.75,3.35));
#8892 = VECTOR('',#8893,1.);
#8893 = DIRECTION('',(1.224646799147E-16,1.,0.));
#8894 = ORIENTED_EDGE('',*,*,#7980,.T.);
#8895 = ORIENTED_EDGE('',*,*,#8896,.T.);
#8896 = EDGE_CURVE('',#7983,#8880,#8897,.T.);
#8897 = LINE('',#8898,#8899);
#8898 = CARTESIAN_POINT('',(2.25,-0.25,2.85));
#8899 = VECTOR('',#8900,1.);
#8900 = DIRECTION('',(-1.224646799147E-16,-1.,0.));
#8901 = PLANE('',#8902);
#8902 = AXIS2_PLACEMENT_3D('',#8903,#8904,#8905);
#8903 = CARTESIAN_POINT('',(2.25,-1.421959173294,1.302213422577));
#8904 = DIRECTION('',(-1.,1.224646799147E-16,0.));
#8905 = DIRECTION('',(0.,0.,1.));
#8906 = ADVANCED_FACE('',(#8907),#8925,.F.);
#8907 = FACE_BOUND('',#8908,.F.);
#8908 = EDGE_LOOP('',(#8909,#8910,#8918,#8924));
#8909 = ORIENTED_EDGE('',*,*,#8889,.F.);
#8910 = ORIENTED_EDGE('',*,*,#8911,.T.);
#8911 = EDGE_CURVE('',#8882,#8912,#8914,.T.);
#8912 = VERTEX_POINT('',#8913);
#8913 = CARTESIAN_POINT('',(1.75,-5.55,3.35));
#8914 = LINE('',#8915,#8916);
#8915 = CARTESIAN_POINT('',(2.25,-5.55,3.35));
#8916 = VECTOR('',#8917,1.);
#8917 = DIRECTION('',(-1.,1.224646799147E-16,0.));
#8918 = ORIENTED_EDGE('',*,*,#8919,.T.);
#8919 = EDGE_CURVE('',#8912,#7999,#8920,.T.);
#8920 = LINE('',#8921,#8922);
#8921 = CARTESIAN_POINT('',(1.75,-5.75,3.35));
#8922 = VECTOR('',#8923,1.);
#8923 = DIRECTION('',(1.224646799147E-16,1.,0.));
#8924 = ORIENTED_EDGE('',*,*,#8006,.T.);
#8925 = PLANE('',#8926);
#8926 = AXIS2_PLACEMENT_3D('',#8927,#8928,#8929);
#8927 = CARTESIAN_POINT('',(2.25,-5.75,3.35));
#8928 = DIRECTION('',(-0.,0.,-1.));
#8929 = DIRECTION('',(1.224646799147E-16,1.,0.));
#8930 = ADVANCED_FACE('',(#8931),#8949,.T.);
#8931 = FACE_BOUND('',#8932,.T.);
#8932 = EDGE_LOOP('',(#8933,#8941,#8942,#8943));
#8933 = ORIENTED_EDGE('',*,*,#8934,.T.);
#8934 = EDGE_CURVE('',#8935,#8912,#8937,.T.);
#8935 = VERTEX_POINT('',#8936);
#8936 = CARTESIAN_POINT('',(1.75,-5.55,2.85));
#8937 = LINE('',#8938,#8939);
#8938 = CARTESIAN_POINT('',(1.75,-5.55,2.85));
#8939 = VECTOR('',#8940,1.);
#8940 = DIRECTION('',(0.,0.,1.));
#8941 = ORIENTED_EDGE('',*,*,#8919,.T.);
#8942 = ORIENTED_EDGE('',*,*,#7998,.T.);
#8943 = ORIENTED_EDGE('',*,*,#8944,.T.);
#8944 = EDGE_CURVE('',#7991,#8935,#8945,.T.);
#8945 = LINE('',#8946,#8947);
#8946 = CARTESIAN_POINT('',(1.75,-0.25,2.85));
#8947 = VECTOR('',#8948,1.);
#8948 = DIRECTION('',(-1.224646799147E-16,-1.,0.));
#8949 = PLANE('',#8950);
#8950 = AXIS2_PLACEMENT_3D('',#8951,#8952,#8953);
#8951 = CARTESIAN_POINT('',(1.75,-1.421959173294,1.302213422577));
#8952 = DIRECTION('',(-1.,1.224646799147E-16,0.));
#8953 = DIRECTION('',(0.,0.,1.));
#8954 = ADVANCED_FACE('',(#8955),#8966,.F.);
#8955 = FACE_BOUND('',#8956,.F.);
#8956 = EDGE_LOOP('',(#8957,#8958,#8959,#8960));
#8957 = ORIENTED_EDGE('',*,*,#8896,.F.);
#8958 = ORIENTED_EDGE('',*,*,#7990,.T.);
#8959 = ORIENTED_EDGE('',*,*,#8944,.T.);
#8960 = ORIENTED_EDGE('',*,*,#8961,.F.);
#8961 = EDGE_CURVE('',#8880,#8935,#8962,.T.);
#8962 = LINE('',#8963,#8964);
#8963 = CARTESIAN_POINT('',(2.25,-5.55,2.85));
#8964 = VECTOR('',#8965,1.);
#8965 = DIRECTION('',(-1.,1.224646799147E-16,0.));
#8966 = PLANE('',#8967);
#8967 = AXIS2_PLACEMENT_3D('',#8968,#8969,#8970);
#8968 = CARTESIAN_POINT('',(2.25,-0.25,2.85));
#8969 = DIRECTION('',(0.,0.,1.));
#8970 = DIRECTION('',(-1.224646799147E-16,-1.,0.));
#8971 = ADVANCED_FACE('',(#8972,#8978),#9012,.F.);
#8972 = FACE_BOUND('',#8973,.F.);
#8973 = EDGE_LOOP('',(#8974,#8975,#8976,#8977));
#8974 = ORIENTED_EDGE('',*,*,#8154,.T.);
#8975 = ORIENTED_EDGE('',*,*,#8172,.T.);
#8976 = ORIENTED_EDGE('',*,*,#8575,.F.);
#8977 = ORIENTED_EDGE('',*,*,#8037,.F.);
#8978 = FACE_BOUND('',#8979,.F.);
#8979 = EDGE_LOOP('',(#8980,#8990,#8998,#9006));
#8980 = ORIENTED_EDGE('',*,*,#8981,.T.);
#8981 = EDGE_CURVE('',#8982,#8984,#8986,.T.);
#8982 = VERTEX_POINT('',#8983);
#8983 = CARTESIAN_POINT('',(2.25,-0.35,3.35));
#8984 = VERTEX_POINT('',#8985);
#8985 = CARTESIAN_POINT('',(2.25,-0.35,2.85));
#8986 = LINE('',#8987,#8988);
#8987 = CARTESIAN_POINT('',(2.25,-0.35,2.451106711288));
#8988 = VECTOR('',#8989,1.);
#8989 = DIRECTION('',(-1.359631073447E-32,-1.110223024625E-16,-1.));
#8990 = ORIENTED_EDGE('',*,*,#8991,.T.);
#8991 = EDGE_CURVE('',#8984,#8992,#8994,.T.);
#8992 = VERTEX_POINT('',#8993);
#8993 = CARTESIAN_POINT('',(1.75,-0.35,2.85));
#8994 = LINE('',#8995,#8996);
#8995 = CARTESIAN_POINT('',(2.5,-0.35,2.85));
#8996 = VECTOR('',#8997,1.);
#8997 = DIRECTION('',(-1.,1.224646799147E-16,0.));
#8998 = ORIENTED_EDGE('',*,*,#8999,.F.);
#8999 = EDGE_CURVE('',#9000,#8992,#9002,.T.);
#9000 = VERTEX_POINT('',#9001);
#9001 = CARTESIAN_POINT('',(1.75,-0.35,3.35));
#9002 = LINE('',#9003,#9004);
#9003 = CARTESIAN_POINT('',(1.75,-0.35,2.451106711288));
#9004 = VECTOR('',#9005,1.);
#9005 = DIRECTION('',(-1.359631073447E-32,-1.110223024625E-16,-1.));
#9006 = ORIENTED_EDGE('',*,*,#9007,.T.);
#9007 = EDGE_CURVE('',#9000,#8982,#9008,.T.);
#9008 = LINE('',#9009,#9010);
#9009 = CARTESIAN_POINT('',(2.5,-0.35,3.35));
#9010 = VECTOR('',#9011,1.);
#9011 = DIRECTION('',(1.,-1.224646799147E-16,0.));
#9012 = PLANE('',#9013);
#9013 = AXIS2_PLACEMENT_3D('',#9014,#9015,#9016);
#9014 = CARTESIAN_POINT('',(2.75,-0.35,3.6));
#9015 = DIRECTION('',(-1.224646799147E-16,-1.,1.110223024625E-16));
#9016 = DIRECTION('',(-1.359631073447E-32,-1.110223024625E-16,-1.));
#9017 = ADVANCED_FACE('',(#9018,#9024),#9058,.F.);
#9018 = FACE_BOUND('',#9019,.F.);
#9019 = EDGE_LOOP('',(#9020,#9021,#9022,#9023));
#9020 = ORIENTED_EDGE('',*,*,#8277,.T.);
#9021 = ORIENTED_EDGE('',*,*,#8535,.T.);
#9022 = ORIENTED_EDGE('',*,*,#8558,.F.);
#9023 = ORIENTED_EDGE('',*,*,#8227,.F.);
#9024 = FACE_BOUND('',#9025,.F.);
#9025 = EDGE_LOOP('',(#9026,#9036,#9044,#9052));
#9026 = ORIENTED_EDGE('',*,*,#9027,.T.);
#9027 = EDGE_CURVE('',#9028,#9030,#9032,.T.);
#9028 = VERTEX_POINT('',#9029);
#9029 = CARTESIAN_POINT('',(0.25,-0.35,3.35));
#9030 = VERTEX_POINT('',#9031);
#9031 = CARTESIAN_POINT('',(0.25,-0.35,2.85));
#9032 = LINE('',#9033,#9034);
#9033 = CARTESIAN_POINT('',(0.25,-0.35,2.451106711288));
#9034 = VECTOR('',#9035,1.);
#9035 = DIRECTION('',(-1.359631073447E-32,-1.110223024625E-16,-1.));
#9036 = ORIENTED_EDGE('',*,*,#9037,.T.);
#9037 = EDGE_CURVE('',#9030,#9038,#9040,.T.);
#9038 = VERTEX_POINT('',#9039);
#9039 = CARTESIAN_POINT('',(-0.25,-0.35,2.85));
#9040 = LINE('',#9041,#9042);
#9041 = CARTESIAN_POINT('',(0.5,-0.35,2.85));
#9042 = VECTOR('',#9043,1.);
#9043 = DIRECTION('',(-1.,1.224646799147E-16,0.));
#9044 = ORIENTED_EDGE('',*,*,#9045,.F.);
#9045 = EDGE_CURVE('',#9046,#9038,#9048,.T.);
#9046 = VERTEX_POINT('',#9047);
#9047 = CARTESIAN_POINT('',(-0.25,-0.35,3.35));
#9048 = LINE('',#9049,#9050);
#9049 = CARTESIAN_POINT('',(-0.25,-0.35,2.451106711288));
#9050 = VECTOR('',#9051,1.);
#9051 = DIRECTION('',(-1.359631073447E-32,-1.110223024625E-16,-1.));
#9052 = ORIENTED_EDGE('',*,*,#9053,.T.);
#9053 = EDGE_CURVE('',#9046,#9028,#9054,.T.);
#9054 = LINE('',#9055,#9056);
#9055 = CARTESIAN_POINT('',(0.5,-0.35,3.35));
#9056 = VECTOR('',#9057,1.);
#9057 = DIRECTION('',(1.,-1.224646799147E-16,0.));
#9058 = PLANE('',#9059);
#9059 = AXIS2_PLACEMENT_3D('',#9060,#9061,#9062);
#9060 = CARTESIAN_POINT('',(0.75,-0.35,3.6));
#9061 = DIRECTION('',(-1.224646799147E-16,-1.,1.110223024625E-16));
#9062 = DIRECTION('',(-1.359631073447E-32,-1.110223024625E-16,-1.));
#9063 = ADVANCED_FACE('',(#9064),#9075,.F.);
#9064 = FACE_BOUND('',#9065,.F.);
#9065 = EDGE_LOOP('',(#9066,#9072,#9073,#9074));
#9066 = ORIENTED_EDGE('',*,*,#9067,.T.);
#9067 = EDGE_CURVE('',#8334,#8396,#9068,.T.);
#9068 = LINE('',#9069,#9070);
#9069 = CARTESIAN_POINT('',(-0.95,-4.45,4.85));
#9070 = VECTOR('',#9071,1.);
#9071 = DIRECTION('',(-1.224646799147E-16,-1.,1.110223024625E-16));
#9072 = ORIENTED_EDGE('',*,*,#8403,.T.);
#9073 = ORIENTED_EDGE('',*,*,#8723,.F.);
#9074 = ORIENTED_EDGE('',*,*,#8333,.F.);
#9075 = PLANE('',#9076);
#9076 = AXIS2_PLACEMENT_3D('',#9077,#9078,#9079);
#9077 = CARTESIAN_POINT('',(-0.95,-4.45,4.85));
#9078 = DIRECTION('',(1.,-1.224646799147E-16,0.));
#9079 = DIRECTION('',(-1.359631073446E-32,-1.110223024625E-16,-1.));
#9080 = ADVANCED_FACE('',(#9081),#9087,.F.);
#9081 = FACE_BOUND('',#9082,.F.);
#9082 = EDGE_LOOP('',(#9083,#9084,#9085,#9086));
#9083 = ORIENTED_EDGE('',*,*,#8372,.T.);
#9084 = ORIENTED_EDGE('',*,*,#8395,.T.);
#9085 = ORIENTED_EDGE('',*,*,#9067,.F.);
#9086 = ORIENTED_EDGE('',*,*,#8341,.F.);
#9087 = PLANE('',#9088);
#9088 = AXIS2_PLACEMENT_3D('',#9089,#9090,#9091);
#9089 = CARTESIAN_POINT('',(-0.45,-4.45,4.85));
#9090 = DIRECTION('',(-1.359631073447E-32,-1.110223024625E-16,-1.));
#9091 = DIRECTION('',(-1.,1.224646799147E-16,6.927121900793E-45));
#9092 = ADVANCED_FACE('',(#9093),#9118,.T.);
#9093 = FACE_BOUND('',#9094,.T.);
#9094 = EDGE_LOOP('',(#9095,#9103,#9104,#9112));
#9095 = ORIENTED_EDGE('',*,*,#9096,.F.);
#9096 = EDGE_CURVE('',#8784,#9097,#9099,.T.);
#9097 = VERTEX_POINT('',#9098);
#9098 = CARTESIAN_POINT('',(5.E-02,-5.75,3.05));
#9099 = LINE('',#9100,#9101);
#9100 = CARTESIAN_POINT('',(0.183333333333,-5.616666666667,
    2.916666666667));
#9101 = VECTOR('',#9102,1.);
#9102 = DIRECTION('',(-0.57735026919,-0.57735026919,0.57735026919));
#9103 = ORIENTED_EDGE('',*,*,#8783,.T.);
#9104 = ORIENTED_EDGE('',*,*,#9105,.F.);
#9105 = EDGE_CURVE('',#9106,#8786,#9108,.T.);
#9106 = VERTEX_POINT('',#9107);
#9107 = CARTESIAN_POINT('',(5.E-02,-5.75,3.15));
#9108 = LINE('',#9109,#9110);
#9109 = CARTESIAN_POINT('',(0.1,-5.7,3.2));
#9110 = VECTOR('',#9111,1.);
#9111 = DIRECTION('',(0.57735026919,0.57735026919,0.57735026919));
#9112 = ORIENTED_EDGE('',*,*,#9113,.F.);
#9113 = EDGE_CURVE('',#9097,#9106,#9114,.T.);
#9114 = LINE('',#9115,#9116);
#9115 = CARTESIAN_POINT('',(5.E-02,-5.75,2.85));
#9116 = VECTOR('',#9117,1.);
#9117 = DIRECTION('',(0.,0.,1.));
#9118 = PLANE('',#9119);
#9119 = AXIS2_PLACEMENT_3D('',#9120,#9121,#9122);
#9120 = CARTESIAN_POINT('',(0.15,-5.65,2.85));
#9121 = DIRECTION('',(0.707106781187,-0.707106781187,-1.735417226644E-18
    ));
#9122 = DIRECTION('',(1.227125289148E-18,-1.227125289148E-18,1.));
#9123 = ADVANCED_FACE('',(#9124),#9142,.T.);
#9124 = FACE_BOUND('',#9125,.F.);
#9125 = EDGE_LOOP('',(#9126,#9127,#9135,#9141));
#9126 = ORIENTED_EDGE('',*,*,#9105,.F.);
#9127 = ORIENTED_EDGE('',*,*,#9128,.T.);
#9128 = EDGE_CURVE('',#9106,#9129,#9131,.T.);
#9129 = VERTEX_POINT('',#9130);
#9130 = CARTESIAN_POINT('',(-5.E-02,-5.75,3.15));
#9131 = LINE('',#9132,#9133);
#9132 = CARTESIAN_POINT('',(0.25,-5.75,3.15));
#9133 = VECTOR('',#9134,1.);
#9134 = DIRECTION('',(-1.,1.224646799147E-16,0.));
#9135 = ORIENTED_EDGE('',*,*,#9136,.F.);
#9136 = EDGE_CURVE('',#8816,#9129,#9137,.T.);
#9137 = LINE('',#9138,#9139);
#9138 = CARTESIAN_POINT('',(-1.666666666667E-02,-5.783333333333,
    3.116666666667));
#9139 = VECTOR('',#9140,1.);
#9140 = DIRECTION('',(0.57735026919,-0.57735026919,-0.57735026919));
#9141 = ORIENTED_EDGE('',*,*,#8815,.F.);
#9142 = PLANE('',#9143);
#9143 = AXIS2_PLACEMENT_3D('',#9144,#9145,#9146);
#9144 = CARTESIAN_POINT('',(0.25,-5.65,3.25));
#9145 = DIRECTION('',(-8.659560562349E-17,-0.707106781187,0.707106781187
    ));
#9146 = DIRECTION('',(1.,-1.224646799147E-16,-2.105273685727E-29));
#9147 = ADVANCED_FACE('',(#9148),#9166,.F.);
#9148 = FACE_BOUND('',#9149,.F.);
#9149 = EDGE_LOOP('',(#9150,#9158,#9159,#9160));
#9150 = ORIENTED_EDGE('',*,*,#9151,.F.);
#9151 = EDGE_CURVE('',#8839,#9152,#9154,.T.);
#9152 = VERTEX_POINT('',#9153);
#9153 = CARTESIAN_POINT('',(-5.E-02,-5.75,3.05));
#9154 = LINE('',#9155,#9156);
#9155 = CARTESIAN_POINT('',(-0.1,-5.7,3.));
#9156 = VECTOR('',#9157,1.);
#9157 = DIRECTION('',(0.57735026919,-0.57735026919,0.57735026919));
#9158 = ORIENTED_EDGE('',*,*,#8838,.T.);
#9159 = ORIENTED_EDGE('',*,*,#9136,.T.);
#9160 = ORIENTED_EDGE('',*,*,#9161,.F.);
#9161 = EDGE_CURVE('',#9152,#9129,#9162,.T.);
#9162 = LINE('',#9163,#9164);
#9163 = CARTESIAN_POINT('',(-5.E-02,-5.75,2.85));
#9164 = VECTOR('',#9165,1.);
#9165 = DIRECTION('',(0.,0.,1.));
#9166 = PLANE('',#9167);
#9167 = AXIS2_PLACEMENT_3D('',#9168,#9169,#9170);
#9168 = CARTESIAN_POINT('',(-0.15,-5.65,2.85));
#9169 = DIRECTION('',(0.707106781187,0.707106781187,1.735417226644E-18)
  );
#9170 = DIRECTION('',(-1.227125289148E-18,-1.227125289148E-18,1.));
#9171 = ADVANCED_FACE('',(#9172),#9183,.T.);
#9172 = FACE_BOUND('',#9173,.F.);
#9173 = EDGE_LOOP('',(#9174,#9175,#9176,#9177));
#9174 = ORIENTED_EDGE('',*,*,#9096,.F.);
#9175 = ORIENTED_EDGE('',*,*,#8865,.T.);
#9176 = ORIENTED_EDGE('',*,*,#9151,.T.);
#9177 = ORIENTED_EDGE('',*,*,#9178,.F.);
#9178 = EDGE_CURVE('',#9097,#9152,#9179,.T.);
#9179 = LINE('',#9180,#9181);
#9180 = CARTESIAN_POINT('',(0.25,-5.75,3.05));
#9181 = VECTOR('',#9182,1.);
#9182 = DIRECTION('',(-1.,1.224646799147E-16,0.));
#9183 = PLANE('',#9184);
#9184 = AXIS2_PLACEMENT_3D('',#9185,#9186,#9187);
#9185 = CARTESIAN_POINT('',(0.25,-5.65,2.95));
#9186 = DIRECTION('',(-8.659560562349E-17,-0.707106781187,
    -0.707106781187));
#9187 = DIRECTION('',(1.,-1.224646799147E-16,2.105273685727E-29));
#9188 = ADVANCED_FACE('',(#9189),#9214,.T.);
#9189 = FACE_BOUND('',#9190,.T.);
#9190 = EDGE_LOOP('',(#9191,#9199,#9200,#9208));
#9191 = ORIENTED_EDGE('',*,*,#9192,.F.);
#9192 = EDGE_CURVE('',#8880,#9193,#9195,.T.);
#9193 = VERTEX_POINT('',#9194);
#9194 = CARTESIAN_POINT('',(2.05,-5.75,3.05));
#9195 = LINE('',#9196,#9197);
#9196 = CARTESIAN_POINT('',(2.183333333333,-5.616666666667,
    2.916666666667));
#9197 = VECTOR('',#9198,1.);
#9198 = DIRECTION('',(-0.57735026919,-0.57735026919,0.57735026919));
#9199 = ORIENTED_EDGE('',*,*,#8879,.T.);
#9200 = ORIENTED_EDGE('',*,*,#9201,.F.);
#9201 = EDGE_CURVE('',#9202,#8882,#9204,.T.);
#9202 = VERTEX_POINT('',#9203);
#9203 = CARTESIAN_POINT('',(2.05,-5.75,3.15));
#9204 = LINE('',#9205,#9206);
#9205 = CARTESIAN_POINT('',(2.1,-5.7,3.2));
#9206 = VECTOR('',#9207,1.);
#9207 = DIRECTION('',(0.57735026919,0.57735026919,0.57735026919));
#9208 = ORIENTED_EDGE('',*,*,#9209,.F.);
#9209 = EDGE_CURVE('',#9193,#9202,#9210,.T.);
#9210 = LINE('',#9211,#9212);
#9211 = CARTESIAN_POINT('',(2.05,-5.75,2.85));
#9212 = VECTOR('',#9213,1.);
#9213 = DIRECTION('',(0.,0.,1.));
#9214 = PLANE('',#9215);
#9215 = AXIS2_PLACEMENT_3D('',#9216,#9217,#9218);
#9216 = CARTESIAN_POINT('',(2.15,-5.65,2.85));
#9217 = DIRECTION('',(0.707106781187,-0.707106781187,-1.735417226644E-18
    ));
#9218 = DIRECTION('',(1.227125289148E-18,-1.227125289148E-18,1.));
#9219 = ADVANCED_FACE('',(#9220),#9238,.T.);
#9220 = FACE_BOUND('',#9221,.F.);
#9221 = EDGE_LOOP('',(#9222,#9223,#9231,#9237));
#9222 = ORIENTED_EDGE('',*,*,#9201,.F.);
#9223 = ORIENTED_EDGE('',*,*,#9224,.T.);
#9224 = EDGE_CURVE('',#9202,#9225,#9227,.T.);
#9225 = VERTEX_POINT('',#9226);
#9226 = CARTESIAN_POINT('',(1.95,-5.75,3.15));
#9227 = LINE('',#9228,#9229);
#9228 = CARTESIAN_POINT('',(2.25,-5.75,3.15));
#9229 = VECTOR('',#9230,1.);
#9230 = DIRECTION('',(-1.,1.224646799147E-16,0.));
#9231 = ORIENTED_EDGE('',*,*,#9232,.F.);
#9232 = EDGE_CURVE('',#8912,#9225,#9233,.T.);
#9233 = LINE('',#9234,#9235);
#9234 = CARTESIAN_POINT('',(1.983333333333,-5.783333333333,
    3.116666666667));
#9235 = VECTOR('',#9236,1.);
#9236 = DIRECTION('',(0.57735026919,-0.57735026919,-0.57735026919));
#9237 = ORIENTED_EDGE('',*,*,#8911,.F.);
#9238 = PLANE('',#9239);
#9239 = AXIS2_PLACEMENT_3D('',#9240,#9241,#9242);
#9240 = CARTESIAN_POINT('',(2.25,-5.65,3.25));
#9241 = DIRECTION('',(-8.659560562349E-17,-0.707106781187,0.707106781187
    ));
#9242 = DIRECTION('',(1.,-1.224646799147E-16,-2.105273685727E-29));
#9243 = ADVANCED_FACE('',(#9244),#9262,.F.);
#9244 = FACE_BOUND('',#9245,.F.);
#9245 = EDGE_LOOP('',(#9246,#9254,#9255,#9256));
#9246 = ORIENTED_EDGE('',*,*,#9247,.F.);
#9247 = EDGE_CURVE('',#8935,#9248,#9250,.T.);
#9248 = VERTEX_POINT('',#9249);
#9249 = CARTESIAN_POINT('',(1.95,-5.75,3.05));
#9250 = LINE('',#9251,#9252);
#9251 = CARTESIAN_POINT('',(1.9,-5.7,3.));
#9252 = VECTOR('',#9253,1.);
#9253 = DIRECTION('',(0.57735026919,-0.57735026919,0.57735026919));
#9254 = ORIENTED_EDGE('',*,*,#8934,.T.);
#9255 = ORIENTED_EDGE('',*,*,#9232,.T.);
#9256 = ORIENTED_EDGE('',*,*,#9257,.F.);
#9257 = EDGE_CURVE('',#9248,#9225,#9258,.T.);
#9258 = LINE('',#9259,#9260);
#9259 = CARTESIAN_POINT('',(1.95,-5.75,2.85));
#9260 = VECTOR('',#9261,1.);
#9261 = DIRECTION('',(0.,0.,1.));
#9262 = PLANE('',#9263);
#9263 = AXIS2_PLACEMENT_3D('',#9264,#9265,#9266);
#9264 = CARTESIAN_POINT('',(1.85,-5.65,2.85));
#9265 = DIRECTION('',(0.707106781187,0.707106781187,1.735417226644E-18)
  );
#9266 = DIRECTION('',(-1.227125289148E-18,-1.227125289148E-18,1.));
#9267 = ADVANCED_FACE('',(#9268),#9279,.T.);
#9268 = FACE_BOUND('',#9269,.F.);
#9269 = EDGE_LOOP('',(#9270,#9271,#9272,#9273));
#9270 = ORIENTED_EDGE('',*,*,#9192,.F.);
#9271 = ORIENTED_EDGE('',*,*,#8961,.T.);
#9272 = ORIENTED_EDGE('',*,*,#9247,.T.);
#9273 = ORIENTED_EDGE('',*,*,#9274,.F.);
#9274 = EDGE_CURVE('',#9193,#9248,#9275,.T.);
#9275 = LINE('',#9276,#9277);
#9276 = CARTESIAN_POINT('',(2.25,-5.75,3.05));
#9277 = VECTOR('',#9278,1.);
#9278 = DIRECTION('',(-1.,1.224646799147E-16,0.));
#9279 = PLANE('',#9280);
#9280 = AXIS2_PLACEMENT_3D('',#9281,#9282,#9283);
#9281 = CARTESIAN_POINT('',(2.25,-5.65,2.95));
#9282 = DIRECTION('',(-8.659560562349E-17,-0.707106781187,
    -0.707106781187));
#9283 = DIRECTION('',(1.,-1.224646799147E-16,2.105273685727E-29));
#9284 = ADVANCED_FACE('',(#9285),#9376,.F.);
#9285 = FACE_BOUND('',#9286,.F.);
#9286 = EDGE_LOOP('',(#9287,#9288,#9296,#9305,#9313,#9321,#9329,#9337,
    #9345,#9353,#9361,#9370));
#9287 = ORIENTED_EDGE('',*,*,#8981,.F.);
#9288 = ORIENTED_EDGE('',*,*,#9289,.T.);
#9289 = EDGE_CURVE('',#8982,#9290,#9292,.T.);
#9290 = VERTEX_POINT('',#9291);
#9291 = CARTESIAN_POINT('',(2.25,-0.3,3.35));
#9292 = LINE('',#9293,#9294);
#9293 = CARTESIAN_POINT('',(2.25,-5.75,3.35));
#9294 = VECTOR('',#9295,1.);
#9295 = DIRECTION('',(1.224646799147E-16,1.,0.));
#9296 = ORIENTED_EDGE('',*,*,#9297,.T.);
#9297 = EDGE_CURVE('',#9290,#9298,#9300,.T.);
#9298 = VERTEX_POINT('',#9299);
#9299 = CARTESIAN_POINT('',(2.25,0.25,2.8));
#9300 = CIRCLE('',#9301,0.55);
#9301 = AXIS2_PLACEMENT_3D('',#9302,#9303,#9304);
#9302 = CARTESIAN_POINT('',(2.25,-0.3,2.8));
#9303 = DIRECTION('',(-1.,1.224646799147E-16,0.));
#9304 = DIRECTION('',(0.,0.,1.));
#9305 = ORIENTED_EDGE('',*,*,#9306,.T.);
#9306 = EDGE_CURVE('',#9298,#9307,#9309,.T.);
#9307 = VERTEX_POINT('',#9308);
#9308 = CARTESIAN_POINT('',(2.25,0.25,-0.9));
#9309 = LINE('',#9310,#9311);
#9310 = CARTESIAN_POINT('',(2.25,0.25,3.35));
#9311 = VECTOR('',#9312,1.);
#9312 = DIRECTION('',(-0.,0.,-1.));
#9313 = ORIENTED_EDGE('',*,*,#9314,.T.);
#9314 = EDGE_CURVE('',#9307,#9315,#9317,.T.);
#9315 = VERTEX_POINT('',#9316);
#9316 = CARTESIAN_POINT('',(2.25,-5.E-02,-1.5));
#9317 = LINE('',#9318,#9319);
#9318 = CARTESIAN_POINT('',(2.25,0.25,-0.9));
#9319 = VECTOR('',#9320,1.);
#9320 = DIRECTION('',(-5.476786982641E-17,-0.4472135955,-0.894427191));
#9321 = ORIENTED_EDGE('',*,*,#9322,.T.);
#9322 = EDGE_CURVE('',#9315,#9323,#9325,.T.);
#9323 = VERTEX_POINT('',#9324);
#9324 = CARTESIAN_POINT('',(2.25,0.218421052632,-3.2));
#9325 = LINE('',#9326,#9327);
#9326 = CARTESIAN_POINT('',(2.25,-5.E-02,-1.5));
#9327 = VECTOR('',#9328,1.);
#9328 = DIRECTION('',(1.909990663905E-17,0.155962573473,-0.987762965329)
  );
#9329 = ORIENTED_EDGE('',*,*,#9330,.T.);
#9330 = EDGE_CURVE('',#9323,#9331,#9333,.T.);
#9331 = VERTEX_POINT('',#9332);
#9332 = CARTESIAN_POINT('',(2.25,-0.281578947368,-3.2));
#9333 = LINE('',#9334,#9335);
#9334 = CARTESIAN_POINT('',(2.25,0.25,-3.2));
#9335 = VECTOR('',#9336,1.);
#9336 = DIRECTION('',(-1.224646799147E-16,-1.,0.));
#9337 = ORIENTED_EDGE('',*,*,#9338,.T.);
#9338 = EDGE_CURVE('',#9331,#9339,#9341,.T.);
#9339 = VERTEX_POINT('',#9340);
#9340 = CARTESIAN_POINT('',(2.25,-0.55,-1.5));
#9341 = LINE('',#9342,#9343);
#9342 = CARTESIAN_POINT('',(2.25,-0.25,-3.4));
#9343 = VECTOR('',#9344,1.);
#9344 = DIRECTION('',(-1.909990663905E-17,-0.155962573473,0.987762965329
    ));
#9345 = ORIENTED_EDGE('',*,*,#9346,.T.);
#9346 = EDGE_CURVE('',#9339,#9347,#9349,.T.);
#9347 = VERTEX_POINT('',#9348);
#9348 = CARTESIAN_POINT('',(2.25,-0.25,-0.9));
#9349 = LINE('',#9350,#9351);
#9350 = CARTESIAN_POINT('',(2.25,-0.55,-1.5));
#9351 = VECTOR('',#9352,1.);
#9352 = DIRECTION('',(5.476786982641E-17,0.4472135955,0.894427191));
#9353 = ORIENTED_EDGE('',*,*,#9354,.T.);
#9354 = EDGE_CURVE('',#9347,#9355,#9357,.T.);
#9355 = VERTEX_POINT('',#9356);
#9356 = CARTESIAN_POINT('',(2.25,-0.25,2.8));
#9357 = LINE('',#9358,#9359);
#9358 = CARTESIAN_POINT('',(2.25,-0.25,-0.9));
#9359 = VECTOR('',#9360,1.);
#9360 = DIRECTION('',(0.,0.,1.));
#9361 = ORIENTED_EDGE('',*,*,#9362,.F.);
#9362 = EDGE_CURVE('',#9363,#9355,#9365,.T.);
#9363 = VERTEX_POINT('',#9364);
#9364 = CARTESIAN_POINT('',(2.25,-0.3,2.85));
#9365 = CIRCLE('',#9366,5.E-02);
#9366 = AXIS2_PLACEMENT_3D('',#9367,#9368,#9369);
#9367 = CARTESIAN_POINT('',(2.25,-0.3,2.8));
#9368 = DIRECTION('',(-1.,1.224646799147E-16,0.));
#9369 = DIRECTION('',(0.,0.,1.));
#9370 = ORIENTED_EDGE('',*,*,#9371,.T.);
#9371 = EDGE_CURVE('',#9363,#8984,#9372,.T.);
#9372 = LINE('',#9373,#9374);
#9373 = CARTESIAN_POINT('',(2.25,-0.25,2.85));
#9374 = VECTOR('',#9375,1.);
#9375 = DIRECTION('',(-1.224646799147E-16,-1.,0.));
#9376 = PLANE('',#9377);
#9377 = AXIS2_PLACEMENT_3D('',#9378,#9379,#9380);
#9378 = CARTESIAN_POINT('',(2.25,-1.421959173294,1.302213422577));
#9379 = DIRECTION('',(-1.,1.224646799147E-16,0.));
#9380 = DIRECTION('',(0.,0.,1.));
#9381 = ADVANCED_FACE('',(#9382),#9400,.F.);
#9382 = FACE_BOUND('',#9383,.F.);
#9383 = EDGE_LOOP('',(#9384,#9385,#9386,#9394));
#9384 = ORIENTED_EDGE('',*,*,#9289,.F.);
#9385 = ORIENTED_EDGE('',*,*,#9007,.F.);
#9386 = ORIENTED_EDGE('',*,*,#9387,.T.);
#9387 = EDGE_CURVE('',#9000,#9388,#9390,.T.);
#9388 = VERTEX_POINT('',#9389);
#9389 = CARTESIAN_POINT('',(1.75,-0.3,3.35));
#9390 = LINE('',#9391,#9392);
#9391 = CARTESIAN_POINT('',(1.75,-5.75,3.35));
#9392 = VECTOR('',#9393,1.);
#9393 = DIRECTION('',(1.224646799147E-16,1.,0.));
#9394 = ORIENTED_EDGE('',*,*,#9395,.F.);
#9395 = EDGE_CURVE('',#9290,#9388,#9396,.T.);
#9396 = LINE('',#9397,#9398);
#9397 = CARTESIAN_POINT('',(2.25,-0.3,3.35));
#9398 = VECTOR('',#9399,1.);
#9399 = DIRECTION('',(-1.,1.224646799147E-16,0.));
#9400 = PLANE('',#9401);
#9401 = AXIS2_PLACEMENT_3D('',#9402,#9403,#9404);
#9402 = CARTESIAN_POINT('',(2.25,-5.75,3.35));
#9403 = DIRECTION('',(-0.,0.,-1.));
#9404 = DIRECTION('',(1.224646799147E-16,1.,0.));
#9405 = ADVANCED_FACE('',(#9406),#9490,.T.);
#9406 = FACE_BOUND('',#9407,.T.);
#9407 = EDGE_LOOP('',(#9408,#9409,#9410,#9419,#9427,#9435,#9443,#9451,
    #9459,#9467,#9475,#9484));
#9408 = ORIENTED_EDGE('',*,*,#8999,.F.);
#9409 = ORIENTED_EDGE('',*,*,#9387,.T.);
#9410 = ORIENTED_EDGE('',*,*,#9411,.T.);
#9411 = EDGE_CURVE('',#9388,#9412,#9414,.T.);
#9412 = VERTEX_POINT('',#9413);
#9413 = CARTESIAN_POINT('',(1.75,0.25,2.8));
#9414 = CIRCLE('',#9415,0.55);
#9415 = AXIS2_PLACEMENT_3D('',#9416,#9417,#9418);
#9416 = CARTESIAN_POINT('',(1.75,-0.3,2.8));
#9417 = DIRECTION('',(-1.,1.224646799147E-16,0.));
#9418 = DIRECTION('',(0.,0.,1.));
#9419 = ORIENTED_EDGE('',*,*,#9420,.T.);
#9420 = EDGE_CURVE('',#9412,#9421,#9423,.T.);
#9421 = VERTEX_POINT('',#9422);
#9422 = CARTESIAN_POINT('',(1.75,0.25,-0.9));
#9423 = LINE('',#9424,#9425);
#9424 = CARTESIAN_POINT('',(1.75,0.25,3.35));
#9425 = VECTOR('',#9426,1.);
#9426 = DIRECTION('',(-0.,0.,-1.));
#9427 = ORIENTED_EDGE('',*,*,#9428,.T.);
#9428 = EDGE_CURVE('',#9421,#9429,#9431,.T.);
#9429 = VERTEX_POINT('',#9430);
#9430 = CARTESIAN_POINT('',(1.75,-5.E-02,-1.5));
#9431 = LINE('',#9432,#9433);
#9432 = CARTESIAN_POINT('',(1.75,0.25,-0.9));
#9433 = VECTOR('',#9434,1.);
#9434 = DIRECTION('',(-5.476786982641E-17,-0.4472135955,-0.894427191));
#9435 = ORIENTED_EDGE('',*,*,#9436,.T.);
#9436 = EDGE_CURVE('',#9429,#9437,#9439,.T.);
#9437 = VERTEX_POINT('',#9438);
#9438 = CARTESIAN_POINT('',(1.75,0.218421052632,-3.2));
#9439 = LINE('',#9440,#9441);
#9440 = CARTESIAN_POINT('',(1.75,-5.E-02,-1.5));
#9441 = VECTOR('',#9442,1.);
#9442 = DIRECTION('',(1.909990663905E-17,0.155962573473,-0.987762965329)
  );
#9443 = ORIENTED_EDGE('',*,*,#9444,.T.);
#9444 = EDGE_CURVE('',#9437,#9445,#9447,.T.);
#9445 = VERTEX_POINT('',#9446);
#9446 = CARTESIAN_POINT('',(1.75,-0.281578947368,-3.2));
#9447 = LINE('',#9448,#9449);
#9448 = CARTESIAN_POINT('',(1.75,0.25,-3.2));
#9449 = VECTOR('',#9450,1.);
#9450 = DIRECTION('',(-1.224646799147E-16,-1.,0.));
#9451 = ORIENTED_EDGE('',*,*,#9452,.T.);
#9452 = EDGE_CURVE('',#9445,#9453,#9455,.T.);
#9453 = VERTEX_POINT('',#9454);
#9454 = CARTESIAN_POINT('',(1.75,-0.55,-1.5));
#9455 = LINE('',#9456,#9457);
#9456 = CARTESIAN_POINT('',(1.75,-0.25,-3.4));
#9457 = VECTOR('',#9458,1.);
#9458 = DIRECTION('',(-1.909990663905E-17,-0.155962573473,0.987762965329
    ));
#9459 = ORIENTED_EDGE('',*,*,#9460,.T.);
#9460 = EDGE_CURVE('',#9453,#9461,#9463,.T.);
#9461 = VERTEX_POINT('',#9462);
#9462 = CARTESIAN_POINT('',(1.75,-0.25,-0.9));
#9463 = LINE('',#9464,#9465);
#9464 = CARTESIAN_POINT('',(1.75,-0.55,-1.5));
#9465 = VECTOR('',#9466,1.);
#9466 = DIRECTION('',(5.476786982641E-17,0.4472135955,0.894427191));
#9467 = ORIENTED_EDGE('',*,*,#9468,.T.);
#9468 = EDGE_CURVE('',#9461,#9469,#9471,.T.);
#9469 = VERTEX_POINT('',#9470);
#9470 = CARTESIAN_POINT('',(1.75,-0.25,2.8));
#9471 = LINE('',#9472,#9473);
#9472 = CARTESIAN_POINT('',(1.75,-0.25,-0.9));
#9473 = VECTOR('',#9474,1.);
#9474 = DIRECTION('',(0.,0.,1.));
#9475 = ORIENTED_EDGE('',*,*,#9476,.F.);
#9476 = EDGE_CURVE('',#9477,#9469,#9479,.T.);
#9477 = VERTEX_POINT('',#9478);
#9478 = CARTESIAN_POINT('',(1.75,-0.3,2.85));
#9479 = CIRCLE('',#9480,5.E-02);
#9480 = AXIS2_PLACEMENT_3D('',#9481,#9482,#9483);
#9481 = CARTESIAN_POINT('',(1.75,-0.3,2.8));
#9482 = DIRECTION('',(-1.,1.224646799147E-16,0.));
#9483 = DIRECTION('',(0.,0.,1.));
#9484 = ORIENTED_EDGE('',*,*,#9485,.T.);
#9485 = EDGE_CURVE('',#9477,#8992,#9486,.T.);
#9486 = LINE('',#9487,#9488);
#9487 = CARTESIAN_POINT('',(1.75,-0.25,2.85));
#9488 = VECTOR('',#9489,1.);
#9489 = DIRECTION('',(-1.224646799147E-16,-1.,0.));
#9490 = PLANE('',#9491);
#9491 = AXIS2_PLACEMENT_3D('',#9492,#9493,#9494);
#9492 = CARTESIAN_POINT('',(1.75,-1.421959173294,1.302213422577));
#9493 = DIRECTION('',(-1.,1.224646799147E-16,0.));
#9494 = DIRECTION('',(0.,0.,1.));
#9495 = ADVANCED_FACE('',(#9496),#9507,.F.);
#9496 = FACE_BOUND('',#9497,.F.);
#9497 = EDGE_LOOP('',(#9498,#9499,#9505,#9506));
#9498 = ORIENTED_EDGE('',*,*,#9371,.F.);
#9499 = ORIENTED_EDGE('',*,*,#9500,.T.);
#9500 = EDGE_CURVE('',#9363,#9477,#9501,.T.);
#9501 = LINE('',#9502,#9503);
#9502 = CARTESIAN_POINT('',(2.25,-0.3,2.85));
#9503 = VECTOR('',#9504,1.);
#9504 = DIRECTION('',(-1.,1.224646799147E-16,0.));
#9505 = ORIENTED_EDGE('',*,*,#9485,.T.);
#9506 = ORIENTED_EDGE('',*,*,#8991,.F.);
#9507 = PLANE('',#9508);
#9508 = AXIS2_PLACEMENT_3D('',#9509,#9510,#9511);
#9509 = CARTESIAN_POINT('',(2.25,-0.25,2.85));
#9510 = DIRECTION('',(0.,0.,1.));
#9511 = DIRECTION('',(-1.224646799147E-16,-1.,0.));
#9512 = ADVANCED_FACE('',(#9513),#9604,.F.);
#9513 = FACE_BOUND('',#9514,.F.);
#9514 = EDGE_LOOP('',(#9515,#9516,#9524,#9533,#9541,#9549,#9557,#9565,
    #9573,#9581,#9589,#9598));
#9515 = ORIENTED_EDGE('',*,*,#9027,.F.);
#9516 = ORIENTED_EDGE('',*,*,#9517,.T.);
#9517 = EDGE_CURVE('',#9028,#9518,#9520,.T.);
#9518 = VERTEX_POINT('',#9519);
#9519 = CARTESIAN_POINT('',(0.25,-0.3,3.35));
#9520 = LINE('',#9521,#9522);
#9521 = CARTESIAN_POINT('',(0.25,-5.75,3.35));
#9522 = VECTOR('',#9523,1.);
#9523 = DIRECTION('',(1.224646799147E-16,1.,0.));
#9524 = ORIENTED_EDGE('',*,*,#9525,.T.);
#9525 = EDGE_CURVE('',#9518,#9526,#9528,.T.);
#9526 = VERTEX_POINT('',#9527);
#9527 = CARTESIAN_POINT('',(0.25,0.25,2.8));
#9528 = CIRCLE('',#9529,0.55);
#9529 = AXIS2_PLACEMENT_3D('',#9530,#9531,#9532);
#9530 = CARTESIAN_POINT('',(0.25,-0.3,2.8));
#9531 = DIRECTION('',(-1.,1.224646799147E-16,0.));
#9532 = DIRECTION('',(0.,0.,1.));
#9533 = ORIENTED_EDGE('',*,*,#9534,.T.);
#9534 = EDGE_CURVE('',#9526,#9535,#9537,.T.);
#9535 = VERTEX_POINT('',#9536);
#9536 = CARTESIAN_POINT('',(0.25,0.25,-0.9));
#9537 = LINE('',#9538,#9539);
#9538 = CARTESIAN_POINT('',(0.25,0.25,3.35));
#9539 = VECTOR('',#9540,1.);
#9540 = DIRECTION('',(-0.,0.,-1.));
#9541 = ORIENTED_EDGE('',*,*,#9542,.T.);
#9542 = EDGE_CURVE('',#9535,#9543,#9545,.T.);
#9543 = VERTEX_POINT('',#9544);
#9544 = CARTESIAN_POINT('',(0.25,-5.E-02,-1.5));
#9545 = LINE('',#9546,#9547);
#9546 = CARTESIAN_POINT('',(0.25,0.25,-0.9));
#9547 = VECTOR('',#9548,1.);
#9548 = DIRECTION('',(-5.476786982641E-17,-0.4472135955,-0.894427191));
#9549 = ORIENTED_EDGE('',*,*,#9550,.T.);
#9550 = EDGE_CURVE('',#9543,#9551,#9553,.T.);
#9551 = VERTEX_POINT('',#9552);
#9552 = CARTESIAN_POINT('',(0.25,0.218421052632,-3.2));
#9553 = LINE('',#9554,#9555);
#9554 = CARTESIAN_POINT('',(0.25,-5.E-02,-1.5));
#9555 = VECTOR('',#9556,1.);
#9556 = DIRECTION('',(1.909990663905E-17,0.155962573473,-0.987762965329)
  );
#9557 = ORIENTED_EDGE('',*,*,#9558,.T.);
#9558 = EDGE_CURVE('',#9551,#9559,#9561,.T.);
#9559 = VERTEX_POINT('',#9560);
#9560 = CARTESIAN_POINT('',(0.25,-0.281578947368,-3.2));
#9561 = LINE('',#9562,#9563);
#9562 = CARTESIAN_POINT('',(0.25,0.25,-3.2));
#9563 = VECTOR('',#9564,1.);
#9564 = DIRECTION('',(-1.224646799147E-16,-1.,0.));
#9565 = ORIENTED_EDGE('',*,*,#9566,.T.);
#9566 = EDGE_CURVE('',#9559,#9567,#9569,.T.);
#9567 = VERTEX_POINT('',#9568);
#9568 = CARTESIAN_POINT('',(0.25,-0.55,-1.5));
#9569 = LINE('',#9570,#9571);
#9570 = CARTESIAN_POINT('',(0.25,-0.25,-3.4));
#9571 = VECTOR('',#9572,1.);
#9572 = DIRECTION('',(-1.909990663905E-17,-0.155962573473,0.987762965329
    ));
#9573 = ORIENTED_EDGE('',*,*,#9574,.T.);
#9574 = EDGE_CURVE('',#9567,#9575,#9577,.T.);
#9575 = VERTEX_POINT('',#9576);
#9576 = CARTESIAN_POINT('',(0.25,-0.25,-0.9));
#9577 = LINE('',#9578,#9579);
#9578 = CARTESIAN_POINT('',(0.25,-0.55,-1.5));
#9579 = VECTOR('',#9580,1.);
#9580 = DIRECTION('',(5.476786982641E-17,0.4472135955,0.894427191));
#9581 = ORIENTED_EDGE('',*,*,#9582,.T.);
#9582 = EDGE_CURVE('',#9575,#9583,#9585,.T.);
#9583 = VERTEX_POINT('',#9584);
#9584 = CARTESIAN_POINT('',(0.25,-0.25,2.8));
#9585 = LINE('',#9586,#9587);
#9586 = CARTESIAN_POINT('',(0.25,-0.25,-0.9));
#9587 = VECTOR('',#9588,1.);
#9588 = DIRECTION('',(0.,0.,1.));
#9589 = ORIENTED_EDGE('',*,*,#9590,.F.);
#9590 = EDGE_CURVE('',#9591,#9583,#9593,.T.);
#9591 = VERTEX_POINT('',#9592);
#9592 = CARTESIAN_POINT('',(0.25,-0.3,2.85));
#9593 = CIRCLE('',#9594,5.E-02);
#9594 = AXIS2_PLACEMENT_3D('',#9595,#9596,#9597);
#9595 = CARTESIAN_POINT('',(0.25,-0.3,2.8));
#9596 = DIRECTION('',(-1.,1.224646799147E-16,0.));
#9597 = DIRECTION('',(0.,0.,1.));
#9598 = ORIENTED_EDGE('',*,*,#9599,.T.);
#9599 = EDGE_CURVE('',#9591,#9030,#9600,.T.);
#9600 = LINE('',#9601,#9602);
#9601 = CARTESIAN_POINT('',(0.25,-0.25,2.85));
#9602 = VECTOR('',#9603,1.);
#9603 = DIRECTION('',(-1.224646799147E-16,-1.,0.));
#9604 = PLANE('',#9605);
#9605 = AXIS2_PLACEMENT_3D('',#9606,#9607,#9608);
#9606 = CARTESIAN_POINT('',(0.25,-1.421959173294,1.302213422577));
#9607 = DIRECTION('',(-1.,1.224646799147E-16,0.));
#9608 = DIRECTION('',(0.,0.,1.));
#9609 = ADVANCED_FACE('',(#9610),#9628,.F.);
#9610 = FACE_BOUND('',#9611,.F.);
#9611 = EDGE_LOOP('',(#9612,#9613,#9614,#9622));
#9612 = ORIENTED_EDGE('',*,*,#9517,.F.);
#9613 = ORIENTED_EDGE('',*,*,#9053,.F.);
#9614 = ORIENTED_EDGE('',*,*,#9615,.T.);
#9615 = EDGE_CURVE('',#9046,#9616,#9618,.T.);
#9616 = VERTEX_POINT('',#9617);
#9617 = CARTESIAN_POINT('',(-0.25,-0.3,3.35));
#9618 = LINE('',#9619,#9620);
#9619 = CARTESIAN_POINT('',(-0.25,-5.75,3.35));
#9620 = VECTOR('',#9621,1.);
#9621 = DIRECTION('',(1.224646799147E-16,1.,0.));
#9622 = ORIENTED_EDGE('',*,*,#9623,.F.);
#9623 = EDGE_CURVE('',#9518,#9616,#9624,.T.);
#9624 = LINE('',#9625,#9626);
#9625 = CARTESIAN_POINT('',(0.25,-0.3,3.35));
#9626 = VECTOR('',#9627,1.);
#9627 = DIRECTION('',(-1.,1.224646799147E-16,0.));
#9628 = PLANE('',#9629);
#9629 = AXIS2_PLACEMENT_3D('',#9630,#9631,#9632);
#9630 = CARTESIAN_POINT('',(0.25,-5.75,3.35));
#9631 = DIRECTION('',(-0.,0.,-1.));
#9632 = DIRECTION('',(1.224646799147E-16,1.,0.));
#9633 = ADVANCED_FACE('',(#9634),#9718,.T.);
#9634 = FACE_BOUND('',#9635,.T.);
#9635 = EDGE_LOOP('',(#9636,#9637,#9638,#9647,#9655,#9663,#9671,#9679,
    #9687,#9695,#9703,#9712));
#9636 = ORIENTED_EDGE('',*,*,#9045,.F.);
#9637 = ORIENTED_EDGE('',*,*,#9615,.T.);
#9638 = ORIENTED_EDGE('',*,*,#9639,.T.);
#9639 = EDGE_CURVE('',#9616,#9640,#9642,.T.);
#9640 = VERTEX_POINT('',#9641);
#9641 = CARTESIAN_POINT('',(-0.25,0.25,2.8));
#9642 = CIRCLE('',#9643,0.55);
#9643 = AXIS2_PLACEMENT_3D('',#9644,#9645,#9646);
#9644 = CARTESIAN_POINT('',(-0.25,-0.3,2.8));
#9645 = DIRECTION('',(-1.,1.224646799147E-16,0.));
#9646 = DIRECTION('',(0.,0.,1.));
#9647 = ORIENTED_EDGE('',*,*,#9648,.T.);
#9648 = EDGE_CURVE('',#9640,#9649,#9651,.T.);
#9649 = VERTEX_POINT('',#9650);
#9650 = CARTESIAN_POINT('',(-0.25,0.25,-0.9));
#9651 = LINE('',#9652,#9653);
#9652 = CARTESIAN_POINT('',(-0.25,0.25,3.35));
#9653 = VECTOR('',#9654,1.);
#9654 = DIRECTION('',(-0.,0.,-1.));
#9655 = ORIENTED_EDGE('',*,*,#9656,.T.);
#9656 = EDGE_CURVE('',#9649,#9657,#9659,.T.);
#9657 = VERTEX_POINT('',#9658);
#9658 = CARTESIAN_POINT('',(-0.25,-5.E-02,-1.5));
#9659 = LINE('',#9660,#9661);
#9660 = CARTESIAN_POINT('',(-0.25,0.25,-0.9));
#9661 = VECTOR('',#9662,1.);
#9662 = DIRECTION('',(-5.476786982641E-17,-0.4472135955,-0.894427191));
#9663 = ORIENTED_EDGE('',*,*,#9664,.T.);
#9664 = EDGE_CURVE('',#9657,#9665,#9667,.T.);
#9665 = VERTEX_POINT('',#9666);
#9666 = CARTESIAN_POINT('',(-0.25,0.218421052632,-3.2));
#9667 = LINE('',#9668,#9669);
#9668 = CARTESIAN_POINT('',(-0.25,-5.E-02,-1.5));
#9669 = VECTOR('',#9670,1.);
#9670 = DIRECTION('',(1.909990663905E-17,0.155962573473,-0.987762965329)
  );
#9671 = ORIENTED_EDGE('',*,*,#9672,.T.);
#9672 = EDGE_CURVE('',#9665,#9673,#9675,.T.);
#9673 = VERTEX_POINT('',#9674);
#9674 = CARTESIAN_POINT('',(-0.25,-0.281578947368,-3.2));
#9675 = LINE('',#9676,#9677);
#9676 = CARTESIAN_POINT('',(-0.25,0.25,-3.2));
#9677 = VECTOR('',#9678,1.);
#9678 = DIRECTION('',(-1.224646799147E-16,-1.,0.));
#9679 = ORIENTED_EDGE('',*,*,#9680,.T.);
#9680 = EDGE_CURVE('',#9673,#9681,#9683,.T.);
#9681 = VERTEX_POINT('',#9682);
#9682 = CARTESIAN_POINT('',(-0.25,-0.55,-1.5));
#9683 = LINE('',#9684,#9685);
#9684 = CARTESIAN_POINT('',(-0.25,-0.25,-3.4));
#9685 = VECTOR('',#9686,1.);
#9686 = DIRECTION('',(-1.909990663905E-17,-0.155962573473,0.987762965329
    ));
#9687 = ORIENTED_EDGE('',*,*,#9688,.T.);
#9688 = EDGE_CURVE('',#9681,#9689,#9691,.T.);
#9689 = VERTEX_POINT('',#9690);
#9690 = CARTESIAN_POINT('',(-0.25,-0.25,-0.9));
#9691 = LINE('',#9692,#9693);
#9692 = CARTESIAN_POINT('',(-0.25,-0.55,-1.5));
#9693 = VECTOR('',#9694,1.);
#9694 = DIRECTION('',(5.476786982641E-17,0.4472135955,0.894427191));
#9695 = ORIENTED_EDGE('',*,*,#9696,.T.);
#9696 = EDGE_CURVE('',#9689,#9697,#9699,.T.);
#9697 = VERTEX_POINT('',#9698);
#9698 = CARTESIAN_POINT('',(-0.25,-0.25,2.8));
#9699 = LINE('',#9700,#9701);
#9700 = CARTESIAN_POINT('',(-0.25,-0.25,-0.9));
#9701 = VECTOR('',#9702,1.);
#9702 = DIRECTION('',(0.,0.,1.));
#9703 = ORIENTED_EDGE('',*,*,#9704,.F.);
#9704 = EDGE_CURVE('',#9705,#9697,#9707,.T.);
#9705 = VERTEX_POINT('',#9706);
#9706 = CARTESIAN_POINT('',(-0.25,-0.3,2.85));
#9707 = CIRCLE('',#9708,5.E-02);
#9708 = AXIS2_PLACEMENT_3D('',#9709,#9710,#9711);
#9709 = CARTESIAN_POINT('',(-0.25,-0.3,2.8));
#9710 = DIRECTION('',(-1.,1.224646799147E-16,0.));
#9711 = DIRECTION('',(0.,0.,1.));
#9712 = ORIENTED_EDGE('',*,*,#9713,.T.);
#9713 = EDGE_CURVE('',#9705,#9038,#9714,.T.);
#9714 = LINE('',#9715,#9716);
#9715 = CARTESIAN_POINT('',(-0.25,-0.25,2.85));
#9716 = VECTOR('',#9717,1.);
#9717 = DIRECTION('',(-1.224646799147E-16,-1.,0.));
#9718 = PLANE('',#9719);
#9719 = AXIS2_PLACEMENT_3D('',#9720,#9721,#9722);
#9720 = CARTESIAN_POINT('',(-0.25,-1.421959173294,1.302213422577));
#9721 = DIRECTION('',(-1.,1.224646799147E-16,0.));
#9722 = DIRECTION('',(0.,0.,1.));
#9723 = ADVANCED_FACE('',(#9724),#9735,.F.);
#9724 = FACE_BOUND('',#9725,.F.);
#9725 = EDGE_LOOP('',(#9726,#9727,#9733,#9734));
#9726 = ORIENTED_EDGE('',*,*,#9599,.F.);
#9727 = ORIENTED_EDGE('',*,*,#9728,.T.);
#9728 = EDGE_CURVE('',#9591,#9705,#9729,.T.);
#9729 = LINE('',#9730,#9731);
#9730 = CARTESIAN_POINT('',(0.25,-0.3,2.85));
#9731 = VECTOR('',#9732,1.);
#9732 = DIRECTION('',(-1.,1.224646799147E-16,0.));
#9733 = ORIENTED_EDGE('',*,*,#9713,.T.);
#9734 = ORIENTED_EDGE('',*,*,#9037,.F.);
#9735 = PLANE('',#9736);
#9736 = AXIS2_PLACEMENT_3D('',#9737,#9738,#9739);
#9737 = CARTESIAN_POINT('',(0.25,-0.25,2.85));
#9738 = DIRECTION('',(0.,0.,1.));
#9739 = DIRECTION('',(-1.224646799147E-16,-1.,0.));
#9740 = ADVANCED_FACE('',(#9741),#9747,.F.);
#9741 = FACE_BOUND('',#9742,.F.);
#9742 = EDGE_LOOP('',(#9743,#9744,#9745,#9746));
#9743 = ORIENTED_EDGE('',*,*,#9178,.T.);
#9744 = ORIENTED_EDGE('',*,*,#9161,.T.);
#9745 = ORIENTED_EDGE('',*,*,#9128,.F.);
#9746 = ORIENTED_EDGE('',*,*,#9113,.F.);
#9747 = PLANE('',#9748);
#9748 = AXIS2_PLACEMENT_3D('',#9749,#9750,#9751);
#9749 = CARTESIAN_POINT('',(0.25,-5.75,2.85));
#9750 = DIRECTION('',(1.224646799147E-16,1.,0.));
#9751 = DIRECTION('',(0.,-0.,1.));
#9752 = ADVANCED_FACE('',(#9753),#9759,.F.);
#9753 = FACE_BOUND('',#9754,.F.);
#9754 = EDGE_LOOP('',(#9755,#9756,#9757,#9758));
#9755 = ORIENTED_EDGE('',*,*,#9274,.T.);
#9756 = ORIENTED_EDGE('',*,*,#9257,.T.);
#9757 = ORIENTED_EDGE('',*,*,#9224,.F.);
#9758 = ORIENTED_EDGE('',*,*,#9209,.F.);
#9759 = PLANE('',#9760);
#9760 = AXIS2_PLACEMENT_3D('',#9761,#9762,#9763);
#9761 = CARTESIAN_POINT('',(2.25,-5.75,2.85));
#9762 = DIRECTION('',(1.224646799147E-16,1.,0.));
#9763 = DIRECTION('',(0.,-0.,1.));
#9764 = ADVANCED_FACE('',(#9765),#9776,.F.);
#9765 = FACE_BOUND('',#9766,.F.);
#9766 = EDGE_LOOP('',(#9767,#9768,#9774,#9775));
#9767 = ORIENTED_EDGE('',*,*,#9362,.T.);
#9768 = ORIENTED_EDGE('',*,*,#9769,.T.);
#9769 = EDGE_CURVE('',#9355,#9469,#9770,.T.);
#9770 = LINE('',#9771,#9772);
#9771 = CARTESIAN_POINT('',(2.25,-0.25,2.8));
#9772 = VECTOR('',#9773,1.);
#9773 = DIRECTION('',(-1.,1.224646799147E-16,0.));
#9774 = ORIENTED_EDGE('',*,*,#9476,.F.);
#9775 = ORIENTED_EDGE('',*,*,#9500,.F.);
#9776 = CYLINDRICAL_SURFACE('',#9777,5.E-02);
#9777 = AXIS2_PLACEMENT_3D('',#9778,#9779,#9780);
#9778 = CARTESIAN_POINT('',(2.25,-0.3,2.8));
#9779 = DIRECTION('',(-1.,1.224646799147E-16,0.));
#9780 = DIRECTION('',(0.,0.,1.));
#9781 = ADVANCED_FACE('',(#9782),#9793,.F.);
#9782 = FACE_BOUND('',#9783,.F.);
#9783 = EDGE_LOOP('',(#9784,#9785,#9791,#9792));
#9784 = ORIENTED_EDGE('',*,*,#9354,.F.);
#9785 = ORIENTED_EDGE('',*,*,#9786,.T.);
#9786 = EDGE_CURVE('',#9347,#9461,#9787,.T.);
#9787 = LINE('',#9788,#9789);
#9788 = CARTESIAN_POINT('',(2.25,-0.25,-0.9));
#9789 = VECTOR('',#9790,1.);
#9790 = DIRECTION('',(-1.,1.224646799147E-16,0.));
#9791 = ORIENTED_EDGE('',*,*,#9468,.T.);
#9792 = ORIENTED_EDGE('',*,*,#9769,.F.);
#9793 = PLANE('',#9794);
#9794 = AXIS2_PLACEMENT_3D('',#9795,#9796,#9797);
#9795 = CARTESIAN_POINT('',(2.25,-0.25,-0.9));
#9796 = DIRECTION('',(1.224646799147E-16,1.,0.));
#9797 = DIRECTION('',(0.,-0.,1.));
#9798 = ADVANCED_FACE('',(#9799),#9810,.F.);
#9799 = FACE_BOUND('',#9800,.F.);
#9800 = EDGE_LOOP('',(#9801,#9807,#9808,#9809));
#9801 = ORIENTED_EDGE('',*,*,#9802,.T.);
#9802 = EDGE_CURVE('',#9339,#9453,#9803,.T.);
#9803 = LINE('',#9804,#9805);
#9804 = CARTESIAN_POINT('',(2.25,-0.55,-1.5));
#9805 = VECTOR('',#9806,1.);
#9806 = DIRECTION('',(-1.,1.224646799147E-16,0.));
#9807 = ORIENTED_EDGE('',*,*,#9460,.T.);
#9808 = ORIENTED_EDGE('',*,*,#9786,.F.);
#9809 = ORIENTED_EDGE('',*,*,#9346,.F.);
#9810 = PLANE('',#9811);
#9811 = AXIS2_PLACEMENT_3D('',#9812,#9813,#9814);
#9812 = CARTESIAN_POINT('',(2.25,-0.55,-1.5));
#9813 = DIRECTION('',(1.095357396528E-16,0.894427191,-0.4472135955));
#9814 = DIRECTION('',(5.476786982641E-17,0.4472135955,0.894427191));
#9815 = ADVANCED_FACE('',(#9816),#9843,.F.);
#9816 = FACE_BOUND('',#9817,.F.);
#9817 = EDGE_LOOP('',(#9818,#9819,#9827,#9835,#9841,#9842));
#9818 = ORIENTED_EDGE('',*,*,#9338,.F.);
#9819 = ORIENTED_EDGE('',*,*,#9820,.F.);
#9820 = EDGE_CURVE('',#9821,#9331,#9823,.T.);
#9821 = VERTEX_POINT('',#9822);
#9822 = CARTESIAN_POINT('',(2.247552593066,-0.281192514695,
    -3.202447406934));
#9823 = LINE('',#9824,#9825);
#9824 = CARTESIAN_POINT('',(2.1292749658,-0.262517099863,-3.3207250342)
  );
#9825 = VECTOR('',#9826,1.);
#9826 = DIRECTION('',(0.702740385383,-0.110959008218,0.702740385383));
#9827 = ORIENTED_EDGE('',*,*,#9828,.T.);
#9828 = EDGE_CURVE('',#9821,#9829,#9831,.T.);
#9829 = VERTEX_POINT('',#9830);
#9830 = CARTESIAN_POINT('',(1.752447406934,-0.281192514695,
    -3.202447406934));
#9831 = LINE('',#9832,#9833);
#9832 = CARTESIAN_POINT('',(2.25,-0.281192514695,-3.202447406934));
#9833 = VECTOR('',#9834,1.);
#9834 = DIRECTION('',(-1.,1.224646799147E-16,0.));
#9835 = ORIENTED_EDGE('',*,*,#9836,.T.);
#9836 = EDGE_CURVE('',#9829,#9445,#9837,.T.);
#9837 = LINE('',#9838,#9839);
#9838 = CARTESIAN_POINT('',(1.994186046512,-0.243023255814,
    -3.444186046512));
#9839 = VECTOR('',#9840,1.);
#9840 = DIRECTION('',(-0.702740385383,-0.110959008218,0.702740385383));
#9841 = ORIENTED_EDGE('',*,*,#9452,.T.);
#9842 = ORIENTED_EDGE('',*,*,#9802,.F.);
#9843 = PLANE('',#9844);
#9844 = AXIS2_PLACEMENT_3D('',#9845,#9846,#9847);
#9845 = CARTESIAN_POINT('',(2.25,-0.25,-3.4));
#9846 = DIRECTION('',(1.209660753807E-16,0.987762965329,0.155962573473)
  );
#9847 = DIRECTION('',(-1.909990663905E-17,-0.155962573473,0.987762965329
    ));
#9848 = ADVANCED_FACE('',(#9849),#9883,.T.);
#9849 = FACE_BOUND('',#9850,.F.);
#9850 = EDGE_LOOP('',(#9851,#9859,#9860,#9861,#9869,#9877));
#9851 = ORIENTED_EDGE('',*,*,#9852,.T.);
#9852 = EDGE_CURVE('',#9853,#9821,#9855,.T.);
#9853 = VERTEX_POINT('',#9854);
#9854 = CARTESIAN_POINT('',(2.05,-5.E-02,-3.4));
#9855 = LINE('',#9856,#9857);
#9856 = CARTESIAN_POINT('',(2.09198936903,-9.913946036316E-02,
    -3.35801063097));
#9857 = VECTOR('',#9858,1.);
#9858 = DIRECTION('',(0.544770019249,-0.63753529491,0.544770019249));
#9859 = ORIENTED_EDGE('',*,*,#9820,.T.);
#9860 = ORIENTED_EDGE('',*,*,#9330,.F.);
#9861 = ORIENTED_EDGE('',*,*,#9862,.F.);
#9862 = EDGE_CURVE('',#9863,#9323,#9865,.T.);
#9863 = VERTEX_POINT('',#9864);
#9864 = CARTESIAN_POINT('',(2.247552593066,0.218807485305,
    -3.202447406934));
#9865 = LINE('',#9866,#9867);
#9866 = CARTESIAN_POINT('',(2.629616963064,0.158481532148,
    -2.820383036936));
#9867 = VECTOR('',#9868,1.);
#9868 = DIRECTION('',(0.702740385383,-0.110959008218,0.702740385383));
#9869 = ORIENTED_EDGE('',*,*,#9870,.F.);
#9870 = EDGE_CURVE('',#9871,#9863,#9873,.T.);
#9871 = VERTEX_POINT('',#9872);
#9872 = CARTESIAN_POINT('',(2.05,5.E-02,-3.4));
#9873 = LINE('',#9874,#9875);
#9874 = CARTESIAN_POINT('',(2.185852405654,0.166085051658,
    -3.264147594346));
#9875 = VECTOR('',#9876,1.);
#9876 = DIRECTION('',(0.605209817607,0.517148096144,0.605209817607));
#9877 = ORIENTED_EDGE('',*,*,#9878,.T.);
#9878 = EDGE_CURVE('',#9871,#9853,#9879,.T.);
#9879 = LINE('',#9880,#9881);
#9880 = CARTESIAN_POINT('',(2.05,0.25,-3.4));
#9881 = VECTOR('',#9882,1.);
#9882 = DIRECTION('',(-1.224646799147E-16,-1.,0.));
#9883 = PLANE('',#9884);
#9884 = AXIS2_PLACEMENT_3D('',#9885,#9886,#9887);
#9885 = CARTESIAN_POINT('',(2.15,0.25,-3.3));
#9886 = DIRECTION('',(0.707106781187,-8.486018839685E-17,-0.707106781187
    ));
#9887 = DIRECTION('',(1.212375546256E-16,1.,1.227125289196E-18));
#9888 = ADVANCED_FACE('',(#9889),#9914,.F.);
#9889 = FACE_BOUND('',#9890,.F.);
#9890 = EDGE_LOOP('',(#9891,#9892,#9898,#9899,#9907,#9913));
#9891 = ORIENTED_EDGE('',*,*,#9322,.F.);
#9892 = ORIENTED_EDGE('',*,*,#9893,.T.);
#9893 = EDGE_CURVE('',#9315,#9429,#9894,.T.);
#9894 = LINE('',#9895,#9896);
#9895 = CARTESIAN_POINT('',(2.25,-5.E-02,-1.5));
#9896 = VECTOR('',#9897,1.);
#9897 = DIRECTION('',(-1.,1.224646799147E-16,0.));
#9898 = ORIENTED_EDGE('',*,*,#9436,.T.);
#9899 = ORIENTED_EDGE('',*,*,#9900,.F.);
#9900 = EDGE_CURVE('',#9901,#9437,#9903,.T.);
#9901 = VERTEX_POINT('',#9902);
#9902 = CARTESIAN_POINT('',(1.752447406934,0.218807485305,
    -3.202447406934));
#9903 = LINE('',#9904,#9905);
#9904 = CARTESIAN_POINT('',(1.493844049248,0.177975376197,
    -2.943844049248));
#9905 = VECTOR('',#9906,1.);
#9906 = DIRECTION('',(-0.702740385383,-0.110959008218,0.702740385383));
#9907 = ORIENTED_EDGE('',*,*,#9908,.F.);
#9908 = EDGE_CURVE('',#9863,#9901,#9909,.T.);
#9909 = LINE('',#9910,#9911);
#9910 = CARTESIAN_POINT('',(2.25,0.218807485305,-3.202447406934));
#9911 = VECTOR('',#9912,1.);
#9912 = DIRECTION('',(-1.,1.224646799147E-16,0.));
#9913 = ORIENTED_EDGE('',*,*,#9862,.T.);
#9914 = PLANE('',#9915);
#9915 = AXIS2_PLACEMENT_3D('',#9916,#9917,#9918);
#9916 = CARTESIAN_POINT('',(2.25,-5.E-02,-1.5));
#9917 = DIRECTION('',(-1.209660753807E-16,-0.987762965329,
    -0.155962573473));
#9918 = DIRECTION('',(1.909990663905E-17,0.155962573473,-0.987762965329)
  );
#9919 = ADVANCED_FACE('',(#9920),#9931,.F.);
#9920 = FACE_BOUND('',#9921,.F.);
#9921 = EDGE_LOOP('',(#9922,#9928,#9929,#9930));
#9922 = ORIENTED_EDGE('',*,*,#9923,.T.);
#9923 = EDGE_CURVE('',#9307,#9421,#9924,.T.);
#9924 = LINE('',#9925,#9926);
#9925 = CARTESIAN_POINT('',(2.25,0.25,-0.9));
#9926 = VECTOR('',#9927,1.);
#9927 = DIRECTION('',(-1.,1.224646799147E-16,0.));
#9928 = ORIENTED_EDGE('',*,*,#9428,.T.);
#9929 = ORIENTED_EDGE('',*,*,#9893,.F.);
#9930 = ORIENTED_EDGE('',*,*,#9314,.F.);
#9931 = PLANE('',#9932);
#9932 = AXIS2_PLACEMENT_3D('',#9933,#9934,#9935);
#9933 = CARTESIAN_POINT('',(2.25,0.25,-0.9));
#9934 = DIRECTION('',(-1.095357396528E-16,-0.894427191,0.4472135955));
#9935 = DIRECTION('',(-5.476786982641E-17,-0.4472135955,-0.894427191));
#9936 = ADVANCED_FACE('',(#9937),#9948,.F.);
#9937 = FACE_BOUND('',#9938,.F.);
#9938 = EDGE_LOOP('',(#9939,#9940,#9946,#9947));
#9939 = ORIENTED_EDGE('',*,*,#9306,.F.);
#9940 = ORIENTED_EDGE('',*,*,#9941,.T.);
#9941 = EDGE_CURVE('',#9298,#9412,#9942,.T.);
#9942 = LINE('',#9943,#9944);
#9943 = CARTESIAN_POINT('',(2.25,0.25,2.8));
#9944 = VECTOR('',#9945,1.);
#9945 = DIRECTION('',(-1.,1.224646799147E-16,0.));
#9946 = ORIENTED_EDGE('',*,*,#9420,.T.);
#9947 = ORIENTED_EDGE('',*,*,#9923,.F.);
#9948 = PLANE('',#9949);
#9949 = AXIS2_PLACEMENT_3D('',#9950,#9951,#9952);
#9950 = CARTESIAN_POINT('',(2.25,0.25,3.35));
#9951 = DIRECTION('',(-1.224646799147E-16,-1.,0.));
#9952 = DIRECTION('',(-0.,0.,-1.));
#9953 = ADVANCED_FACE('',(#9954),#9960,.T.);
#9954 = FACE_BOUND('',#9955,.T.);
#9955 = EDGE_LOOP('',(#9956,#9957,#9958,#9959));
#9956 = ORIENTED_EDGE('',*,*,#9297,.T.);
#9957 = ORIENTED_EDGE('',*,*,#9941,.T.);
#9958 = ORIENTED_EDGE('',*,*,#9411,.F.);
#9959 = ORIENTED_EDGE('',*,*,#9395,.F.);
#9960 = CYLINDRICAL_SURFACE('',#9961,0.55);
#9961 = AXIS2_PLACEMENT_3D('',#9962,#9963,#9964);
#9962 = CARTESIAN_POINT('',(2.25,-0.3,2.8));
#9963 = DIRECTION('',(-1.,1.224646799147E-16,0.));
#9964 = DIRECTION('',(0.,0.,1.));
#9965 = ADVANCED_FACE('',(#9966),#9993,.F.);
#9966 = FACE_BOUND('',#9967,.T.);
#9967 = EDGE_LOOP('',(#9968,#9976,#9977,#9978,#9979,#9987));
#9968 = ORIENTED_EDGE('',*,*,#9969,.T.);
#9969 = EDGE_CURVE('',#9970,#9829,#9972,.T.);
#9970 = VERTEX_POINT('',#9971);
#9971 = CARTESIAN_POINT('',(1.95,-5.E-02,-3.4));
#9972 = LINE('',#9973,#9974);
#9973 = CARTESIAN_POINT('',(1.982204224438,-1.231193164325E-02,
    -3.432204224438));
#9974 = VECTOR('',#9975,1.);
#9975 = DIRECTION('',(-0.544770019249,-0.63753529491,0.544770019249));
#9976 = ORIENTED_EDGE('',*,*,#9836,.T.);
#9977 = ORIENTED_EDGE('',*,*,#9444,.F.);
#9978 = ORIENTED_EDGE('',*,*,#9900,.F.);
#9979 = ORIENTED_EDGE('',*,*,#9980,.F.);
#9980 = EDGE_CURVE('',#9981,#9901,#9983,.T.);
#9981 = VERTEX_POINT('',#9982);
#9982 = CARTESIAN_POINT('',(1.95,5.E-02,-3.4));
#9983 = LINE('',#9984,#9985);
#9984 = CARTESIAN_POINT('',(1.905717325178,8.783927542193E-02,
    -3.355717325178));
#9985 = VECTOR('',#9986,1.);
#9986 = DIRECTION('',(-0.605209817607,0.517148096144,0.605209817607));
#9987 = ORIENTED_EDGE('',*,*,#9988,.T.);
#9988 = EDGE_CURVE('',#9981,#9970,#9989,.T.);
#9989 = LINE('',#9990,#9991);
#9990 = CARTESIAN_POINT('',(1.95,0.25,-3.4));
#9991 = VECTOR('',#9992,1.);
#9992 = DIRECTION('',(-1.224646799147E-16,-1.,0.));
#9993 = PLANE('',#9994);
#9994 = AXIS2_PLACEMENT_3D('',#9995,#9996,#9997);
#9995 = CARTESIAN_POINT('',(1.85,0.25,-3.3));
#9996 = DIRECTION('',(0.707106781187,-8.833102285013E-17,0.707106781187)
  );
#9997 = DIRECTION('',(1.236918052038E-16,1.,1.227125289097E-18));
#9998 = ADVANCED_FACE('',(#9999),#10010,.F.);
#9999 = FACE_BOUND('',#10000,.F.);
#10000 = EDGE_LOOP('',(#10001,#10002,#10008,#10009));
#10001 = ORIENTED_EDGE('',*,*,#9590,.T.);
#10002 = ORIENTED_EDGE('',*,*,#10003,.T.);
#10003 = EDGE_CURVE('',#9583,#9697,#10004,.T.);
#10004 = LINE('',#10005,#10006);
#10005 = CARTESIAN_POINT('',(0.25,-0.25,2.8));
#10006 = VECTOR('',#10007,1.);
#10007 = DIRECTION('',(-1.,1.224646799147E-16,0.));
#10008 = ORIENTED_EDGE('',*,*,#9704,.F.);
#10009 = ORIENTED_EDGE('',*,*,#9728,.F.);
#10010 = CYLINDRICAL_SURFACE('',#10011,5.E-02);
#10011 = AXIS2_PLACEMENT_3D('',#10012,#10013,#10014);
#10012 = CARTESIAN_POINT('',(0.25,-0.3,2.8));
#10013 = DIRECTION('',(-1.,1.224646799147E-16,0.));
#10014 = DIRECTION('',(0.,0.,1.));
#10015 = ADVANCED_FACE('',(#10016),#10027,.F.);
#10016 = FACE_BOUND('',#10017,.F.);
#10017 = EDGE_LOOP('',(#10018,#10019,#10025,#10026));
#10018 = ORIENTED_EDGE('',*,*,#9582,.F.);
#10019 = ORIENTED_EDGE('',*,*,#10020,.T.);
#10020 = EDGE_CURVE('',#9575,#9689,#10021,.T.);
#10021 = LINE('',#10022,#10023);
#10022 = CARTESIAN_POINT('',(0.25,-0.25,-0.9));
#10023 = VECTOR('',#10024,1.);
#10024 = DIRECTION('',(-1.,1.224646799147E-16,0.));
#10025 = ORIENTED_EDGE('',*,*,#9696,.T.);
#10026 = ORIENTED_EDGE('',*,*,#10003,.F.);
#10027 = PLANE('',#10028);
#10028 = AXIS2_PLACEMENT_3D('',#10029,#10030,#10031);
#10029 = CARTESIAN_POINT('',(0.25,-0.25,-0.9));
#10030 = DIRECTION('',(1.224646799147E-16,1.,0.));
#10031 = DIRECTION('',(0.,-0.,1.));
#10032 = ADVANCED_FACE('',(#10033),#10044,.F.);
#10033 = FACE_BOUND('',#10034,.F.);
#10034 = EDGE_LOOP('',(#10035,#10041,#10042,#10043));
#10035 = ORIENTED_EDGE('',*,*,#10036,.T.);
#10036 = EDGE_CURVE('',#9567,#9681,#10037,.T.);
#10037 = LINE('',#10038,#10039);
#10038 = CARTESIAN_POINT('',(0.25,-0.55,-1.5));
#10039 = VECTOR('',#10040,1.);
#10040 = DIRECTION('',(-1.,1.224646799147E-16,0.));
#10041 = ORIENTED_EDGE('',*,*,#9688,.T.);
#10042 = ORIENTED_EDGE('',*,*,#10020,.F.);
#10043 = ORIENTED_EDGE('',*,*,#9574,.F.);
#10044 = PLANE('',#10045);
#10045 = AXIS2_PLACEMENT_3D('',#10046,#10047,#10048);
#10046 = CARTESIAN_POINT('',(0.25,-0.55,-1.5));
#10047 = DIRECTION('',(1.095357396528E-16,0.894427191,-0.4472135955));
#10048 = DIRECTION('',(5.476786982641E-17,0.4472135955,0.894427191));
#10049 = ADVANCED_FACE('',(#10050),#10077,.F.);
#10050 = FACE_BOUND('',#10051,.F.);
#10051 = EDGE_LOOP('',(#10052,#10053,#10061,#10069,#10075,#10076));
#10052 = ORIENTED_EDGE('',*,*,#9566,.F.);
#10053 = ORIENTED_EDGE('',*,*,#10054,.F.);
#10054 = EDGE_CURVE('',#10055,#9559,#10057,.T.);
#10055 = VERTEX_POINT('',#10056);
#10056 = CARTESIAN_POINT('',(0.247552593066,-0.281192514695,
    -3.202447406934));
#10057 = LINE('',#10058,#10059);
#10058 = CARTESIAN_POINT('',(0.1292749658,-0.262517099863,-3.3207250342)
  );
#10059 = VECTOR('',#10060,1.);
#10060 = DIRECTION('',(0.702740385383,-0.110959008218,0.702740385383));
#10061 = ORIENTED_EDGE('',*,*,#10062,.T.);
#10062 = EDGE_CURVE('',#10055,#10063,#10065,.T.);
#10063 = VERTEX_POINT('',#10064);
#10064 = CARTESIAN_POINT('',(-0.247552593066,-0.281192514695,
    -3.202447406934));
#10065 = LINE('',#10066,#10067);
#10066 = CARTESIAN_POINT('',(0.25,-0.281192514695,-3.202447406934));
#10067 = VECTOR('',#10068,1.);
#10068 = DIRECTION('',(-1.,1.224646799147E-16,0.));
#10069 = ORIENTED_EDGE('',*,*,#10070,.T.);
#10070 = EDGE_CURVE('',#10063,#9673,#10071,.T.);
#10071 = LINE('',#10072,#10073);
#10072 = CARTESIAN_POINT('',(-5.813953488372E-03,-0.243023255814,
    -3.444186046512));
#10073 = VECTOR('',#10074,1.);
#10074 = DIRECTION('',(-0.702740385383,-0.110959008218,0.702740385383));
#10075 = ORIENTED_EDGE('',*,*,#9680,.T.);
#10076 = ORIENTED_EDGE('',*,*,#10036,.F.);
#10077 = PLANE('',#10078);
#10078 = AXIS2_PLACEMENT_3D('',#10079,#10080,#10081);
#10079 = CARTESIAN_POINT('',(0.25,-0.25,-3.4));
#10080 = DIRECTION('',(1.209660753807E-16,0.987762965329,0.155962573473)
  );
#10081 = DIRECTION('',(-1.909990663905E-17,-0.155962573473,
    0.987762965329));
#10082 = ADVANCED_FACE('',(#10083),#10117,.T.);
#10083 = FACE_BOUND('',#10084,.F.);
#10084 = EDGE_LOOP('',(#10085,#10093,#10094,#10095,#10103,#10111));
#10085 = ORIENTED_EDGE('',*,*,#10086,.T.);
#10086 = EDGE_CURVE('',#10087,#10055,#10089,.T.);
#10087 = VERTEX_POINT('',#10088);
#10088 = CARTESIAN_POINT('',(5.E-02,-5.E-02,-3.4));
#10089 = LINE('',#10090,#10091);
#10090 = CARTESIAN_POINT('',(9.198936903048E-02,-9.913946036316E-02,
    -3.35801063097));
#10091 = VECTOR('',#10092,1.);
#10092 = DIRECTION('',(0.544770019249,-0.63753529491,0.544770019249));
#10093 = ORIENTED_EDGE('',*,*,#10054,.T.);
#10094 = ORIENTED_EDGE('',*,*,#9558,.F.);
#10095 = ORIENTED_EDGE('',*,*,#10096,.F.);
#10096 = EDGE_CURVE('',#10097,#9551,#10099,.T.);
#10097 = VERTEX_POINT('',#10098);
#10098 = CARTESIAN_POINT('',(0.247552593066,0.218807485305,
    -3.202447406934));
#10099 = LINE('',#10100,#10101);
#10100 = CARTESIAN_POINT('',(0.629616963064,0.158481532148,
    -2.820383036936));
#10101 = VECTOR('',#10102,1.);
#10102 = DIRECTION('',(0.702740385383,-0.110959008218,0.702740385383));
#10103 = ORIENTED_EDGE('',*,*,#10104,.F.);
#10104 = EDGE_CURVE('',#10105,#10097,#10107,.T.);
#10105 = VERTEX_POINT('',#10106);
#10106 = CARTESIAN_POINT('',(5.E-02,5.E-02,-3.4));
#10107 = LINE('',#10108,#10109);
#10108 = CARTESIAN_POINT('',(0.185852405654,0.166085051658,
    -3.264147594346));
#10109 = VECTOR('',#10110,1.);
#10110 = DIRECTION('',(0.605209817607,0.517148096144,0.605209817607));
#10111 = ORIENTED_EDGE('',*,*,#10112,.T.);
#10112 = EDGE_CURVE('',#10105,#10087,#10113,.T.);
#10113 = LINE('',#10114,#10115);
#10114 = CARTESIAN_POINT('',(5.E-02,0.25,-3.4));
#10115 = VECTOR('',#10116,1.);
#10116 = DIRECTION('',(-1.224646799147E-16,-1.,0.));
#10117 = PLANE('',#10118);
#10118 = AXIS2_PLACEMENT_3D('',#10119,#10120,#10121);
#10119 = CARTESIAN_POINT('',(0.15,0.25,-3.3));
#10120 = DIRECTION('',(0.707106781187,-8.486018839685E-17,
    -0.707106781187));
#10121 = DIRECTION('',(1.212375546256E-16,1.,1.227125289196E-18));
#10122 = ADVANCED_FACE('',(#10123),#10148,.F.);
#10123 = FACE_BOUND('',#10124,.F.);
#10124 = EDGE_LOOP('',(#10125,#10126,#10132,#10133,#10141,#10147));
#10125 = ORIENTED_EDGE('',*,*,#9550,.F.);
#10126 = ORIENTED_EDGE('',*,*,#10127,.T.);
#10127 = EDGE_CURVE('',#9543,#9657,#10128,.T.);
#10128 = LINE('',#10129,#10130);
#10129 = CARTESIAN_POINT('',(0.25,-5.E-02,-1.5));
#10130 = VECTOR('',#10131,1.);
#10131 = DIRECTION('',(-1.,1.224646799147E-16,0.));
#10132 = ORIENTED_EDGE('',*,*,#9664,.T.);
#10133 = ORIENTED_EDGE('',*,*,#10134,.F.);
#10134 = EDGE_CURVE('',#10135,#9665,#10137,.T.);
#10135 = VERTEX_POINT('',#10136);
#10136 = CARTESIAN_POINT('',(-0.247552593066,0.218807485305,
    -3.202447406934));
#10137 = LINE('',#10138,#10139);
#10138 = CARTESIAN_POINT('',(-0.506155950752,0.177975376197,
    -2.943844049248));
#10139 = VECTOR('',#10140,1.);
#10140 = DIRECTION('',(-0.702740385383,-0.110959008218,0.702740385383));
#10141 = ORIENTED_EDGE('',*,*,#10142,.F.);
#10142 = EDGE_CURVE('',#10097,#10135,#10143,.T.);
#10143 = LINE('',#10144,#10145);
#10144 = CARTESIAN_POINT('',(0.25,0.218807485305,-3.202447406934));
#10145 = VECTOR('',#10146,1.);
#10146 = DIRECTION('',(-1.,1.224646799147E-16,0.));
#10147 = ORIENTED_EDGE('',*,*,#10096,.T.);
#10148 = PLANE('',#10149);
#10149 = AXIS2_PLACEMENT_3D('',#10150,#10151,#10152);
#10150 = CARTESIAN_POINT('',(0.25,-5.E-02,-1.5));
#10151 = DIRECTION('',(-1.209660753807E-16,-0.987762965329,
    -0.155962573473));
#10152 = DIRECTION('',(1.909990663905E-17,0.155962573473,-0.987762965329
    ));
#10153 = ADVANCED_FACE('',(#10154),#10165,.F.);
#10154 = FACE_BOUND('',#10155,.F.);
#10155 = EDGE_LOOP('',(#10156,#10162,#10163,#10164));
#10156 = ORIENTED_EDGE('',*,*,#10157,.T.);
#10157 = EDGE_CURVE('',#9535,#9649,#10158,.T.);
#10158 = LINE('',#10159,#10160);
#10159 = CARTESIAN_POINT('',(0.25,0.25,-0.9));
#10160 = VECTOR('',#10161,1.);
#10161 = DIRECTION('',(-1.,1.224646799147E-16,0.));
#10162 = ORIENTED_EDGE('',*,*,#9656,.T.);
#10163 = ORIENTED_EDGE('',*,*,#10127,.F.);
#10164 = ORIENTED_EDGE('',*,*,#9542,.F.);
#10165 = PLANE('',#10166);
#10166 = AXIS2_PLACEMENT_3D('',#10167,#10168,#10169);
#10167 = CARTESIAN_POINT('',(0.25,0.25,-0.9));
#10168 = DIRECTION('',(-1.095357396528E-16,-0.894427191,0.4472135955));
#10169 = DIRECTION('',(-5.476786982641E-17,-0.4472135955,-0.894427191));
#10170 = ADVANCED_FACE('',(#10171),#10182,.F.);
#10171 = FACE_BOUND('',#10172,.F.);
#10172 = EDGE_LOOP('',(#10173,#10174,#10180,#10181));
#10173 = ORIENTED_EDGE('',*,*,#9534,.F.);
#10174 = ORIENTED_EDGE('',*,*,#10175,.T.);
#10175 = EDGE_CURVE('',#9526,#9640,#10176,.T.);
#10176 = LINE('',#10177,#10178);
#10177 = CARTESIAN_POINT('',(0.25,0.25,2.8));
#10178 = VECTOR('',#10179,1.);
#10179 = DIRECTION('',(-1.,1.224646799147E-16,0.));
#10180 = ORIENTED_EDGE('',*,*,#9648,.T.);
#10181 = ORIENTED_EDGE('',*,*,#10157,.F.);
#10182 = PLANE('',#10183);
#10183 = AXIS2_PLACEMENT_3D('',#10184,#10185,#10186);
#10184 = CARTESIAN_POINT('',(0.25,0.25,3.35));
#10185 = DIRECTION('',(-1.224646799147E-16,-1.,0.));
#10186 = DIRECTION('',(-0.,0.,-1.));
#10187 = ADVANCED_FACE('',(#10188),#10194,.T.);
#10188 = FACE_BOUND('',#10189,.T.);
#10189 = EDGE_LOOP('',(#10190,#10191,#10192,#10193));
#10190 = ORIENTED_EDGE('',*,*,#9525,.T.);
#10191 = ORIENTED_EDGE('',*,*,#10175,.T.);
#10192 = ORIENTED_EDGE('',*,*,#9639,.F.);
#10193 = ORIENTED_EDGE('',*,*,#9623,.F.);
#10194 = CYLINDRICAL_SURFACE('',#10195,0.55);
#10195 = AXIS2_PLACEMENT_3D('',#10196,#10197,#10198);
#10196 = CARTESIAN_POINT('',(0.25,-0.3,2.8));
#10197 = DIRECTION('',(-1.,1.224646799147E-16,0.));
#10198 = DIRECTION('',(0.,0.,1.));
#10199 = ADVANCED_FACE('',(#10200),#10227,.F.);
#10200 = FACE_BOUND('',#10201,.T.);
#10201 = EDGE_LOOP('',(#10202,#10210,#10211,#10212,#10213,#10221));
#10202 = ORIENTED_EDGE('',*,*,#10203,.T.);
#10203 = EDGE_CURVE('',#10204,#10063,#10206,.T.);
#10204 = VERTEX_POINT('',#10205);
#10205 = CARTESIAN_POINT('',(-5.E-02,-5.E-02,-3.4));
#10206 = LINE('',#10207,#10208);
#10207 = CARTESIAN_POINT('',(-1.77957755624E-02,-1.231193164325E-02,
    -3.432204224438));
#10208 = VECTOR('',#10209,1.);
#10209 = DIRECTION('',(-0.544770019249,-0.63753529491,0.544770019249));
#10210 = ORIENTED_EDGE('',*,*,#10070,.T.);
#10211 = ORIENTED_EDGE('',*,*,#9672,.F.);
#10212 = ORIENTED_EDGE('',*,*,#10134,.F.);
#10213 = ORIENTED_EDGE('',*,*,#10214,.F.);
#10214 = EDGE_CURVE('',#10215,#10135,#10217,.T.);
#10215 = VERTEX_POINT('',#10216);
#10216 = CARTESIAN_POINT('',(-5.E-02,5.E-02,-3.4));
#10217 = LINE('',#10218,#10219);
#10218 = CARTESIAN_POINT('',(-9.428267482221E-02,8.783927542193E-02,
    -3.355717325178));
#10219 = VECTOR('',#10220,1.);
#10220 = DIRECTION('',(-0.605209817607,0.517148096144,0.605209817607));
#10221 = ORIENTED_EDGE('',*,*,#10222,.T.);
#10222 = EDGE_CURVE('',#10215,#10204,#10223,.T.);
#10223 = LINE('',#10224,#10225);
#10224 = CARTESIAN_POINT('',(-5.E-02,0.25,-3.4));
#10225 = VECTOR('',#10226,1.);
#10226 = DIRECTION('',(-1.224646799147E-16,-1.,0.));
#10227 = PLANE('',#10228);
#10228 = AXIS2_PLACEMENT_3D('',#10229,#10230,#10231);
#10229 = CARTESIAN_POINT('',(-0.15,0.25,-3.3));
#10230 = DIRECTION('',(0.707106781187,-8.833102285013E-17,0.707106781187
    ));
#10231 = DIRECTION('',(1.236918052038E-16,1.,1.227125289097E-18));
#10232 = ADVANCED_FACE('',(#10233),#10244,.T.);
#10233 = FACE_BOUND('',#10234,.F.);
#10234 = EDGE_LOOP('',(#10235,#10236,#10242,#10243));
#10235 = ORIENTED_EDGE('',*,*,#9852,.F.);
#10236 = ORIENTED_EDGE('',*,*,#10237,.T.);
#10237 = EDGE_CURVE('',#9853,#9970,#10238,.T.);
#10238 = LINE('',#10239,#10240);
#10239 = CARTESIAN_POINT('',(2.25,-5.E-02,-3.4));
#10240 = VECTOR('',#10241,1.);
#10241 = DIRECTION('',(-1.,1.224646799147E-16,0.));
#10242 = ORIENTED_EDGE('',*,*,#9969,.T.);
#10243 = ORIENTED_EDGE('',*,*,#9828,.F.);
#10244 = PLANE('',#10245);
#10245 = AXIS2_PLACEMENT_3D('',#10246,#10247,#10248);
#10246 = CARTESIAN_POINT('',(2.25,-0.165596257347,-3.301223703467));
#10247 = DIRECTION('',(-8.302774088379E-17,-0.64962967394,
    -0.760250805153));
#10248 = DIRECTION('',(1.,-1.247195775152E-16,-2.638869166629E-18));
#10249 = ADVANCED_FACE('',(#10250),#10261,.F.);
#10250 = FACE_BOUND('',#10251,.F.);
#10251 = EDGE_LOOP('',(#10252,#10253,#10254,#10260));
#10252 = ORIENTED_EDGE('',*,*,#10237,.F.);
#10253 = ORIENTED_EDGE('',*,*,#9878,.F.);
#10254 = ORIENTED_EDGE('',*,*,#10255,.T.);
#10255 = EDGE_CURVE('',#9871,#9981,#10256,.T.);
#10256 = LINE('',#10257,#10258);
#10257 = CARTESIAN_POINT('',(2.25,5.E-02,-3.4));
#10258 = VECTOR('',#10259,1.);
#10259 = DIRECTION('',(-1.,1.224646799147E-16,0.));
#10260 = ORIENTED_EDGE('',*,*,#9988,.T.);
#10261 = PLANE('',#10262);
#10262 = AXIS2_PLACEMENT_3D('',#10263,#10264,#10265);
#10263 = CARTESIAN_POINT('',(2.25,0.25,-3.4));
#10264 = DIRECTION('',(0.,0.,1.));
#10265 = DIRECTION('',(-1.224646799147E-16,-1.,0.));
#10266 = ADVANCED_FACE('',(#10267),#10273,.T.);
#10267 = FACE_BOUND('',#10268,.T.);
#10268 = EDGE_LOOP('',(#10269,#10270,#10271,#10272));
#10269 = ORIENTED_EDGE('',*,*,#9870,.F.);
#10270 = ORIENTED_EDGE('',*,*,#10255,.T.);
#10271 = ORIENTED_EDGE('',*,*,#9980,.T.);
#10272 = ORIENTED_EDGE('',*,*,#9908,.F.);
#10273 = PLANE('',#10274);
#10274 = AXIS2_PLACEMENT_3D('',#10275,#10276,#10277);
#10275 = CARTESIAN_POINT('',(2.25,0.134403742653,-3.301223703467));
#10276 = DIRECTION('',(9.136856246232E-17,0.760250805153,-0.64962967394)
  );
#10277 = DIRECTION('',(-1.,1.211454098155E-16,1.127308249542E-18));
#10278 = ADVANCED_FACE('',(#10279),#10290,.T.);
#10279 = FACE_BOUND('',#10280,.F.);
#10280 = EDGE_LOOP('',(#10281,#10282,#10288,#10289));
#10281 = ORIENTED_EDGE('',*,*,#10086,.F.);
#10282 = ORIENTED_EDGE('',*,*,#10283,.T.);
#10283 = EDGE_CURVE('',#10087,#10204,#10284,.T.);
#10284 = LINE('',#10285,#10286);
#10285 = CARTESIAN_POINT('',(0.25,-5.E-02,-3.4));
#10286 = VECTOR('',#10287,1.);
#10287 = DIRECTION('',(-1.,1.224646799147E-16,0.));
#10288 = ORIENTED_EDGE('',*,*,#10203,.T.);
#10289 = ORIENTED_EDGE('',*,*,#10062,.F.);
#10290 = PLANE('',#10291);
#10291 = AXIS2_PLACEMENT_3D('',#10292,#10293,#10294);
#10292 = CARTESIAN_POINT('',(0.25,-0.165596257347,-3.301223703467));
#10293 = DIRECTION('',(-8.302774088379E-17,-0.64962967394,
    -0.760250805153));
#10294 = DIRECTION('',(1.,-1.247195775152E-16,-2.638869166629E-18));
#10295 = ADVANCED_FACE('',(#10296),#10307,.F.);
#10296 = FACE_BOUND('',#10297,.F.);
#10297 = EDGE_LOOP('',(#10298,#10299,#10300,#10306));
#10298 = ORIENTED_EDGE('',*,*,#10283,.F.);
#10299 = ORIENTED_EDGE('',*,*,#10112,.F.);
#10300 = ORIENTED_EDGE('',*,*,#10301,.T.);
#10301 = EDGE_CURVE('',#10105,#10215,#10302,.T.);
#10302 = LINE('',#10303,#10304);
#10303 = CARTESIAN_POINT('',(0.25,5.E-02,-3.4));
#10304 = VECTOR('',#10305,1.);
#10305 = DIRECTION('',(-1.,1.224646799147E-16,0.));
#10306 = ORIENTED_EDGE('',*,*,#10222,.T.);
#10307 = PLANE('',#10308);
#10308 = AXIS2_PLACEMENT_3D('',#10309,#10310,#10311);
#10309 = CARTESIAN_POINT('',(0.25,0.25,-3.4));
#10310 = DIRECTION('',(0.,0.,1.));
#10311 = DIRECTION('',(-1.224646799147E-16,-1.,0.));
#10312 = ADVANCED_FACE('',(#10313),#10319,.T.);
#10313 = FACE_BOUND('',#10314,.T.);
#10314 = EDGE_LOOP('',(#10315,#10316,#10317,#10318));
#10315 = ORIENTED_EDGE('',*,*,#10104,.F.);
#10316 = ORIENTED_EDGE('',*,*,#10301,.T.);
#10317 = ORIENTED_EDGE('',*,*,#10214,.T.);
#10318 = ORIENTED_EDGE('',*,*,#10142,.F.);
#10319 = PLANE('',#10320);
#10320 = AXIS2_PLACEMENT_3D('',#10321,#10322,#10323);
#10321 = CARTESIAN_POINT('',(0.25,0.134403742653,-3.301223703467));
#10322 = DIRECTION('',(9.136856246232E-17,0.760250805153,-0.64962967394)
  );
#10323 = DIRECTION('',(-1.,1.211454098155E-16,1.127308249542E-18));
#10324 = ( GEOMETRIC_REPRESENTATION_CONTEXT(3) 
GLOBAL_UNCERTAINTY_ASSIGNED_CONTEXT((#10328)) 
GLOBAL_UNIT_ASSIGNED_CONTEXT((#10325,#10326,#10327)) 
REPRESENTATION_CONTEXT('Context #1',
  '3D Context with UNIT and UNCERTAINTY') );
#10325 = ( LENGTH_UNIT() NAMED_UNIT(*) SI_UNIT(.MILLI.,.METRE.) );
#10326 = ( NAMED_UNIT(*) PLANE_ANGLE_UNIT() SI_UNIT($,.RADIAN.) );
#10327 = ( NAMED_UNIT(*) SI_UNIT($,.STERADIAN.) SOLID_ANGLE_UNIT() );
#10328 = UNCERTAINTY_MEASURE_WITH_UNIT(LENGTH_MEASURE(1.E-07),#10325,
  'distance_accuracy_value','confusion accuracy');
#10329 = CONTEXT_DEPENDENT_SHAPE_REPRESENTATION(#10330,#10332);
#10330 = ( REPRESENTATION_RELATIONSHIP('','',#6829,#6806) 
REPRESENTATION_RELATIONSHIP_WITH_TRANSFORMATION(#10331) 
SHAPE_REPRESENTATION_RELATIONSHIP() );
#10331 = ITEM_DEFINED_TRANSFORMATION('','',#11,#6807);
#10332 = PRODUCT_DEFINITION_SHAPE('Placement','Placement of an item',
  #10333);
#10333 = NEXT_ASSEMBLY_USAGE_OCCURRENCE('7','=>[0:1:1:7]','',#6801,#6824
  ,$);
#10334 = PRODUCT_RELATED_PRODUCT_CATEGORY('part',$,(#6826));
#10335 = SHAPE_DEFINITION_REPRESENTATION(#10336,#10342);
#10336 = PRODUCT_DEFINITION_SHAPE('','',#10337);
#10337 = PRODUCT_DEFINITION('design','',#10338,#10341);
#10338 = PRODUCT_DEFINITION_FORMATION('','',#10339);
#10339 = PRODUCT('Ac controller-unsaved-export-HwYVHW_PCB',
  'Ac controller-unsaved-export-HwYVHW_PCB','',(#10340));
#10340 = PRODUCT_CONTEXT('',#2,'mechanical');
#10341 = PRODUCT_DEFINITION_CONTEXT('part definition',#2,'design');
#10342 = ADVANCED_BREP_SHAPE_REPRESENTATION('',(#11,#10343),#10883);
#10343 = MANIFOLD_SOLID_BREP('',#10344);
#10344 = CLOSED_SHELL('',(#10345,#10385,#10416,#10447,#10574,#10701,
    #10713,#10730,#10747,#10764,#10781,#10798,#10815,#10832,#10849,
    #10866));
#10345 = ADVANCED_FACE('',(#10346),#10380,.T.);
#10346 = FACE_BOUND('',#10347,.T.);
#10347 = EDGE_LOOP('',(#10348,#10358,#10366,#10374));
#10348 = ORIENTED_EDGE('',*,*,#10349,.T.);
#10349 = EDGE_CURVE('',#10350,#10352,#10354,.T.);
#10350 = VERTEX_POINT('',#10351);
#10351 = CARTESIAN_POINT('',(182.5,-102.5,0.));
#10352 = VERTEX_POINT('',#10353);
#10353 = CARTESIAN_POINT('',(182.5,-102.5,1.51));
#10354 = LINE('',#10355,#10356);
#10355 = CARTESIAN_POINT('',(182.5,-102.5,0.));
#10356 = VECTOR('',#10357,1.);
#10357 = DIRECTION('',(0.,0.,1.));
#10358 = ORIENTED_EDGE('',*,*,#10359,.T.);
#10359 = EDGE_CURVE('',#10352,#10360,#10362,.T.);
#10360 = VERTEX_POINT('',#10361);
#10361 = CARTESIAN_POINT('',(149.5,-102.5,1.51));
#10362 = LINE('',#10363,#10364);
#10363 = CARTESIAN_POINT('',(182.5,-102.5,1.51));
#10364 = VECTOR('',#10365,1.);
#10365 = DIRECTION('',(-1.,0.,0.));
#10366 = ORIENTED_EDGE('',*,*,#10367,.F.);
#10367 = EDGE_CURVE('',#10368,#10360,#10370,.T.);
#10368 = VERTEX_POINT('',#10369);
#10369 = CARTESIAN_POINT('',(149.5,-102.5,0.));
#10370 = LINE('',#10371,#10372);
#10371 = CARTESIAN_POINT('',(149.5,-102.5,0.));
#10372 = VECTOR('',#10373,1.);
#10373 = DIRECTION('',(0.,0.,1.));
#10374 = ORIENTED_EDGE('',*,*,#10375,.F.);
#10375 = EDGE_CURVE('',#10350,#10368,#10376,.T.);
#10376 = LINE('',#10377,#10378);
#10377 = CARTESIAN_POINT('',(182.5,-102.5,0.));
#10378 = VECTOR('',#10379,1.);
#10379 = DIRECTION('',(-1.,0.,0.));
#10380 = PLANE('',#10381);
#10381 = AXIS2_PLACEMENT_3D('',#10382,#10383,#10384);
#10382 = CARTESIAN_POINT('',(182.5,-102.5,0.));
#10383 = DIRECTION('',(0.,-1.,0.));
#10384 = DIRECTION('',(-1.,0.,0.));
#10385 = ADVANCED_FACE('',(#10386),#10411,.T.);
#10386 = FACE_BOUND('',#10387,.T.);
#10387 = EDGE_LOOP('',(#10388,#10398,#10404,#10405));
#10388 = ORIENTED_EDGE('',*,*,#10389,.T.);
#10389 = EDGE_CURVE('',#10390,#10392,#10394,.T.);
#10390 = VERTEX_POINT('',#10391);
#10391 = CARTESIAN_POINT('',(182.5,-44.,0.));
#10392 = VERTEX_POINT('',#10393);
#10393 = CARTESIAN_POINT('',(182.5,-44.,1.51));
#10394 = LINE('',#10395,#10396);
#10395 = CARTESIAN_POINT('',(182.5,-44.,0.));
#10396 = VECTOR('',#10397,1.);
#10397 = DIRECTION('',(0.,0.,1.));
#10398 = ORIENTED_EDGE('',*,*,#10399,.T.);
#10399 = EDGE_CURVE('',#10392,#10352,#10400,.T.);
#10400 = LINE('',#10401,#10402);
#10401 = CARTESIAN_POINT('',(182.5,-44.,1.51));
#10402 = VECTOR('',#10403,1.);
#10403 = DIRECTION('',(0.,-1.,0.));
#10404 = ORIENTED_EDGE('',*,*,#10349,.F.);
#10405 = ORIENTED_EDGE('',*,*,#10406,.F.);
#10406 = EDGE_CURVE('',#10390,#10350,#10407,.T.);
#10407 = LINE('',#10408,#10409);
#10408 = CARTESIAN_POINT('',(182.5,-44.,0.));
#10409 = VECTOR('',#10410,1.);
#10410 = DIRECTION('',(0.,-1.,0.));
#10411 = PLANE('',#10412);
#10412 = AXIS2_PLACEMENT_3D('',#10413,#10414,#10415);
#10413 = CARTESIAN_POINT('',(182.5,-44.,0.));
#10414 = DIRECTION('',(1.,0.,-0.));
#10415 = DIRECTION('',(0.,-1.,0.));
#10416 = ADVANCED_FACE('',(#10417),#10442,.T.);
#10417 = FACE_BOUND('',#10418,.T.);
#10418 = EDGE_LOOP('',(#10419,#10420,#10428,#10436));
#10419 = ORIENTED_EDGE('',*,*,#10367,.T.);
#10420 = ORIENTED_EDGE('',*,*,#10421,.T.);
#10421 = EDGE_CURVE('',#10360,#10422,#10424,.T.);
#10422 = VERTEX_POINT('',#10423);
#10423 = CARTESIAN_POINT('',(149.5,-44.,1.51));
#10424 = LINE('',#10425,#10426);
#10425 = CARTESIAN_POINT('',(149.5,-102.5,1.51));
#10426 = VECTOR('',#10427,1.);
#10427 = DIRECTION('',(0.,1.,0.));
#10428 = ORIENTED_EDGE('',*,*,#10429,.F.);
#10429 = EDGE_CURVE('',#10430,#10422,#10432,.T.);
#10430 = VERTEX_POINT('',#10431);
#10431 = CARTESIAN_POINT('',(149.5,-44.,0.));
#10432 = LINE('',#10433,#10434);
#10433 = CARTESIAN_POINT('',(149.5,-44.,0.));
#10434 = VECTOR('',#10435,1.);
#10435 = DIRECTION('',(0.,0.,1.));
#10436 = ORIENTED_EDGE('',*,*,#10437,.F.);
#10437 = EDGE_CURVE('',#10368,#10430,#10438,.T.);
#10438 = LINE('',#10439,#10440);
#10439 = CARTESIAN_POINT('',(149.5,-102.5,0.));
#10440 = VECTOR('',#10441,1.);
#10441 = DIRECTION('',(0.,1.,0.));
#10442 = PLANE('',#10443);
#10443 = AXIS2_PLACEMENT_3D('',#10444,#10445,#10446);
#10444 = CARTESIAN_POINT('',(149.5,-102.5,0.));
#10445 = DIRECTION('',(-1.,0.,0.));
#10446 = DIRECTION('',(0.,1.,0.));
#10447 = ADVANCED_FACE('',(#10448,#10459,#10470,#10481,#10492,#10503,
    #10514,#10525,#10536,#10547,#10558),#10569,.F.);
#10448 = FACE_BOUND('',#10449,.F.);
#10449 = EDGE_LOOP('',(#10450,#10451,#10452,#10458));
#10450 = ORIENTED_EDGE('',*,*,#10375,.F.);
#10451 = ORIENTED_EDGE('',*,*,#10406,.F.);
#10452 = ORIENTED_EDGE('',*,*,#10453,.F.);
#10453 = EDGE_CURVE('',#10430,#10390,#10454,.T.);
#10454 = LINE('',#10455,#10456);
#10455 = CARTESIAN_POINT('',(149.5,-44.,0.));
#10456 = VECTOR('',#10457,1.);
#10457 = DIRECTION('',(1.,0.,0.));
#10458 = ORIENTED_EDGE('',*,*,#10437,.F.);
#10459 = FACE_BOUND('',#10460,.F.);
#10460 = EDGE_LOOP('',(#10461));
#10461 = ORIENTED_EDGE('',*,*,#10462,.T.);
#10462 = EDGE_CURVE('',#10463,#10463,#10465,.T.);
#10463 = VERTEX_POINT('',#10464);
#10464 = CARTESIAN_POINT('',(154.35,-73.5,0.));
#10465 = CIRCLE('',#10466,1.);
#10466 = AXIS2_PLACEMENT_3D('',#10467,#10468,#10469);
#10467 = CARTESIAN_POINT('',(154.35,-72.5,0.));
#10468 = DIRECTION('',(-0.,0.,-1.));
#10469 = DIRECTION('',(-0.,-1.,0.));
#10470 = FACE_BOUND('',#10471,.F.);
#10471 = EDGE_LOOP('',(#10472));
#10472 = ORIENTED_EDGE('',*,*,#10473,.T.);
#10473 = EDGE_CURVE('',#10474,#10474,#10476,.T.);
#10474 = VERTEX_POINT('',#10475);
#10475 = CARTESIAN_POINT('',(165.5,-74.325,0.));
#10476 = CIRCLE('',#10477,0.375);
#10477 = AXIS2_PLACEMENT_3D('',#10478,#10479,#10480);
#10478 = CARTESIAN_POINT('',(165.5,-73.95,0.));
#10479 = DIRECTION('',(-0.,0.,-1.));
#10480 = DIRECTION('',(-0.,-1.,0.));
#10481 = FACE_BOUND('',#10482,.F.);
#10482 = EDGE_LOOP('',(#10483));
#10483 = ORIENTED_EDGE('',*,*,#10484,.T.);
#10484 = EDGE_CURVE('',#10485,#10485,#10487,.T.);
#10485 = VERTEX_POINT('',#10486);
#10486 = CARTESIAN_POINT('',(167.5,-74.325,0.));
#10487 = CIRCLE('',#10488,0.375);
#10488 = AXIS2_PLACEMENT_3D('',#10489,#10490,#10491);
#10489 = CARTESIAN_POINT('',(167.5,-73.95,0.));
#10490 = DIRECTION('',(-0.,0.,-1.));
#10491 = DIRECTION('',(-0.,-1.,0.));
#10492 = FACE_BOUND('',#10493,.F.);
#10493 = EDGE_LOOP('',(#10494));
#10494 = ORIENTED_EDGE('',*,*,#10495,.T.);
#10495 = EDGE_CURVE('',#10496,#10496,#10498,.T.);
#10496 = VERTEX_POINT('',#10497);
#10497 = CARTESIAN_POINT('',(177.65,-73.5,0.));
#10498 = CIRCLE('',#10499,1.);
#10499 = AXIS2_PLACEMENT_3D('',#10500,#10501,#10502);
#10500 = CARTESIAN_POINT('',(177.65,-72.5,0.));
#10501 = DIRECTION('',(-0.,0.,-1.));
#10502 = DIRECTION('',(-0.,-1.,0.));
#10503 = FACE_BOUND('',#10504,.F.);
#10504 = EDGE_LOOP('',(#10505));
#10505 = ORIENTED_EDGE('',*,*,#10506,.T.);
#10506 = EDGE_CURVE('',#10507,#10507,#10509,.T.);
#10507 = VERTEX_POINT('',#10508);
#10508 = CARTESIAN_POINT('',(154.35,-49.7,0.));
#10509 = CIRCLE('',#10510,1.);
#10510 = AXIS2_PLACEMENT_3D('',#10511,#10512,#10513);
#10511 = CARTESIAN_POINT('',(154.35,-48.7,0.));
#10512 = DIRECTION('',(-0.,0.,-1.));
#10513 = DIRECTION('',(-0.,-1.,0.));
#10514 = FACE_BOUND('',#10515,.F.);
#10515 = EDGE_LOOP('',(#10516));
#10516 = ORIENTED_EDGE('',*,*,#10517,.T.);
#10517 = EDGE_CURVE('',#10518,#10518,#10520,.T.);
#10518 = VERTEX_POINT('',#10519);
#10519 = CARTESIAN_POINT('',(162.19,-48.7,0.));
#10520 = CIRCLE('',#10521,0.5);
#10521 = AXIS2_PLACEMENT_3D('',#10522,#10523,#10524);
#10522 = CARTESIAN_POINT('',(162.19,-48.2,0.));
#10523 = DIRECTION('',(-0.,0.,-1.));
#10524 = DIRECTION('',(-0.,-1.,0.));
#10525 = FACE_BOUND('',#10526,.F.);
#10526 = EDGE_LOOP('',(#10527));
#10527 = ORIENTED_EDGE('',*,*,#10528,.T.);
#10528 = EDGE_CURVE('',#10529,#10529,#10531,.T.);
#10529 = VERTEX_POINT('',#10530);
#10530 = CARTESIAN_POINT('',(164.73,-48.7,0.));
#10531 = CIRCLE('',#10532,0.5);
#10532 = AXIS2_PLACEMENT_3D('',#10533,#10534,#10535);
#10533 = CARTESIAN_POINT('',(164.73,-48.2,0.));
#10534 = DIRECTION('',(-0.,0.,-1.));
#10535 = DIRECTION('',(-0.,-1.,0.));
#10536 = FACE_BOUND('',#10537,.F.);
#10537 = EDGE_LOOP('',(#10538));
#10538 = ORIENTED_EDGE('',*,*,#10539,.T.);
#10539 = EDGE_CURVE('',#10540,#10540,#10542,.T.);
#10540 = VERTEX_POINT('',#10541);
#10541 = CARTESIAN_POINT('',(167.27,-48.7,0.));
#10542 = CIRCLE('',#10543,0.5);
#10543 = AXIS2_PLACEMENT_3D('',#10544,#10545,#10546);
#10544 = CARTESIAN_POINT('',(167.27,-48.2,0.));
#10545 = DIRECTION('',(-0.,0.,-1.));
#10546 = DIRECTION('',(-0.,-1.,0.));
#10547 = FACE_BOUND('',#10548,.F.);
#10548 = EDGE_LOOP('',(#10549));
#10549 = ORIENTED_EDGE('',*,*,#10550,.T.);
#10550 = EDGE_CURVE('',#10551,#10551,#10553,.T.);
#10551 = VERTEX_POINT('',#10552);
#10552 = CARTESIAN_POINT('',(169.81,-48.7,0.));
#10553 = CIRCLE('',#10554,0.5);
#10554 = AXIS2_PLACEMENT_3D('',#10555,#10556,#10557);
#10555 = CARTESIAN_POINT('',(169.81,-48.2,0.));
#10556 = DIRECTION('',(-0.,0.,-1.));
#10557 = DIRECTION('',(-0.,-1.,0.));
#10558 = FACE_BOUND('',#10559,.F.);
#10559 = EDGE_LOOP('',(#10560));
#10560 = ORIENTED_EDGE('',*,*,#10561,.T.);
#10561 = EDGE_CURVE('',#10562,#10562,#10564,.T.);
#10562 = VERTEX_POINT('',#10563);
#10563 = CARTESIAN_POINT('',(177.65,-49.7,0.));
#10564 = CIRCLE('',#10565,1.);
#10565 = AXIS2_PLACEMENT_3D('',#10566,#10567,#10568);
#10566 = CARTESIAN_POINT('',(177.65,-48.7,0.));
#10567 = DIRECTION('',(-0.,0.,-1.));
#10568 = DIRECTION('',(-0.,-1.,0.));
#10569 = PLANE('',#10570);
#10570 = AXIS2_PLACEMENT_3D('',#10571,#10572,#10573);
#10571 = CARTESIAN_POINT('',(0.,0.,0.));
#10572 = DIRECTION('',(0.,0.,1.));
#10573 = DIRECTION('',(1.,0.,-0.));
#10574 = ADVANCED_FACE('',(#10575,#10586,#10597,#10608,#10619,#10630,
    #10641,#10652,#10663,#10674,#10685),#10696,.T.);
#10575 = FACE_BOUND('',#10576,.T.);
#10576 = EDGE_LOOP('',(#10577,#10578,#10579,#10585));
#10577 = ORIENTED_EDGE('',*,*,#10359,.F.);
#10578 = ORIENTED_EDGE('',*,*,#10399,.F.);
#10579 = ORIENTED_EDGE('',*,*,#10580,.F.);
#10580 = EDGE_CURVE('',#10422,#10392,#10581,.T.);
#10581 = LINE('',#10582,#10583);
#10582 = CARTESIAN_POINT('',(149.5,-44.,1.51));
#10583 = VECTOR('',#10584,1.);
#10584 = DIRECTION('',(1.,0.,0.));
#10585 = ORIENTED_EDGE('',*,*,#10421,.F.);
#10586 = FACE_BOUND('',#10587,.T.);
#10587 = EDGE_LOOP('',(#10588));
#10588 = ORIENTED_EDGE('',*,*,#10589,.T.);
#10589 = EDGE_CURVE('',#10590,#10590,#10592,.T.);
#10590 = VERTEX_POINT('',#10591);
#10591 = CARTESIAN_POINT('',(154.35,-73.5,1.51));
#10592 = CIRCLE('',#10593,1.);
#10593 = AXIS2_PLACEMENT_3D('',#10594,#10595,#10596);
#10594 = CARTESIAN_POINT('',(154.35,-72.5,1.51));
#10595 = DIRECTION('',(-0.,0.,-1.));
#10596 = DIRECTION('',(-0.,-1.,0.));
#10597 = FACE_BOUND('',#10598,.T.);
#10598 = EDGE_LOOP('',(#10599));
#10599 = ORIENTED_EDGE('',*,*,#10600,.T.);
#10600 = EDGE_CURVE('',#10601,#10601,#10603,.T.);
#10601 = VERTEX_POINT('',#10602);
#10602 = CARTESIAN_POINT('',(165.5,-74.325,1.51));
#10603 = CIRCLE('',#10604,0.375);
#10604 = AXIS2_PLACEMENT_3D('',#10605,#10606,#10607);
#10605 = CARTESIAN_POINT('',(165.5,-73.95,1.51));
#10606 = DIRECTION('',(-0.,0.,-1.));
#10607 = DIRECTION('',(-0.,-1.,0.));
#10608 = FACE_BOUND('',#10609,.T.);
#10609 = EDGE_LOOP('',(#10610));
#10610 = ORIENTED_EDGE('',*,*,#10611,.T.);
#10611 = EDGE_CURVE('',#10612,#10612,#10614,.T.);
#10612 = VERTEX_POINT('',#10613);
#10613 = CARTESIAN_POINT('',(167.5,-74.325,1.51));
#10614 = CIRCLE('',#10615,0.375);
#10615 = AXIS2_PLACEMENT_3D('',#10616,#10617,#10618);
#10616 = CARTESIAN_POINT('',(167.5,-73.95,1.51));
#10617 = DIRECTION('',(-0.,0.,-1.));
#10618 = DIRECTION('',(-0.,-1.,0.));
#10619 = FACE_BOUND('',#10620,.T.);
#10620 = EDGE_LOOP('',(#10621));
#10621 = ORIENTED_EDGE('',*,*,#10622,.T.);
#10622 = EDGE_CURVE('',#10623,#10623,#10625,.T.);
#10623 = VERTEX_POINT('',#10624);
#10624 = CARTESIAN_POINT('',(177.65,-73.5,1.51));
#10625 = CIRCLE('',#10626,1.);
#10626 = AXIS2_PLACEMENT_3D('',#10627,#10628,#10629);
#10627 = CARTESIAN_POINT('',(177.65,-72.5,1.51));
#10628 = DIRECTION('',(-0.,0.,-1.));
#10629 = DIRECTION('',(-0.,-1.,0.));
#10630 = FACE_BOUND('',#10631,.T.);
#10631 = EDGE_LOOP('',(#10632));
#10632 = ORIENTED_EDGE('',*,*,#10633,.T.);
#10633 = EDGE_CURVE('',#10634,#10634,#10636,.T.);
#10634 = VERTEX_POINT('',#10635);
#10635 = CARTESIAN_POINT('',(154.35,-49.7,1.51));
#10636 = CIRCLE('',#10637,1.);
#10637 = AXIS2_PLACEMENT_3D('',#10638,#10639,#10640);
#10638 = CARTESIAN_POINT('',(154.35,-48.7,1.51));
#10639 = DIRECTION('',(-0.,0.,-1.));
#10640 = DIRECTION('',(-0.,-1.,0.));
#10641 = FACE_BOUND('',#10642,.T.);
#10642 = EDGE_LOOP('',(#10643));
#10643 = ORIENTED_EDGE('',*,*,#10644,.T.);
#10644 = EDGE_CURVE('',#10645,#10645,#10647,.T.);
#10645 = VERTEX_POINT('',#10646);
#10646 = CARTESIAN_POINT('',(162.19,-48.7,1.51));
#10647 = CIRCLE('',#10648,0.5);
#10648 = AXIS2_PLACEMENT_3D('',#10649,#10650,#10651);
#10649 = CARTESIAN_POINT('',(162.19,-48.2,1.51));
#10650 = DIRECTION('',(-0.,0.,-1.));
#10651 = DIRECTION('',(-0.,-1.,0.));
#10652 = FACE_BOUND('',#10653,.T.);
#10653 = EDGE_LOOP('',(#10654));
#10654 = ORIENTED_EDGE('',*,*,#10655,.T.);
#10655 = EDGE_CURVE('',#10656,#10656,#10658,.T.);
#10656 = VERTEX_POINT('',#10657);
#10657 = CARTESIAN_POINT('',(164.73,-48.7,1.51));
#10658 = CIRCLE('',#10659,0.5);
#10659 = AXIS2_PLACEMENT_3D('',#10660,#10661,#10662);
#10660 = CARTESIAN_POINT('',(164.73,-48.2,1.51));
#10661 = DIRECTION('',(-0.,0.,-1.));
#10662 = DIRECTION('',(-0.,-1.,0.));
#10663 = FACE_BOUND('',#10664,.T.);
#10664 = EDGE_LOOP('',(#10665));
#10665 = ORIENTED_EDGE('',*,*,#10666,.T.);
#10666 = EDGE_CURVE('',#10667,#10667,#10669,.T.);
#10667 = VERTEX_POINT('',#10668);
#10668 = CARTESIAN_POINT('',(167.27,-48.7,1.51));
#10669 = CIRCLE('',#10670,0.5);
#10670 = AXIS2_PLACEMENT_3D('',#10671,#10672,#10673);
#10671 = CARTESIAN_POINT('',(167.27,-48.2,1.51));
#10672 = DIRECTION('',(-0.,0.,-1.));
#10673 = DIRECTION('',(-0.,-1.,0.));
#10674 = FACE_BOUND('',#10675,.T.);
#10675 = EDGE_LOOP('',(#10676));
#10676 = ORIENTED_EDGE('',*,*,#10677,.T.);
#10677 = EDGE_CURVE('',#10678,#10678,#10680,.T.);
#10678 = VERTEX_POINT('',#10679);
#10679 = CARTESIAN_POINT('',(169.81,-48.7,1.51));
#10680 = CIRCLE('',#10681,0.5);
#10681 = AXIS2_PLACEMENT_3D('',#10682,#10683,#10684);
#10682 = CARTESIAN_POINT('',(169.81,-48.2,1.51));
#10683 = DIRECTION('',(-0.,0.,-1.));
#10684 = DIRECTION('',(-0.,-1.,0.));
#10685 = FACE_BOUND('',#10686,.T.);
#10686 = EDGE_LOOP('',(#10687));
#10687 = ORIENTED_EDGE('',*,*,#10688,.T.);
#10688 = EDGE_CURVE('',#10689,#10689,#10691,.T.);
#10689 = VERTEX_POINT('',#10690);
#10690 = CARTESIAN_POINT('',(177.65,-49.7,1.51));
#10691 = CIRCLE('',#10692,1.);
#10692 = AXIS2_PLACEMENT_3D('',#10693,#10694,#10695);
#10693 = CARTESIAN_POINT('',(177.65,-48.7,1.51));
#10694 = DIRECTION('',(-0.,0.,-1.));
#10695 = DIRECTION('',(-0.,-1.,0.));
#10696 = PLANE('',#10697);
#10697 = AXIS2_PLACEMENT_3D('',#10698,#10699,#10700);
#10698 = CARTESIAN_POINT('',(0.,0.,1.51));
#10699 = DIRECTION('',(0.,0.,1.));
#10700 = DIRECTION('',(1.,0.,-0.));
#10701 = ADVANCED_FACE('',(#10702),#10708,.T.);
#10702 = FACE_BOUND('',#10703,.T.);
#10703 = EDGE_LOOP('',(#10704,#10705,#10706,#10707));
#10704 = ORIENTED_EDGE('',*,*,#10429,.T.);
#10705 = ORIENTED_EDGE('',*,*,#10580,.T.);
#10706 = ORIENTED_EDGE('',*,*,#10389,.F.);
#10707 = ORIENTED_EDGE('',*,*,#10453,.F.);
#10708 = PLANE('',#10709);
#10709 = AXIS2_PLACEMENT_3D('',#10710,#10711,#10712);
#10710 = CARTESIAN_POINT('',(149.5,-44.,0.));
#10711 = DIRECTION('',(0.,1.,0.));
#10712 = DIRECTION('',(1.,0.,0.));
#10713 = ADVANCED_FACE('',(#10714),#10725,.F.);
#10714 = FACE_BOUND('',#10715,.T.);
#10715 = EDGE_LOOP('',(#10716,#10717,#10723,#10724));
#10716 = ORIENTED_EDGE('',*,*,#10462,.T.);
#10717 = ORIENTED_EDGE('',*,*,#10718,.T.);
#10718 = EDGE_CURVE('',#10463,#10590,#10719,.T.);
#10719 = LINE('',#10720,#10721);
#10720 = CARTESIAN_POINT('',(154.35,-73.5,-4.6E-02));
#10721 = VECTOR('',#10722,1.);
#10722 = DIRECTION('',(0.,0.,1.));
#10723 = ORIENTED_EDGE('',*,*,#10589,.F.);
#10724 = ORIENTED_EDGE('',*,*,#10718,.F.);
#10725 = CYLINDRICAL_SURFACE('',#10726,1.);
#10726 = AXIS2_PLACEMENT_3D('',#10727,#10728,#10729);
#10727 = CARTESIAN_POINT('',(154.35,-72.5,-4.6E-02));
#10728 = DIRECTION('',(-0.,-0.,-1.));
#10729 = DIRECTION('',(-0.,-1.,0.));
#10730 = ADVANCED_FACE('',(#10731),#10742,.F.);
#10731 = FACE_BOUND('',#10732,.T.);
#10732 = EDGE_LOOP('',(#10733,#10734,#10740,#10741));
#10733 = ORIENTED_EDGE('',*,*,#10473,.T.);
#10734 = ORIENTED_EDGE('',*,*,#10735,.T.);
#10735 = EDGE_CURVE('',#10474,#10601,#10736,.T.);
#10736 = LINE('',#10737,#10738);
#10737 = CARTESIAN_POINT('',(165.5,-74.325,-4.6E-02));
#10738 = VECTOR('',#10739,1.);
#10739 = DIRECTION('',(0.,0.,1.));
#10740 = ORIENTED_EDGE('',*,*,#10600,.F.);
#10741 = ORIENTED_EDGE('',*,*,#10735,.F.);
#10742 = CYLINDRICAL_SURFACE('',#10743,0.375);
#10743 = AXIS2_PLACEMENT_3D('',#10744,#10745,#10746);
#10744 = CARTESIAN_POINT('',(165.5,-73.95,-4.6E-02));
#10745 = DIRECTION('',(-0.,-0.,-1.));
#10746 = DIRECTION('',(-0.,-1.,0.));
#10747 = ADVANCED_FACE('',(#10748),#10759,.F.);
#10748 = FACE_BOUND('',#10749,.T.);
#10749 = EDGE_LOOP('',(#10750,#10751,#10757,#10758));
#10750 = ORIENTED_EDGE('',*,*,#10484,.T.);
#10751 = ORIENTED_EDGE('',*,*,#10752,.T.);
#10752 = EDGE_CURVE('',#10485,#10612,#10753,.T.);
#10753 = LINE('',#10754,#10755);
#10754 = CARTESIAN_POINT('',(167.5,-74.325,-4.6E-02));
#10755 = VECTOR('',#10756,1.);
#10756 = DIRECTION('',(0.,0.,1.));
#10757 = ORIENTED_EDGE('',*,*,#10611,.F.);
#10758 = ORIENTED_EDGE('',*,*,#10752,.F.);
#10759 = CYLINDRICAL_SURFACE('',#10760,0.375);
#10760 = AXIS2_PLACEMENT_3D('',#10761,#10762,#10763);
#10761 = CARTESIAN_POINT('',(167.5,-73.95,-4.6E-02));
#10762 = DIRECTION('',(-0.,-0.,-1.));
#10763 = DIRECTION('',(-0.,-1.,0.));
#10764 = ADVANCED_FACE('',(#10765),#10776,.F.);
#10765 = FACE_BOUND('',#10766,.T.);
#10766 = EDGE_LOOP('',(#10767,#10768,#10774,#10775));
#10767 = ORIENTED_EDGE('',*,*,#10495,.T.);
#10768 = ORIENTED_EDGE('',*,*,#10769,.T.);
#10769 = EDGE_CURVE('',#10496,#10623,#10770,.T.);
#10770 = LINE('',#10771,#10772);
#10771 = CARTESIAN_POINT('',(177.65,-73.5,-4.6E-02));
#10772 = VECTOR('',#10773,1.);
#10773 = DIRECTION('',(0.,0.,1.));
#10774 = ORIENTED_EDGE('',*,*,#10622,.F.);
#10775 = ORIENTED_EDGE('',*,*,#10769,.F.);
#10776 = CYLINDRICAL_SURFACE('',#10777,1.);
#10777 = AXIS2_PLACEMENT_3D('',#10778,#10779,#10780);
#10778 = CARTESIAN_POINT('',(177.65,-72.5,-4.6E-02));
#10779 = DIRECTION('',(-0.,-0.,-1.));
#10780 = DIRECTION('',(-0.,-1.,0.));
#10781 = ADVANCED_FACE('',(#10782),#10793,.F.);
#10782 = FACE_BOUND('',#10783,.T.);
#10783 = EDGE_LOOP('',(#10784,#10785,#10791,#10792));
#10784 = ORIENTED_EDGE('',*,*,#10506,.T.);
#10785 = ORIENTED_EDGE('',*,*,#10786,.T.);
#10786 = EDGE_CURVE('',#10507,#10634,#10787,.T.);
#10787 = LINE('',#10788,#10789);
#10788 = CARTESIAN_POINT('',(154.35,-49.7,-4.6E-02));
#10789 = VECTOR('',#10790,1.);
#10790 = DIRECTION('',(0.,0.,1.));
#10791 = ORIENTED_EDGE('',*,*,#10633,.F.);
#10792 = ORIENTED_EDGE('',*,*,#10786,.F.);
#10793 = CYLINDRICAL_SURFACE('',#10794,1.);
#10794 = AXIS2_PLACEMENT_3D('',#10795,#10796,#10797);
#10795 = CARTESIAN_POINT('',(154.35,-48.7,-4.6E-02));
#10796 = DIRECTION('',(-0.,-0.,-1.));
#10797 = DIRECTION('',(-0.,-1.,0.));
#10798 = ADVANCED_FACE('',(#10799),#10810,.F.);
#10799 = FACE_BOUND('',#10800,.T.);
#10800 = EDGE_LOOP('',(#10801,#10802,#10808,#10809));
#10801 = ORIENTED_EDGE('',*,*,#10517,.T.);
#10802 = ORIENTED_EDGE('',*,*,#10803,.T.);
#10803 = EDGE_CURVE('',#10518,#10645,#10804,.T.);
#10804 = LINE('',#10805,#10806);
#10805 = CARTESIAN_POINT('',(162.19,-48.7,-4.6E-02));
#10806 = VECTOR('',#10807,1.);
#10807 = DIRECTION('',(0.,0.,1.));
#10808 = ORIENTED_EDGE('',*,*,#10644,.F.);
#10809 = ORIENTED_EDGE('',*,*,#10803,.F.);
#10810 = CYLINDRICAL_SURFACE('',#10811,0.5);
#10811 = AXIS2_PLACEMENT_3D('',#10812,#10813,#10814);
#10812 = CARTESIAN_POINT('',(162.19,-48.2,-4.6E-02));
#10813 = DIRECTION('',(-0.,-0.,-1.));
#10814 = DIRECTION('',(-0.,-1.,0.));
#10815 = ADVANCED_FACE('',(#10816),#10827,.F.);
#10816 = FACE_BOUND('',#10817,.T.);
#10817 = EDGE_LOOP('',(#10818,#10819,#10825,#10826));
#10818 = ORIENTED_EDGE('',*,*,#10528,.T.);
#10819 = ORIENTED_EDGE('',*,*,#10820,.T.);
#10820 = EDGE_CURVE('',#10529,#10656,#10821,.T.);
#10821 = LINE('',#10822,#10823);
#10822 = CARTESIAN_POINT('',(164.73,-48.7,-4.6E-02));
#10823 = VECTOR('',#10824,1.);
#10824 = DIRECTION('',(0.,0.,1.));
#10825 = ORIENTED_EDGE('',*,*,#10655,.F.);
#10826 = ORIENTED_EDGE('',*,*,#10820,.F.);
#10827 = CYLINDRICAL_SURFACE('',#10828,0.5);
#10828 = AXIS2_PLACEMENT_3D('',#10829,#10830,#10831);
#10829 = CARTESIAN_POINT('',(164.73,-48.2,-4.6E-02));
#10830 = DIRECTION('',(-0.,-0.,-1.));
#10831 = DIRECTION('',(-0.,-1.,0.));
#10832 = ADVANCED_FACE('',(#10833),#10844,.F.);
#10833 = FACE_BOUND('',#10834,.T.);
#10834 = EDGE_LOOP('',(#10835,#10836,#10842,#10843));
#10835 = ORIENTED_EDGE('',*,*,#10539,.T.);
#10836 = ORIENTED_EDGE('',*,*,#10837,.T.);
#10837 = EDGE_CURVE('',#10540,#10667,#10838,.T.);
#10838 = LINE('',#10839,#10840);
#10839 = CARTESIAN_POINT('',(167.27,-48.7,-4.6E-02));
#10840 = VECTOR('',#10841,1.);
#10841 = DIRECTION('',(0.,0.,1.));
#10842 = ORIENTED_EDGE('',*,*,#10666,.F.);
#10843 = ORIENTED_EDGE('',*,*,#10837,.F.);
#10844 = CYLINDRICAL_SURFACE('',#10845,0.5);
#10845 = AXIS2_PLACEMENT_3D('',#10846,#10847,#10848);
#10846 = CARTESIAN_POINT('',(167.27,-48.2,-4.6E-02));
#10847 = DIRECTION('',(-0.,-0.,-1.));
#10848 = DIRECTION('',(-0.,-1.,0.));
#10849 = ADVANCED_FACE('',(#10850),#10861,.F.);
#10850 = FACE_BOUND('',#10851,.T.);
#10851 = EDGE_LOOP('',(#10852,#10853,#10859,#10860));
#10852 = ORIENTED_EDGE('',*,*,#10550,.T.);
#10853 = ORIENTED_EDGE('',*,*,#10854,.T.);
#10854 = EDGE_CURVE('',#10551,#10678,#10855,.T.);
#10855 = LINE('',#10856,#10857);
#10856 = CARTESIAN_POINT('',(169.81,-48.7,-4.6E-02));
#10857 = VECTOR('',#10858,1.);
#10858 = DIRECTION('',(0.,0.,1.));
#10859 = ORIENTED_EDGE('',*,*,#10677,.F.);
#10860 = ORIENTED_EDGE('',*,*,#10854,.F.);
#10861 = CYLINDRICAL_SURFACE('',#10862,0.5);
#10862 = AXIS2_PLACEMENT_3D('',#10863,#10864,#10865);
#10863 = CARTESIAN_POINT('',(169.81,-48.2,-4.6E-02));
#10864 = DIRECTION('',(-0.,-0.,-1.));
#10865 = DIRECTION('',(-0.,-1.,0.));
#10866 = ADVANCED_FACE('',(#10867),#10878,.F.);
#10867 = FACE_BOUND('',#10868,.T.);
#10868 = EDGE_LOOP('',(#10869,#10870,#10876,#10877));
#10869 = ORIENTED_EDGE('',*,*,#10561,.T.);
#10870 = ORIENTED_EDGE('',*,*,#10871,.T.);
#10871 = EDGE_CURVE('',#10562,#10689,#10872,.T.);
#10872 = LINE('',#10873,#10874);
#10873 = CARTESIAN_POINT('',(177.65,-49.7,-4.6E-02));
#10874 = VECTOR('',#10875,1.);
#10875 = DIRECTION('',(0.,0.,1.));
#10876 = ORIENTED_EDGE('',*,*,#10688,.F.);
#10877 = ORIENTED_EDGE('',*,*,#10871,.F.);
#10878 = CYLINDRICAL_SURFACE('',#10879,1.);
#10879 = AXIS2_PLACEMENT_3D('',#10880,#10881,#10882);
#10880 = CARTESIAN_POINT('',(177.65,-48.7,-4.6E-02));
#10881 = DIRECTION('',(-0.,-0.,-1.));
#10882 = DIRECTION('',(-0.,-1.,0.));
#10883 = ( GEOMETRIC_REPRESENTATION_CONTEXT(3) 
GLOBAL_UNCERTAINTY_ASSIGNED_CONTEXT((#10887)) 
GLOBAL_UNIT_ASSIGNED_CONTEXT((#10884,#10885,#10886)) 
REPRESENTATION_CONTEXT('Context #1',
  '3D Context with UNIT and UNCERTAINTY') );
#10884 = ( LENGTH_UNIT() NAMED_UNIT(*) SI_UNIT(.MILLI.,.METRE.) );
#10885 = ( NAMED_UNIT(*) PLANE_ANGLE_UNIT() SI_UNIT($,.RADIAN.) );
#10886 = ( NAMED_UNIT(*) SI_UNIT($,.STERADIAN.) SOLID_ANGLE_UNIT() );
#10887 = UNCERTAINTY_MEASURE_WITH_UNIT(LENGTH_MEASURE(1.E-07),#10884,
  'distance_accuracy_value','confusion accuracy');
#10888 = CONTEXT_DEPENDENT_SHAPE_REPRESENTATION(#10889,#10891);
#10889 = ( REPRESENTATION_RELATIONSHIP('','',#10342,#10) 
REPRESENTATION_RELATIONSHIP_WITH_TRANSFORMATION(#10890) 
SHAPE_REPRESENTATION_RELATIONSHIP() );
#10890 = ITEM_DEFINED_TRANSFORMATION('','',#11,#35);
#10891 = PRODUCT_DEFINITION_SHAPE('Placement','Placement of an item',
  #10892);
#10892 = NEXT_ASSEMBLY_USAGE_OCCURRENCE('9','=>[0:1:1:8]','',#5,#10337,$
  );
#10893 = PRODUCT_RELATED_PRODUCT_CATEGORY('part',$,(#10339));
#10894 = MECHANICAL_DESIGN_GEOMETRIC_PRESENTATION_REPRESENTATION('',(
    #10895,#10903,#10910,#10917,#10924,#10931,#10938,#10945,#10952,
    #10959,#10966,#10973,#10980,#10987,#10994,#11001,#11008,#11015,
    #11022,#11029,#11036,#11043,#11050,#11057,#11064,#11071,#11078,
    #11085,#11092,#11099,#11106,#11113,#11120,#11127,#11134,#11141,
    #11148,#11155,#11162,#11169,#11176,#11183,#11190,#11197,#11204,
    #11211,#11218,#11225,#11232,#11239,#11246,#11253,#11260,#11267,
    #11274,#11282,#11289,#11296,#11303,#11310,#11317,#11324,#11331,
    #11338,#11345,#11352,#11359,#11366,#11373,#11380,#11387,#11394,
    #11401,#11408,#11415,#11422,#11429,#11436,#11443,#11450,#11457,
    #11464,#11471,#11478,#11485,#11492,#11499,#11506,#11513,#11520,
    #11527,#11534,#11541,#11548,#11555,#11562,#11569,#11576,#11583,
    #11590,#11597,#11604,#11611,#11618,#11625,#11632,#11639,#11646,
    #11653,#11660),#10324);
#10895 = STYLED_ITEM('color',(#10896),#6832);
#10896 = PRESENTATION_STYLE_ASSIGNMENT((#10897));
#10897 = SURFACE_STYLE_USAGE(.BOTH.,#10898);
#10898 = SURFACE_SIDE_STYLE('',(#10899));
#10899 = SURFACE_STYLE_FILL_AREA(#10900);
#10900 = FILL_AREA_STYLE('',(#10901));
#10901 = FILL_AREA_STYLE_COLOUR('',#10902);
#10902 = COLOUR_RGB('',0.894117649055,0.890196087049,0.811764731185);
#10903 = STYLED_ITEM('color',(#10904),#6872);
#10904 = PRESENTATION_STYLE_ASSIGNMENT((#10905));
#10905 = SURFACE_STYLE_USAGE(.BOTH.,#10906);
#10906 = SURFACE_SIDE_STYLE('',(#10907));
#10907 = SURFACE_STYLE_FILL_AREA(#10908);
#10908 = FILL_AREA_STYLE('',(#10909));
#10909 = FILL_AREA_STYLE_COLOUR('',#10902);
#10910 = STYLED_ITEM('color',(#10911),#6952);
#10911 = PRESENTATION_STYLE_ASSIGNMENT((#10912));
#10912 = SURFACE_STYLE_USAGE(.BOTH.,#10913);
#10913 = SURFACE_SIDE_STYLE('',(#10914));
#10914 = SURFACE_STYLE_FILL_AREA(#10915);
#10915 = FILL_AREA_STYLE('',(#10916));
#10916 = FILL_AREA_STYLE_COLOUR('',#10902);
#10917 = STYLED_ITEM('color',(#10918),#7040);
#10918 = PRESENTATION_STYLE_ASSIGNMENT((#10919));
#10919 = SURFACE_STYLE_USAGE(.BOTH.,#10920);
#10920 = SURFACE_SIDE_STYLE('',(#10921));
#10921 = SURFACE_STYLE_FILL_AREA(#10922);
#10922 = FILL_AREA_STYLE('',(#10923));
#10923 = FILL_AREA_STYLE_COLOUR('',#10902);
#10924 = STYLED_ITEM('color',(#10925),#7097);
#10925 = PRESENTATION_STYLE_ASSIGNMENT((#10926));
#10926 = SURFACE_STYLE_USAGE(.BOTH.,#10927);
#10927 = SURFACE_SIDE_STYLE('',(#10928));
#10928 = SURFACE_STYLE_FILL_AREA(#10929);
#10929 = FILL_AREA_STYLE('',(#10930));
#10930 = FILL_AREA_STYLE_COLOUR('',#10902);
#10931 = STYLED_ITEM('color',(#10932),#7114);
#10932 = PRESENTATION_STYLE_ASSIGNMENT((#10933));
#10933 = SURFACE_STYLE_USAGE(.BOTH.,#10934);
#10934 = SURFACE_SIDE_STYLE('',(#10935));
#10935 = SURFACE_STYLE_FILL_AREA(#10936);
#10936 = FILL_AREA_STYLE('',(#10937));
#10937 = FILL_AREA_STYLE_COLOUR('',#10902);
#10938 = STYLED_ITEM('color',(#10939),#7138);
#10939 = PRESENTATION_STYLE_ASSIGNMENT((#10940));
#10940 = SURFACE_STYLE_USAGE(.BOTH.,#10941);
#10941 = SURFACE_SIDE_STYLE('',(#10942));
#10942 = SURFACE_STYLE_FILL_AREA(#10943);
#10943 = FILL_AREA_STYLE('',(#10944));
#10944 = FILL_AREA_STYLE_COLOUR('',#10902);
#10945 = STYLED_ITEM('color',(#10946),#7162);
#10946 = PRESENTATION_STYLE_ASSIGNMENT((#10947));
#10947 = SURFACE_STYLE_USAGE(.BOTH.,#10948);
#10948 = SURFACE_SIDE_STYLE('',(#10949));
#10949 = SURFACE_STYLE_FILL_AREA(#10950);
#10950 = FILL_AREA_STYLE('',(#10951));
#10951 = FILL_AREA_STYLE_COLOUR('',#10902);
#10952 = STYLED_ITEM('color',(#10953),#7186);
#10953 = PRESENTATION_STYLE_ASSIGNMENT((#10954));
#10954 = SURFACE_STYLE_USAGE(.BOTH.,#10955);
#10955 = SURFACE_SIDE_STYLE('',(#10956));
#10956 = SURFACE_STYLE_FILL_AREA(#10957);
#10957 = FILL_AREA_STYLE('',(#10958));
#10958 = FILL_AREA_STYLE_COLOUR('',#10902);
#10959 = STYLED_ITEM('color',(#10960),#7242);
#10960 = PRESENTATION_STYLE_ASSIGNMENT((#10961));
#10961 = SURFACE_STYLE_USAGE(.BOTH.,#10962);
#10962 = SURFACE_SIDE_STYLE('',(#10963));
#10963 = SURFACE_STYLE_FILL_AREA(#10964);
#10964 = FILL_AREA_STYLE('',(#10965));
#10965 = FILL_AREA_STYLE_COLOUR('',#10902);
#10966 = STYLED_ITEM('color',(#10967),#7378);
#10967 = PRESENTATION_STYLE_ASSIGNMENT((#10968));
#10968 = SURFACE_STYLE_USAGE(.BOTH.,#10969);
#10969 = SURFACE_SIDE_STYLE('',(#10970));
#10970 = SURFACE_STYLE_FILL_AREA(#10971);
#10971 = FILL_AREA_STYLE('',(#10972));
#10972 = FILL_AREA_STYLE_COLOUR('',#10902);
#10973 = STYLED_ITEM('color',(#10974),#7409);
#10974 = PRESENTATION_STYLE_ASSIGNMENT((#10975));
#10975 = SURFACE_STYLE_USAGE(.BOTH.,#10976);
#10976 = SURFACE_SIDE_STYLE('',(#10977));
#10977 = SURFACE_STYLE_FILL_AREA(#10978);
#10978 = FILL_AREA_STYLE('',(#10979));
#10979 = FILL_AREA_STYLE_COLOUR('',#10902);
#10980 = STYLED_ITEM('color',(#10981),#7421);
#10981 = PRESENTATION_STYLE_ASSIGNMENT((#10982));
#10982 = SURFACE_STYLE_USAGE(.BOTH.,#10983);
#10983 = SURFACE_SIDE_STYLE('',(#10984));
#10984 = SURFACE_STYLE_FILL_AREA(#10985);
#10985 = FILL_AREA_STYLE('',(#10986));
#10986 = FILL_AREA_STYLE_COLOUR('',#10902);
#10987 = STYLED_ITEM('color',(#10988),#7507);
#10988 = PRESENTATION_STYLE_ASSIGNMENT((#10989));
#10989 = SURFACE_STYLE_USAGE(.BOTH.,#10990);
#10990 = SURFACE_SIDE_STYLE('',(#10991));
#10991 = SURFACE_STYLE_FILL_AREA(#10992);
#10992 = FILL_AREA_STYLE('',(#10993));
#10993 = FILL_AREA_STYLE_COLOUR('',#10902);
#10994 = STYLED_ITEM('color',(#10995),#7521);
#10995 = PRESENTATION_STYLE_ASSIGNMENT((#10996));
#10996 = SURFACE_STYLE_USAGE(.BOTH.,#10997);
#10997 = SURFACE_SIDE_STYLE('',(#10998));
#10998 = SURFACE_STYLE_FILL_AREA(#10999);
#10999 = FILL_AREA_STYLE('',(#11000));
#11000 = FILL_AREA_STYLE_COLOUR('',#10902);
#11001 = STYLED_ITEM('color',(#11002),#7577);
#11002 = PRESENTATION_STYLE_ASSIGNMENT((#11003));
#11003 = SURFACE_STYLE_USAGE(.BOTH.,#11004);
#11004 = SURFACE_SIDE_STYLE('',(#11005));
#11005 = SURFACE_STYLE_FILL_AREA(#11006);
#11006 = FILL_AREA_STYLE('',(#11007));
#11007 = FILL_AREA_STYLE_COLOUR('',#10902);
#11008 = STYLED_ITEM('color',(#11009),#7634);
#11009 = PRESENTATION_STYLE_ASSIGNMENT((#11010));
#11010 = SURFACE_STYLE_USAGE(.BOTH.,#11011);
#11011 = SURFACE_SIDE_STYLE('',(#11012));
#11012 = SURFACE_STYLE_FILL_AREA(#11013);
#11013 = FILL_AREA_STYLE('',(#11014));
#11014 = FILL_AREA_STYLE_COLOUR('',#10902);
#11015 = STYLED_ITEM('color',(#11016),#7658);
#11016 = PRESENTATION_STYLE_ASSIGNMENT((#11017));
#11017 = SURFACE_STYLE_USAGE(.BOTH.,#11018);
#11018 = SURFACE_SIDE_STYLE('',(#11019));
#11019 = SURFACE_STYLE_FILL_AREA(#11020);
#11020 = FILL_AREA_STYLE('',(#11021));
#11021 = FILL_AREA_STYLE_COLOUR('',#10902);
#11022 = STYLED_ITEM('color',(#11023),#7731);
#11023 = PRESENTATION_STYLE_ASSIGNMENT((#11024));
#11024 = SURFACE_STYLE_USAGE(.BOTH.,#11025);
#11025 = SURFACE_SIDE_STYLE('',(#11026));
#11026 = SURFACE_STYLE_FILL_AREA(#11027);
#11027 = FILL_AREA_STYLE('',(#11028));
#11028 = FILL_AREA_STYLE_COLOUR('',#10902);
#11029 = STYLED_ITEM('color',(#11030),#7755);
#11030 = PRESENTATION_STYLE_ASSIGNMENT((#11031));
#11031 = SURFACE_STYLE_USAGE(.BOTH.,#11032);
#11032 = SURFACE_SIDE_STYLE('',(#11033));
#11033 = SURFACE_STYLE_FILL_AREA(#11034);
#11034 = FILL_AREA_STYLE('',(#11035));
#11035 = FILL_AREA_STYLE_COLOUR('',#10902);
#11036 = STYLED_ITEM('color',(#11037),#7788);
#11037 = PRESENTATION_STYLE_ASSIGNMENT((#11038));
#11038 = SURFACE_STYLE_USAGE(.BOTH.,#11039);
#11039 = SURFACE_SIDE_STYLE('',(#11040));
#11040 = SURFACE_STYLE_FILL_AREA(#11041);
#11041 = FILL_AREA_STYLE('',(#11042));
#11042 = FILL_AREA_STYLE_COLOUR('',#10902);
#11043 = STYLED_ITEM('color',(#11044),#7899);
#11044 = PRESENTATION_STYLE_ASSIGNMENT((#11045));
#11045 = SURFACE_STYLE_USAGE(.BOTH.,#11046);
#11046 = SURFACE_SIDE_STYLE('',(#11047));
#11047 = SURFACE_STYLE_FILL_AREA(#11048);
#11048 = FILL_AREA_STYLE('',(#11049));
#11049 = FILL_AREA_STYLE_COLOUR('',#10902);
#11050 = STYLED_ITEM('color',(#11051),#8016);
#11051 = PRESENTATION_STYLE_ASSIGNMENT((#11052));
#11052 = SURFACE_STYLE_USAGE(.BOTH.,#11053);
#11053 = SURFACE_SIDE_STYLE('',(#11054));
#11054 = SURFACE_STYLE_FILL_AREA(#11055);
#11055 = FILL_AREA_STYLE('',(#11056));
#11056 = FILL_AREA_STYLE_COLOUR('',#10902);
#11057 = STYLED_ITEM('color',(#11058),#8056);
#11058 = PRESENTATION_STYLE_ASSIGNMENT((#11059));
#11059 = SURFACE_STYLE_USAGE(.BOTH.,#11060);
#11060 = SURFACE_SIDE_STYLE('',(#11061));
#11061 = SURFACE_STYLE_FILL_AREA(#11062);
#11062 = FILL_AREA_STYLE('',(#11063));
#11063 = FILL_AREA_STYLE_COLOUR('',#10902);
#11064 = STYLED_ITEM('color',(#11065),#8087);
#11065 = PRESENTATION_STYLE_ASSIGNMENT((#11066));
#11066 = SURFACE_STYLE_USAGE(.BOTH.,#11067);
#11067 = SURFACE_SIDE_STYLE('',(#11068));
#11068 = SURFACE_STYLE_FILL_AREA(#11069);
#11069 = FILL_AREA_STYLE('',(#11070));
#11070 = FILL_AREA_STYLE_COLOUR('',#10902);
#11071 = STYLED_ITEM('color',(#11072),#8105);
#11072 = PRESENTATION_STYLE_ASSIGNMENT((#11073));
#11073 = SURFACE_STYLE_USAGE(.BOTH.,#11074);
#11074 = SURFACE_SIDE_STYLE('',(#11075));
#11075 = SURFACE_STYLE_FILL_AREA(#11076);
#11076 = FILL_AREA_STYLE('',(#11077));
#11077 = FILL_AREA_STYLE_COLOUR('',#10902);
#11078 = STYLED_ITEM('color',(#11079),#8122);
#11079 = PRESENTATION_STYLE_ASSIGNMENT((#11080));
#11080 = SURFACE_STYLE_USAGE(.BOTH.,#11081);
#11081 = SURFACE_SIDE_STYLE('',(#11082));
#11082 = SURFACE_STYLE_FILL_AREA(#11083);
#11083 = FILL_AREA_STYLE('',(#11084));
#11084 = FILL_AREA_STYLE_COLOUR('',#10902);
#11085 = STYLED_ITEM('color',(#11086),#8140);
#11086 = PRESENTATION_STYLE_ASSIGNMENT((#11087));
#11087 = SURFACE_STYLE_USAGE(.BOTH.,#11088);
#11088 = SURFACE_SIDE_STYLE('',(#11089));
#11089 = SURFACE_STYLE_FILL_AREA(#11090);
#11090 = FILL_AREA_STYLE('',(#11091));
#11091 = FILL_AREA_STYLE_COLOUR('',#10902);
#11092 = STYLED_ITEM('color',(#11093),#8166);
#11093 = PRESENTATION_STYLE_ASSIGNMENT((#11094));
#11094 = SURFACE_STYLE_USAGE(.BOTH.,#11095);
#11095 = SURFACE_SIDE_STYLE('',(#11096));
#11096 = SURFACE_STYLE_FILL_AREA(#11097);
#11097 = FILL_AREA_STYLE('',(#11098));
#11098 = FILL_AREA_STYLE_COLOUR('',#10902);
#11099 = STYLED_ITEM('color',(#11100),#8197);
#11100 = PRESENTATION_STYLE_ASSIGNMENT((#11101));
#11101 = SURFACE_STYLE_USAGE(.BOTH.,#11102);
#11102 = SURFACE_SIDE_STYLE('',(#11103));
#11103 = SURFACE_STYLE_FILL_AREA(#11104);
#11104 = FILL_AREA_STYLE('',(#11105));
#11105 = FILL_AREA_STYLE_COLOUR('',#10902);
#11106 = STYLED_ITEM('color',(#11107),#8214);
#11107 = PRESENTATION_STYLE_ASSIGNMENT((#11108));
#11108 = SURFACE_STYLE_USAGE(.BOTH.,#11109);
#11109 = SURFACE_SIDE_STYLE('',(#11110));
#11110 = SURFACE_STYLE_FILL_AREA(#11111);
#11111 = FILL_AREA_STYLE('',(#11112));
#11112 = FILL_AREA_STYLE_COLOUR('',#10902);
#11113 = STYLED_ITEM('color',(#11114),#8247);
#11114 = PRESENTATION_STYLE_ASSIGNMENT((#11115));
#11115 = SURFACE_STYLE_USAGE(.BOTH.,#11116);
#11116 = SURFACE_SIDE_STYLE('',(#11117));
#11117 = SURFACE_STYLE_FILL_AREA(#11118);
#11118 = FILL_AREA_STYLE('',(#11119));
#11119 = FILL_AREA_STYLE_COLOUR('',#10902);
#11120 = STYLED_ITEM('color',(#11121),#8287);
#11121 = PRESENTATION_STYLE_ASSIGNMENT((#11122));
#11122 = SURFACE_STYLE_USAGE(.BOTH.,#11123);
#11123 = SURFACE_SIDE_STYLE('',(#11124));
#11124 = SURFACE_STYLE_FILL_AREA(#11125);
#11125 = FILL_AREA_STYLE('',(#11126));
#11126 = FILL_AREA_STYLE_COLOUR('',#10902);
#11127 = STYLED_ITEM('color',(#11128),#8310);
#11128 = PRESENTATION_STYLE_ASSIGNMENT((#11129));
#11129 = SURFACE_STYLE_USAGE(.BOTH.,#11130);
#11130 = SURFACE_SIDE_STYLE('',(#11131));
#11131 = SURFACE_STYLE_FILL_AREA(#11132);
#11132 = FILL_AREA_STYLE('',(#11133));
#11133 = FILL_AREA_STYLE_COLOUR('',#10902);
#11134 = STYLED_ITEM('color',(#11135),#8359);
#11135 = PRESENTATION_STYLE_ASSIGNMENT((#11136));
#11136 = SURFACE_STYLE_USAGE(.BOTH.,#11137);
#11137 = SURFACE_SIDE_STYLE('',(#11138));
#11138 = SURFACE_STYLE_FILL_AREA(#11139);
#11139 = FILL_AREA_STYLE('',(#11140));
#11140 = FILL_AREA_STYLE_COLOUR('',#10902);
#11141 = STYLED_ITEM('color',(#11142),#8383);
#11142 = PRESENTATION_STYLE_ASSIGNMENT((#11143));
#11143 = SURFACE_STYLE_USAGE(.BOTH.,#11144);
#11144 = SURFACE_SIDE_STYLE('',(#11145));
#11145 = SURFACE_STYLE_FILL_AREA(#11146);
#11146 = FILL_AREA_STYLE('',(#11147));
#11147 = FILL_AREA_STYLE_COLOUR('',#10902);
#11148 = STYLED_ITEM('color',(#11149),#8430);
#11149 = PRESENTATION_STYLE_ASSIGNMENT((#11150));
#11150 = SURFACE_STYLE_USAGE(.BOTH.,#11151);
#11151 = SURFACE_SIDE_STYLE('',(#11152));
#11152 = SURFACE_STYLE_FILL_AREA(#11153);
#11153 = FILL_AREA_STYLE('',(#11154));
#11154 = FILL_AREA_STYLE_COLOUR('',#10902);
#11155 = STYLED_ITEM('color',(#11156),#8447);
#11156 = PRESENTATION_STYLE_ASSIGNMENT((#11157));
#11157 = SURFACE_STYLE_USAGE(.BOTH.,#11158);
#11158 = SURFACE_SIDE_STYLE('',(#11159));
#11159 = SURFACE_STYLE_FILL_AREA(#11160);
#11160 = FILL_AREA_STYLE('',(#11161));
#11161 = FILL_AREA_STYLE_COLOUR('',#10902);
#11162 = STYLED_ITEM('color',(#11163),#8464);
#11163 = PRESENTATION_STYLE_ASSIGNMENT((#11164));
#11164 = SURFACE_STYLE_USAGE(.BOTH.,#11165);
#11165 = SURFACE_SIDE_STYLE('',(#11166));
#11166 = SURFACE_STYLE_FILL_AREA(#11167);
#11167 = FILL_AREA_STYLE('',(#11168));
#11168 = FILL_AREA_STYLE_COLOUR('',#10902);
#11169 = STYLED_ITEM('color',(#11170),#8476);
#11170 = PRESENTATION_STYLE_ASSIGNMENT((#11171));
#11171 = SURFACE_STYLE_USAGE(.BOTH.,#11172);
#11172 = SURFACE_SIDE_STYLE('',(#11173));
#11173 = SURFACE_STYLE_FILL_AREA(#11174);
#11174 = FILL_AREA_STYLE('',(#11175));
#11175 = FILL_AREA_STYLE_COLOUR('',#10902);
#11176 = STYLED_ITEM('color',(#11177),#8523);
#11177 = PRESENTATION_STYLE_ASSIGNMENT((#11178));
#11178 = SURFACE_STYLE_USAGE(.BOTH.,#11179);
#11179 = SURFACE_SIDE_STYLE('',(#11180));
#11180 = SURFACE_STYLE_FILL_AREA(#11181);
#11181 = FILL_AREA_STYLE('',(#11182));
#11182 = FILL_AREA_STYLE_COLOUR('',#10902);
#11183 = STYLED_ITEM('color',(#11184),#8554);
#11184 = PRESENTATION_STYLE_ASSIGNMENT((#11185));
#11185 = SURFACE_STYLE_USAGE(.BOTH.,#11186);
#11186 = SURFACE_SIDE_STYLE('',(#11187));
#11187 = SURFACE_STYLE_FILL_AREA(#11188);
#11188 = FILL_AREA_STYLE('',(#11189));
#11189 = FILL_AREA_STYLE_COLOUR('',#10902);
#11190 = STYLED_ITEM('color',(#11191),#8571);
#11191 = PRESENTATION_STYLE_ASSIGNMENT((#11192));
#11192 = SURFACE_STYLE_USAGE(.BOTH.,#11193);
#11193 = SURFACE_SIDE_STYLE('',(#11194));
#11194 = SURFACE_STYLE_FILL_AREA(#11195);
#11195 = FILL_AREA_STYLE('',(#11196));
#11196 = FILL_AREA_STYLE_COLOUR('',#10902);
#11197 = STYLED_ITEM('color',(#11198),#8588);
#11198 = PRESENTATION_STYLE_ASSIGNMENT((#11199));
#11199 = SURFACE_STYLE_USAGE(.BOTH.,#11200);
#11200 = SURFACE_SIDE_STYLE('',(#11201));
#11201 = SURFACE_STYLE_FILL_AREA(#11202);
#11202 = FILL_AREA_STYLE('',(#11203));
#11203 = FILL_AREA_STYLE_COLOUR('',#10902);
#11204 = STYLED_ITEM('color',(#11205),#8612);
#11205 = PRESENTATION_STYLE_ASSIGNMENT((#11206));
#11206 = SURFACE_STYLE_USAGE(.BOTH.,#11207);
#11207 = SURFACE_SIDE_STYLE('',(#11208));
#11208 = SURFACE_STYLE_FILL_AREA(#11209);
#11209 = FILL_AREA_STYLE('',(#11210));
#11210 = FILL_AREA_STYLE_COLOUR('',#10902);
#11211 = STYLED_ITEM('color',(#11212),#8636);
#11212 = PRESENTATION_STYLE_ASSIGNMENT((#11213));
#11213 = SURFACE_STYLE_USAGE(.BOTH.,#11214);
#11214 = SURFACE_SIDE_STYLE('',(#11215));
#11215 = SURFACE_STYLE_FILL_AREA(#11216);
#11216 = FILL_AREA_STYLE('',(#11217));
#11217 = FILL_AREA_STYLE_COLOUR('',#10902);
#11218 = STYLED_ITEM('color',(#11219),#8653);
#11219 = PRESENTATION_STYLE_ASSIGNMENT((#11220));
#11220 = SURFACE_STYLE_USAGE(.BOTH.,#11221);
#11221 = SURFACE_SIDE_STYLE('',(#11222));
#11222 = SURFACE_STYLE_FILL_AREA(#11223);
#11223 = FILL_AREA_STYLE('',(#11224));
#11224 = FILL_AREA_STYLE_COLOUR('',#10902);
#11225 = STYLED_ITEM('color',(#11226),#8670);
#11226 = PRESENTATION_STYLE_ASSIGNMENT((#11227));
#11227 = SURFACE_STYLE_USAGE(.BOTH.,#11228);
#11228 = SURFACE_SIDE_STYLE('',(#11229));
#11229 = SURFACE_STYLE_FILL_AREA(#11230);
#11230 = FILL_AREA_STYLE('',(#11231));
#11231 = FILL_AREA_STYLE_COLOUR('',#10902);
#11232 = STYLED_ITEM('color',(#11233),#8682);
#11233 = PRESENTATION_STYLE_ASSIGNMENT((#11234));
#11234 = SURFACE_STYLE_USAGE(.BOTH.,#11235);
#11235 = SURFACE_SIDE_STYLE('',(#11236));
#11236 = SURFACE_STYLE_FILL_AREA(#11237);
#11237 = FILL_AREA_STYLE('',(#11238));
#11238 = FILL_AREA_STYLE_COLOUR('',#10902);
#11239 = STYLED_ITEM('color',(#11240),#8699);
#11240 = PRESENTATION_STYLE_ASSIGNMENT((#11241));
#11241 = SURFACE_STYLE_USAGE(.BOTH.,#11242);
#11242 = SURFACE_SIDE_STYLE('',(#11243));
#11243 = SURFACE_STYLE_FILL_AREA(#11244);
#11244 = FILL_AREA_STYLE('',(#11245));
#11245 = FILL_AREA_STYLE_COLOUR('',#10902);
#11246 = STYLED_ITEM('color',(#11247),#8711);
#11247 = PRESENTATION_STYLE_ASSIGNMENT((#11248));
#11248 = SURFACE_STYLE_USAGE(.BOTH.,#11249);
#11249 = SURFACE_SIDE_STYLE('',(#11250));
#11250 = SURFACE_STYLE_FILL_AREA(#11251);
#11251 = FILL_AREA_STYLE('',(#11252));
#11252 = FILL_AREA_STYLE_COLOUR('',#10902);
#11253 = STYLED_ITEM('color',(#11254),#8735);
#11254 = PRESENTATION_STYLE_ASSIGNMENT((#11255));
#11255 = SURFACE_STYLE_USAGE(.BOTH.,#11256);
#11256 = SURFACE_SIDE_STYLE('',(#11257));
#11257 = SURFACE_STYLE_FILL_AREA(#11258);
#11258 = FILL_AREA_STYLE('',(#11259));
#11259 = FILL_AREA_STYLE_COLOUR('',#10902);
#11260 = STYLED_ITEM('color',(#11261),#8753);
#11261 = PRESENTATION_STYLE_ASSIGNMENT((#11262));
#11262 = SURFACE_STYLE_USAGE(.BOTH.,#11263);
#11263 = SURFACE_SIDE_STYLE('',(#11264));
#11264 = SURFACE_STYLE_FILL_AREA(#11265);
#11265 = FILL_AREA_STYLE('',(#11266));
#11266 = FILL_AREA_STYLE_COLOUR('',#10902);
#11267 = STYLED_ITEM('color',(#11268),#8765);
#11268 = PRESENTATION_STYLE_ASSIGNMENT((#11269));
#11269 = SURFACE_STYLE_USAGE(.BOTH.,#11270);
#11270 = SURFACE_SIDE_STYLE('',(#11271));
#11271 = SURFACE_STYLE_FILL_AREA(#11272);
#11272 = FILL_AREA_STYLE('',(#11273));
#11273 = FILL_AREA_STYLE_COLOUR('',#10902);
#11274 = STYLED_ITEM('color',(#11275),#8779);
#11275 = PRESENTATION_STYLE_ASSIGNMENT((#11276));
#11276 = SURFACE_STYLE_USAGE(.BOTH.,#11277);
#11277 = SURFACE_SIDE_STYLE('',(#11278));
#11278 = SURFACE_STYLE_FILL_AREA(#11279);
#11279 = FILL_AREA_STYLE('',(#11280));
#11280 = FILL_AREA_STYLE_COLOUR('',#11281);
#11281 = COLOUR_RGB('',0.823529417451,0.819607860991,0.780392170416);
#11282 = STYLED_ITEM('color',(#11283),#8810);
#11283 = PRESENTATION_STYLE_ASSIGNMENT((#11284));
#11284 = SURFACE_STYLE_USAGE(.BOTH.,#11285);
#11285 = SURFACE_SIDE_STYLE('',(#11286));
#11286 = SURFACE_STYLE_FILL_AREA(#11287);
#11287 = FILL_AREA_STYLE('',(#11288));
#11288 = FILL_AREA_STYLE_COLOUR('',#11281);
#11289 = STYLED_ITEM('color',(#11290),#8834);
#11290 = PRESENTATION_STYLE_ASSIGNMENT((#11291));
#11291 = SURFACE_STYLE_USAGE(.BOTH.,#11292);
#11292 = SURFACE_SIDE_STYLE('',(#11293));
#11293 = SURFACE_STYLE_FILL_AREA(#11294);
#11294 = FILL_AREA_STYLE('',(#11295));
#11295 = FILL_AREA_STYLE_COLOUR('',#11281);
#11296 = STYLED_ITEM('color',(#11297),#8858);
#11297 = PRESENTATION_STYLE_ASSIGNMENT((#11298));
#11298 = SURFACE_STYLE_USAGE(.BOTH.,#11299);
#11299 = SURFACE_SIDE_STYLE('',(#11300));
#11300 = SURFACE_STYLE_FILL_AREA(#11301);
#11301 = FILL_AREA_STYLE('',(#11302));
#11302 = FILL_AREA_STYLE_COLOUR('',#11281);
#11303 = STYLED_ITEM('color',(#11304),#8875);
#11304 = PRESENTATION_STYLE_ASSIGNMENT((#11305));
#11305 = SURFACE_STYLE_USAGE(.BOTH.,#11306);
#11306 = SURFACE_SIDE_STYLE('',(#11307));
#11307 = SURFACE_STYLE_FILL_AREA(#11308);
#11308 = FILL_AREA_STYLE('',(#11309));
#11309 = FILL_AREA_STYLE_COLOUR('',#11281);
#11310 = STYLED_ITEM('color',(#11311),#8906);
#11311 = PRESENTATION_STYLE_ASSIGNMENT((#11312));
#11312 = SURFACE_STYLE_USAGE(.BOTH.,#11313);
#11313 = SURFACE_SIDE_STYLE('',(#11314));
#11314 = SURFACE_STYLE_FILL_AREA(#11315);
#11315 = FILL_AREA_STYLE('',(#11316));
#11316 = FILL_AREA_STYLE_COLOUR('',#11281);
#11317 = STYLED_ITEM('color',(#11318),#8930);
#11318 = PRESENTATION_STYLE_ASSIGNMENT((#11319));
#11319 = SURFACE_STYLE_USAGE(.BOTH.,#11320);
#11320 = SURFACE_SIDE_STYLE('',(#11321));
#11321 = SURFACE_STYLE_FILL_AREA(#11322);
#11322 = FILL_AREA_STYLE('',(#11323));
#11323 = FILL_AREA_STYLE_COLOUR('',#11281);
#11324 = STYLED_ITEM('color',(#11325),#8954);
#11325 = PRESENTATION_STYLE_ASSIGNMENT((#11326));
#11326 = SURFACE_STYLE_USAGE(.BOTH.,#11327);
#11327 = SURFACE_SIDE_STYLE('',(#11328));
#11328 = SURFACE_STYLE_FILL_AREA(#11329);
#11329 = FILL_AREA_STYLE('',(#11330));
#11330 = FILL_AREA_STYLE_COLOUR('',#11281);
#11331 = STYLED_ITEM('color',(#11332),#8971);
#11332 = PRESENTATION_STYLE_ASSIGNMENT((#11333));
#11333 = SURFACE_STYLE_USAGE(.BOTH.,#11334);
#11334 = SURFACE_SIDE_STYLE('',(#11335));
#11335 = SURFACE_STYLE_FILL_AREA(#11336);
#11336 = FILL_AREA_STYLE('',(#11337));
#11337 = FILL_AREA_STYLE_COLOUR('',#10902);
#11338 = STYLED_ITEM('color',(#11339),#9017);
#11339 = PRESENTATION_STYLE_ASSIGNMENT((#11340));
#11340 = SURFACE_STYLE_USAGE(.BOTH.,#11341);
#11341 = SURFACE_SIDE_STYLE('',(#11342));
#11342 = SURFACE_STYLE_FILL_AREA(#11343);
#11343 = FILL_AREA_STYLE('',(#11344));
#11344 = FILL_AREA_STYLE_COLOUR('',#10902);
#11345 = STYLED_ITEM('color',(#11346),#9063);
#11346 = PRESENTATION_STYLE_ASSIGNMENT((#11347));
#11347 = SURFACE_STYLE_USAGE(.BOTH.,#11348);
#11348 = SURFACE_SIDE_STYLE('',(#11349));
#11349 = SURFACE_STYLE_FILL_AREA(#11350);
#11350 = FILL_AREA_STYLE('',(#11351));
#11351 = FILL_AREA_STYLE_COLOUR('',#10902);
#11352 = STYLED_ITEM('color',(#11353),#9080);
#11353 = PRESENTATION_STYLE_ASSIGNMENT((#11354));
#11354 = SURFACE_STYLE_USAGE(.BOTH.,#11355);
#11355 = SURFACE_SIDE_STYLE('',(#11356));
#11356 = SURFACE_STYLE_FILL_AREA(#11357);
#11357 = FILL_AREA_STYLE('',(#11358));
#11358 = FILL_AREA_STYLE_COLOUR('',#10902);
#11359 = STYLED_ITEM('color',(#11360),#9092);
#11360 = PRESENTATION_STYLE_ASSIGNMENT((#11361));
#11361 = SURFACE_STYLE_USAGE(.BOTH.,#11362);
#11362 = SURFACE_SIDE_STYLE('',(#11363));
#11363 = SURFACE_STYLE_FILL_AREA(#11364);
#11364 = FILL_AREA_STYLE('',(#11365));
#11365 = FILL_AREA_STYLE_COLOUR('',#11281);
#11366 = STYLED_ITEM('color',(#11367),#9123);
#11367 = PRESENTATION_STYLE_ASSIGNMENT((#11368));
#11368 = SURFACE_STYLE_USAGE(.BOTH.,#11369);
#11369 = SURFACE_SIDE_STYLE('',(#11370));
#11370 = SURFACE_STYLE_FILL_AREA(#11371);
#11371 = FILL_AREA_STYLE('',(#11372));
#11372 = FILL_AREA_STYLE_COLOUR('',#11281);
#11373 = STYLED_ITEM('color',(#11374),#9147);
#11374 = PRESENTATION_STYLE_ASSIGNMENT((#11375));
#11375 = SURFACE_STYLE_USAGE(.BOTH.,#11376);
#11376 = SURFACE_SIDE_STYLE('',(#11377));
#11377 = SURFACE_STYLE_FILL_AREA(#11378);
#11378 = FILL_AREA_STYLE('',(#11379));
#11379 = FILL_AREA_STYLE_COLOUR('',#11281);
#11380 = STYLED_ITEM('color',(#11381),#9171);
#11381 = PRESENTATION_STYLE_ASSIGNMENT((#11382));
#11382 = SURFACE_STYLE_USAGE(.BOTH.,#11383);
#11383 = SURFACE_SIDE_STYLE('',(#11384));
#11384 = SURFACE_STYLE_FILL_AREA(#11385);
#11385 = FILL_AREA_STYLE('',(#11386));
#11386 = FILL_AREA_STYLE_COLOUR('',#11281);
#11387 = STYLED_ITEM('color',(#11388),#9188);
#11388 = PRESENTATION_STYLE_ASSIGNMENT((#11389));
#11389 = SURFACE_STYLE_USAGE(.BOTH.,#11390);
#11390 = SURFACE_SIDE_STYLE('',(#11391));
#11391 = SURFACE_STYLE_FILL_AREA(#11392);
#11392 = FILL_AREA_STYLE('',(#11393));
#11393 = FILL_AREA_STYLE_COLOUR('',#11281);
#11394 = STYLED_ITEM('color',(#11395),#9219);
#11395 = PRESENTATION_STYLE_ASSIGNMENT((#11396));
#11396 = SURFACE_STYLE_USAGE(.BOTH.,#11397);
#11397 = SURFACE_SIDE_STYLE('',(#11398));
#11398 = SURFACE_STYLE_FILL_AREA(#11399);
#11399 = FILL_AREA_STYLE('',(#11400));
#11400 = FILL_AREA_STYLE_COLOUR('',#11281);
#11401 = STYLED_ITEM('color',(#11402),#9243);
#11402 = PRESENTATION_STYLE_ASSIGNMENT((#11403));
#11403 = SURFACE_STYLE_USAGE(.BOTH.,#11404);
#11404 = SURFACE_SIDE_STYLE('',(#11405));
#11405 = SURFACE_STYLE_FILL_AREA(#11406);
#11406 = FILL_AREA_STYLE('',(#11407));
#11407 = FILL_AREA_STYLE_COLOUR('',#11281);
#11408 = STYLED_ITEM('color',(#11409),#9267);
#11409 = PRESENTATION_STYLE_ASSIGNMENT((#11410));
#11410 = SURFACE_STYLE_USAGE(.BOTH.,#11411);
#11411 = SURFACE_SIDE_STYLE('',(#11412));
#11412 = SURFACE_STYLE_FILL_AREA(#11413);
#11413 = FILL_AREA_STYLE('',(#11414));
#11414 = FILL_AREA_STYLE_COLOUR('',#11281);
#11415 = STYLED_ITEM('color',(#11416),#9284);
#11416 = PRESENTATION_STYLE_ASSIGNMENT((#11417));
#11417 = SURFACE_STYLE_USAGE(.BOTH.,#11418);
#11418 = SURFACE_SIDE_STYLE('',(#11419));
#11419 = SURFACE_STYLE_FILL_AREA(#11420);
#11420 = FILL_AREA_STYLE('',(#11421));
#11421 = FILL_AREA_STYLE_COLOUR('',#11281);
#11422 = STYLED_ITEM('color',(#11423),#9381);
#11423 = PRESENTATION_STYLE_ASSIGNMENT((#11424));
#11424 = SURFACE_STYLE_USAGE(.BOTH.,#11425);
#11425 = SURFACE_SIDE_STYLE('',(#11426));
#11426 = SURFACE_STYLE_FILL_AREA(#11427);
#11427 = FILL_AREA_STYLE('',(#11428));
#11428 = FILL_AREA_STYLE_COLOUR('',#11281);
#11429 = STYLED_ITEM('color',(#11430),#9405);
#11430 = PRESENTATION_STYLE_ASSIGNMENT((#11431));
#11431 = SURFACE_STYLE_USAGE(.BOTH.,#11432);
#11432 = SURFACE_SIDE_STYLE('',(#11433));
#11433 = SURFACE_STYLE_FILL_AREA(#11434);
#11434 = FILL_AREA_STYLE('',(#11435));
#11435 = FILL_AREA_STYLE_COLOUR('',#11281);
#11436 = STYLED_ITEM('color',(#11437),#9495);
#11437 = PRESENTATION_STYLE_ASSIGNMENT((#11438));
#11438 = SURFACE_STYLE_USAGE(.BOTH.,#11439);
#11439 = SURFACE_SIDE_STYLE('',(#11440));
#11440 = SURFACE_STYLE_FILL_AREA(#11441);
#11441 = FILL_AREA_STYLE('',(#11442));
#11442 = FILL_AREA_STYLE_COLOUR('',#11281);
#11443 = STYLED_ITEM('color',(#11444),#9512);
#11444 = PRESENTATION_STYLE_ASSIGNMENT((#11445));
#11445 = SURFACE_STYLE_USAGE(.BOTH.,#11446);
#11446 = SURFACE_SIDE_STYLE('',(#11447));
#11447 = SURFACE_STYLE_FILL_AREA(#11448);
#11448 = FILL_AREA_STYLE('',(#11449));
#11449 = FILL_AREA_STYLE_COLOUR('',#11281);
#11450 = STYLED_ITEM('color',(#11451),#9609);
#11451 = PRESENTATION_STYLE_ASSIGNMENT((#11452));
#11452 = SURFACE_STYLE_USAGE(.BOTH.,#11453);
#11453 = SURFACE_SIDE_STYLE('',(#11454));
#11454 = SURFACE_STYLE_FILL_AREA(#11455);
#11455 = FILL_AREA_STYLE('',(#11456));
#11456 = FILL_AREA_STYLE_COLOUR('',#11281);
#11457 = STYLED_ITEM('color',(#11458),#9633);
#11458 = PRESENTATION_STYLE_ASSIGNMENT((#11459));
#11459 = SURFACE_STYLE_USAGE(.BOTH.,#11460);
#11460 = SURFACE_SIDE_STYLE('',(#11461));
#11461 = SURFACE_STYLE_FILL_AREA(#11462);
#11462 = FILL_AREA_STYLE('',(#11463));
#11463 = FILL_AREA_STYLE_COLOUR('',#11281);
#11464 = STYLED_ITEM('color',(#11465),#9723);
#11465 = PRESENTATION_STYLE_ASSIGNMENT((#11466));
#11466 = SURFACE_STYLE_USAGE(.BOTH.,#11467);
#11467 = SURFACE_SIDE_STYLE('',(#11468));
#11468 = SURFACE_STYLE_FILL_AREA(#11469);
#11469 = FILL_AREA_STYLE('',(#11470));
#11470 = FILL_AREA_STYLE_COLOUR('',#11281);
#11471 = STYLED_ITEM('color',(#11472),#9740);
#11472 = PRESENTATION_STYLE_ASSIGNMENT((#11473));
#11473 = SURFACE_STYLE_USAGE(.BOTH.,#11474);
#11474 = SURFACE_SIDE_STYLE('',(#11475));
#11475 = SURFACE_STYLE_FILL_AREA(#11476);
#11476 = FILL_AREA_STYLE('',(#11477));
#11477 = FILL_AREA_STYLE_COLOUR('',#11281);
#11478 = STYLED_ITEM('color',(#11479),#9752);
#11479 = PRESENTATION_STYLE_ASSIGNMENT((#11480));
#11480 = SURFACE_STYLE_USAGE(.BOTH.,#11481);
#11481 = SURFACE_SIDE_STYLE('',(#11482));
#11482 = SURFACE_STYLE_FILL_AREA(#11483);
#11483 = FILL_AREA_STYLE('',(#11484));
#11484 = FILL_AREA_STYLE_COLOUR('',#11281);
#11485 = STYLED_ITEM('color',(#11486),#9764);
#11486 = PRESENTATION_STYLE_ASSIGNMENT((#11487));
#11487 = SURFACE_STYLE_USAGE(.BOTH.,#11488);
#11488 = SURFACE_SIDE_STYLE('',(#11489));
#11489 = SURFACE_STYLE_FILL_AREA(#11490);
#11490 = FILL_AREA_STYLE('',(#11491));
#11491 = FILL_AREA_STYLE_COLOUR('',#11281);
#11492 = STYLED_ITEM('color',(#11493),#9781);
#11493 = PRESENTATION_STYLE_ASSIGNMENT((#11494));
#11494 = SURFACE_STYLE_USAGE(.BOTH.,#11495);
#11495 = SURFACE_SIDE_STYLE('',(#11496));
#11496 = SURFACE_STYLE_FILL_AREA(#11497);
#11497 = FILL_AREA_STYLE('',(#11498));
#11498 = FILL_AREA_STYLE_COLOUR('',#11281);
#11499 = STYLED_ITEM('color',(#11500),#9798);
#11500 = PRESENTATION_STYLE_ASSIGNMENT((#11501));
#11501 = SURFACE_STYLE_USAGE(.BOTH.,#11502);
#11502 = SURFACE_SIDE_STYLE('',(#11503));
#11503 = SURFACE_STYLE_FILL_AREA(#11504);
#11504 = FILL_AREA_STYLE('',(#11505));
#11505 = FILL_AREA_STYLE_COLOUR('',#11281);
#11506 = STYLED_ITEM('color',(#11507),#9815);
#11507 = PRESENTATION_STYLE_ASSIGNMENT((#11508));
#11508 = SURFACE_STYLE_USAGE(.BOTH.,#11509);
#11509 = SURFACE_SIDE_STYLE('',(#11510));
#11510 = SURFACE_STYLE_FILL_AREA(#11511);
#11511 = FILL_AREA_STYLE('',(#11512));
#11512 = FILL_AREA_STYLE_COLOUR('',#11281);
#11513 = STYLED_ITEM('color',(#11514),#9848);
#11514 = PRESENTATION_STYLE_ASSIGNMENT((#11515));
#11515 = SURFACE_STYLE_USAGE(.BOTH.,#11516);
#11516 = SURFACE_SIDE_STYLE('',(#11517));
#11517 = SURFACE_STYLE_FILL_AREA(#11518);
#11518 = FILL_AREA_STYLE('',(#11519));
#11519 = FILL_AREA_STYLE_COLOUR('',#11281);
#11520 = STYLED_ITEM('color',(#11521),#9888);
#11521 = PRESENTATION_STYLE_ASSIGNMENT((#11522));
#11522 = SURFACE_STYLE_USAGE(.BOTH.,#11523);
#11523 = SURFACE_SIDE_STYLE('',(#11524));
#11524 = SURFACE_STYLE_FILL_AREA(#11525);
#11525 = FILL_AREA_STYLE('',(#11526));
#11526 = FILL_AREA_STYLE_COLOUR('',#11281);
#11527 = STYLED_ITEM('color',(#11528),#9919);
#11528 = PRESENTATION_STYLE_ASSIGNMENT((#11529));
#11529 = SURFACE_STYLE_USAGE(.BOTH.,#11530);
#11530 = SURFACE_SIDE_STYLE('',(#11531));
#11531 = SURFACE_STYLE_FILL_AREA(#11532);
#11532 = FILL_AREA_STYLE('',(#11533));
#11533 = FILL_AREA_STYLE_COLOUR('',#11281);
#11534 = STYLED_ITEM('color',(#11535),#9936);
#11535 = PRESENTATION_STYLE_ASSIGNMENT((#11536));
#11536 = SURFACE_STYLE_USAGE(.BOTH.,#11537);
#11537 = SURFACE_SIDE_STYLE('',(#11538));
#11538 = SURFACE_STYLE_FILL_AREA(#11539);
#11539 = FILL_AREA_STYLE('',(#11540));
#11540 = FILL_AREA_STYLE_COLOUR('',#11281);
#11541 = STYLED_ITEM('color',(#11542),#9953);
#11542 = PRESENTATION_STYLE_ASSIGNMENT((#11543));
#11543 = SURFACE_STYLE_USAGE(.BOTH.,#11544);
#11544 = SURFACE_SIDE_STYLE('',(#11545));
#11545 = SURFACE_STYLE_FILL_AREA(#11546);
#11546 = FILL_AREA_STYLE('',(#11547));
#11547 = FILL_AREA_STYLE_COLOUR('',#11281);
#11548 = STYLED_ITEM('color',(#11549),#9965);
#11549 = PRESENTATION_STYLE_ASSIGNMENT((#11550));
#11550 = SURFACE_STYLE_USAGE(.BOTH.,#11551);
#11551 = SURFACE_SIDE_STYLE('',(#11552));
#11552 = SURFACE_STYLE_FILL_AREA(#11553);
#11553 = FILL_AREA_STYLE('',(#11554));
#11554 = FILL_AREA_STYLE_COLOUR('',#11281);
#11555 = STYLED_ITEM('color',(#11556),#9998);
#11556 = PRESENTATION_STYLE_ASSIGNMENT((#11557));
#11557 = SURFACE_STYLE_USAGE(.BOTH.,#11558);
#11558 = SURFACE_SIDE_STYLE('',(#11559));
#11559 = SURFACE_STYLE_FILL_AREA(#11560);
#11560 = FILL_AREA_STYLE('',(#11561));
#11561 = FILL_AREA_STYLE_COLOUR('',#11281);
#11562 = STYLED_ITEM('color',(#11563),#10015);
#11563 = PRESENTATION_STYLE_ASSIGNMENT((#11564));
#11564 = SURFACE_STYLE_USAGE(.BOTH.,#11565);
#11565 = SURFACE_SIDE_STYLE('',(#11566));
#11566 = SURFACE_STYLE_FILL_AREA(#11567);
#11567 = FILL_AREA_STYLE('',(#11568));
#11568 = FILL_AREA_STYLE_COLOUR('',#11281);
#11569 = STYLED_ITEM('color',(#11570),#10032);
#11570 = PRESENTATION_STYLE_ASSIGNMENT((#11571));
#11571 = SURFACE_STYLE_USAGE(.BOTH.,#11572);
#11572 = SURFACE_SIDE_STYLE('',(#11573));
#11573 = SURFACE_STYLE_FILL_AREA(#11574);
#11574 = FILL_AREA_STYLE('',(#11575));
#11575 = FILL_AREA_STYLE_COLOUR('',#11281);
#11576 = STYLED_ITEM('color',(#11577),#10049);
#11577 = PRESENTATION_STYLE_ASSIGNMENT((#11578));
#11578 = SURFACE_STYLE_USAGE(.BOTH.,#11579);
#11579 = SURFACE_SIDE_STYLE('',(#11580));
#11580 = SURFACE_STYLE_FILL_AREA(#11581);
#11581 = FILL_AREA_STYLE('',(#11582));
#11582 = FILL_AREA_STYLE_COLOUR('',#11281);
#11583 = STYLED_ITEM('color',(#11584),#10082);
#11584 = PRESENTATION_STYLE_ASSIGNMENT((#11585));
#11585 = SURFACE_STYLE_USAGE(.BOTH.,#11586);
#11586 = SURFACE_SIDE_STYLE('',(#11587));
#11587 = SURFACE_STYLE_FILL_AREA(#11588);
#11588 = FILL_AREA_STYLE('',(#11589));
#11589 = FILL_AREA_STYLE_COLOUR('',#11281);
#11590 = STYLED_ITEM('color',(#11591),#10122);
#11591 = PRESENTATION_STYLE_ASSIGNMENT((#11592));
#11592 = SURFACE_STYLE_USAGE(.BOTH.,#11593);
#11593 = SURFACE_SIDE_STYLE('',(#11594));
#11594 = SURFACE_STYLE_FILL_AREA(#11595);
#11595 = FILL_AREA_STYLE('',(#11596));
#11596 = FILL_AREA_STYLE_COLOUR('',#11281);
#11597 = STYLED_ITEM('color',(#11598),#10153);
#11598 = PRESENTATION_STYLE_ASSIGNMENT((#11599));
#11599 = SURFACE_STYLE_USAGE(.BOTH.,#11600);
#11600 = SURFACE_SIDE_STYLE('',(#11601));
#11601 = SURFACE_STYLE_FILL_AREA(#11602);
#11602 = FILL_AREA_STYLE('',(#11603));
#11603 = FILL_AREA_STYLE_COLOUR('',#11281);
#11604 = STYLED_ITEM('color',(#11605),#10170);
#11605 = PRESENTATION_STYLE_ASSIGNMENT((#11606));
#11606 = SURFACE_STYLE_USAGE(.BOTH.,#11607);
#11607 = SURFACE_SIDE_STYLE('',(#11608));
#11608 = SURFACE_STYLE_FILL_AREA(#11609);
#11609 = FILL_AREA_STYLE('',(#11610));
#11610 = FILL_AREA_STYLE_COLOUR('',#11281);
#11611 = STYLED_ITEM('color',(#11612),#10187);
#11612 = PRESENTATION_STYLE_ASSIGNMENT((#11613));
#11613 = SURFACE_STYLE_USAGE(.BOTH.,#11614);
#11614 = SURFACE_SIDE_STYLE('',(#11615));
#11615 = SURFACE_STYLE_FILL_AREA(#11616);
#11616 = FILL_AREA_STYLE('',(#11617));
#11617 = FILL_AREA_STYLE_COLOUR('',#11281);
#11618 = STYLED_ITEM('color',(#11619),#10199);
#11619 = PRESENTATION_STYLE_ASSIGNMENT((#11620));
#11620 = SURFACE_STYLE_USAGE(.BOTH.,#11621);
#11621 = SURFACE_SIDE_STYLE('',(#11622));
#11622 = SURFACE_STYLE_FILL_AREA(#11623);
#11623 = FILL_AREA_STYLE('',(#11624));
#11624 = FILL_AREA_STYLE_COLOUR('',#11281);
#11625 = STYLED_ITEM('color',(#11626),#10232);
#11626 = PRESENTATION_STYLE_ASSIGNMENT((#11627));
#11627 = SURFACE_STYLE_USAGE(.BOTH.,#11628);
#11628 = SURFACE_SIDE_STYLE('',(#11629));
#11629 = SURFACE_STYLE_FILL_AREA(#11630);
#11630 = FILL_AREA_STYLE('',(#11631));
#11631 = FILL_AREA_STYLE_COLOUR('',#11281);
#11632 = STYLED_ITEM('color',(#11633),#10249);
#11633 = PRESENTATION_STYLE_ASSIGNMENT((#11634));
#11634 = SURFACE_STYLE_USAGE(.BOTH.,#11635);
#11635 = SURFACE_SIDE_STYLE('',(#11636));
#11636 = SURFACE_STYLE_FILL_AREA(#11637);
#11637 = FILL_AREA_STYLE('',(#11638));
#11638 = FILL_AREA_STYLE_COLOUR('',#11281);
#11639 = STYLED_ITEM('color',(#11640),#10266);
#11640 = PRESENTATION_STYLE_ASSIGNMENT((#11641));
#11641 = SURFACE_STYLE_USAGE(.BOTH.,#11642);
#11642 = SURFACE_SIDE_STYLE('',(#11643));
#11643 = SURFACE_STYLE_FILL_AREA(#11644);
#11644 = FILL_AREA_STYLE('',(#11645));
#11645 = FILL_AREA_STYLE_COLOUR('',#11281);
#11646 = STYLED_ITEM('color',(#11647),#10278);
#11647 = PRESENTATION_STYLE_ASSIGNMENT((#11648));
#11648 = SURFACE_STYLE_USAGE(.BOTH.,#11649);
#11649 = SURFACE_SIDE_STYLE('',(#11650));
#11650 = SURFACE_STYLE_FILL_AREA(#11651);
#11651 = FILL_AREA_STYLE('',(#11652));
#11652 = FILL_AREA_STYLE_COLOUR('',#11281);
#11653 = STYLED_ITEM('color',(#11654),#10295);
#11654 = PRESENTATION_STYLE_ASSIGNMENT((#11655));
#11655 = SURFACE_STYLE_USAGE(.BOTH.,#11656);
#11656 = SURFACE_SIDE_STYLE('',(#11657));
#11657 = SURFACE_STYLE_FILL_AREA(#11658);
#11658 = FILL_AREA_STYLE('',(#11659));
#11659 = FILL_AREA_STYLE_COLOUR('',#11281);
#11660 = STYLED_ITEM('color',(#11661),#10312);
#11661 = PRESENTATION_STYLE_ASSIGNMENT((#11662));
#11662 = SURFACE_STYLE_USAGE(.BOTH.,#11663);
#11663 = SURFACE_SIDE_STYLE('',(#11664));
#11664 = SURFACE_STYLE_FILL_AREA(#11665);
#11665 = FILL_AREA_STYLE('',(#11666));
#11666 = FILL_AREA_STYLE_COLOUR('',#11281);
#11667 = MECHANICAL_DESIGN_GEOMETRIC_PRESENTATION_REPRESENTATION('',(
    #11668,#11678,#11687,#11696,#11705,#11714,#11723,#11732,#11741,
    #11751,#11760,#11769,#11778,#11787,#11796,#11805,#11814,#11823,
    #11832,#11841,#11850,#11859,#11868,#11877,#11886,#11895,#11904,
    #11913,#11922,#11931,#11940,#11949,#11958,#11967,#11976,#11985,
    #11994,#12003,#12012,#12021,#12030,#12039,#12048,#12057,#12066,
    #12075,#12084,#12093,#12102,#12111,#12120,#12129,#12138,#12147,
    #12156,#12165,#12174,#12183,#12192,#12201,#12210,#12219,#12228,
    #12237,#12246,#12255,#12264,#12273,#12282,#12291,#12300,#12309,
    #12318,#12327,#12336,#12345,#12354,#12363,#12372,#12381,#12390,
    #12399,#12408,#12417,#12426,#12435,#12444,#12453,#12462,#12471,
    #12480,#12489,#12498,#12507,#12516,#12525,#12534,#12543,#12552,
    #12561,#12570,#12579,#12588,#12597,#12606,#12615,#12624,#12633,
    #12642,#12651,#12660,#12669,#12678,#12687,#12696,#12705,#12714,
    #12723,#12732,#12741,#12750,#12759,#12768,#12777,#12786,#12795,
    #12804,#12813,#12822,#12831,#12840,#12849,#12858,#12867,#12876,
    #12885,#12894,#12903,#12912,#12921,#12930,#12939,#12948,#12957,
    #12966,#12975),#6783);
#11668 = STYLED_ITEM('color',(#11669),#3399);
#11669 = PRESENTATION_STYLE_ASSIGNMENT((#11670,#11676));
#11670 = SURFACE_STYLE_USAGE(.BOTH.,#11671);
#11671 = SURFACE_SIDE_STYLE('',(#11672));
#11672 = SURFACE_STYLE_FILL_AREA(#11673);
#11673 = FILL_AREA_STYLE('',(#11674));
#11674 = FILL_AREA_STYLE_COLOUR('',#11675);
#11675 = COLOUR_RGB('',0.147999998088,0.145000001626,0.145000001626);
#11676 = CURVE_STYLE('',#11677,POSITIVE_LENGTH_MEASURE(0.1),#11675);
#11677 = DRAUGHTING_PRE_DEFINED_CURVE_FONT('continuous');
#11678 = STYLED_ITEM('color',(#11679),#3439);
#11679 = PRESENTATION_STYLE_ASSIGNMENT((#11680,#11685));
#11680 = SURFACE_STYLE_USAGE(.BOTH.,#11681);
#11681 = SURFACE_SIDE_STYLE('',(#11682));
#11682 = SURFACE_STYLE_FILL_AREA(#11683);
#11683 = FILL_AREA_STYLE('',(#11684));
#11684 = FILL_AREA_STYLE_COLOUR('',#11675);
#11685 = CURVE_STYLE('',#11686,POSITIVE_LENGTH_MEASURE(0.1),#11675);
#11686 = DRAUGHTING_PRE_DEFINED_CURVE_FONT('continuous');
#11687 = STYLED_ITEM('color',(#11688),#3502);
#11688 = PRESENTATION_STYLE_ASSIGNMENT((#11689,#11694));
#11689 = SURFACE_STYLE_USAGE(.BOTH.,#11690);
#11690 = SURFACE_SIDE_STYLE('',(#11691));
#11691 = SURFACE_STYLE_FILL_AREA(#11692);
#11692 = FILL_AREA_STYLE('',(#11693));
#11693 = FILL_AREA_STYLE_COLOUR('',#11675);
#11694 = CURVE_STYLE('',#11695,POSITIVE_LENGTH_MEASURE(0.1),#11675);
#11695 = DRAUGHTING_PRE_DEFINED_CURVE_FONT('continuous');
#11696 = STYLED_ITEM('color',(#11697),#3565);
#11697 = PRESENTATION_STYLE_ASSIGNMENT((#11698,#11703));
#11698 = SURFACE_STYLE_USAGE(.BOTH.,#11699);
#11699 = SURFACE_SIDE_STYLE('',(#11700));
#11700 = SURFACE_STYLE_FILL_AREA(#11701);
#11701 = FILL_AREA_STYLE('',(#11702));
#11702 = FILL_AREA_STYLE_COLOUR('',#11675);
#11703 = CURVE_STYLE('',#11704,POSITIVE_LENGTH_MEASURE(0.1),#11675);
#11704 = DRAUGHTING_PRE_DEFINED_CURVE_FONT('continuous');
#11705 = STYLED_ITEM('color',(#11706),#3582);
#11706 = PRESENTATION_STYLE_ASSIGNMENT((#11707,#11712));
#11707 = SURFACE_STYLE_USAGE(.BOTH.,#11708);
#11708 = SURFACE_SIDE_STYLE('',(#11709));
#11709 = SURFACE_STYLE_FILL_AREA(#11710);
#11710 = FILL_AREA_STYLE('',(#11711));
#11711 = FILL_AREA_STYLE_COLOUR('',#11675);
#11712 = CURVE_STYLE('',#11713,POSITIVE_LENGTH_MEASURE(0.1),#11675);
#11713 = DRAUGHTING_PRE_DEFINED_CURVE_FONT('continuous');
#11714 = STYLED_ITEM('color',(#11715),#3735);
#11715 = PRESENTATION_STYLE_ASSIGNMENT((#11716,#11721));
#11716 = SURFACE_STYLE_USAGE(.BOTH.,#11717);
#11717 = SURFACE_SIDE_STYLE('',(#11718));
#11718 = SURFACE_STYLE_FILL_AREA(#11719);
#11719 = FILL_AREA_STYLE('',(#11720));
#11720 = FILL_AREA_STYLE_COLOUR('',#11675);
#11721 = CURVE_STYLE('',#11722,POSITIVE_LENGTH_MEASURE(0.1),#11675);
#11722 = DRAUGHTING_PRE_DEFINED_CURVE_FONT('continuous');
#11723 = STYLED_ITEM('color',(#11724),#3757);
#11724 = PRESENTATION_STYLE_ASSIGNMENT((#11725,#11730));
#11725 = SURFACE_STYLE_USAGE(.BOTH.,#11726);
#11726 = SURFACE_SIDE_STYLE('',(#11727));
#11727 = SURFACE_STYLE_FILL_AREA(#11728);
#11728 = FILL_AREA_STYLE('',(#11729));
#11729 = FILL_AREA_STYLE_COLOUR('',#11675);
#11730 = CURVE_STYLE('',#11731,POSITIVE_LENGTH_MEASURE(0.1),#11675);
#11731 = DRAUGHTING_PRE_DEFINED_CURVE_FONT('continuous');
#11732 = STYLED_ITEM('color',(#11733),#3774);
#11733 = PRESENTATION_STYLE_ASSIGNMENT((#11734,#11739));
#11734 = SURFACE_STYLE_USAGE(.BOTH.,#11735);
#11735 = SURFACE_SIDE_STYLE('',(#11736));
#11736 = SURFACE_STYLE_FILL_AREA(#11737);
#11737 = FILL_AREA_STYLE('',(#11738));
#11738 = FILL_AREA_STYLE_COLOUR('',#11675);
#11739 = CURVE_STYLE('',#11740,POSITIVE_LENGTH_MEASURE(0.1),#11675);
#11740 = DRAUGHTING_PRE_DEFINED_CURVE_FONT('continuous');
#11741 = OVER_RIDING_STYLED_ITEM('overriding color',(#11742),#3807,
  #11732);
#11742 = PRESENTATION_STYLE_ASSIGNMENT((#11743,#11749));
#11743 = SURFACE_STYLE_USAGE(.BOTH.,#11744);
#11744 = SURFACE_SIDE_STYLE('',(#11745));
#11745 = SURFACE_STYLE_FILL_AREA(#11746);
#11746 = FILL_AREA_STYLE('',(#11747));
#11747 = FILL_AREA_STYLE_COLOUR('',#11748);
#11748 = COLOUR_RGB('',0.858999988747,0.738000004258,0.496000005009);
#11749 = CURVE_STYLE('',#11750,POSITIVE_LENGTH_MEASURE(0.1),#11748);
#11750 = DRAUGHTING_PRE_DEFINED_CURVE_FONT('continuous');
#11751 = OVER_RIDING_STYLED_ITEM('overriding color',(#11752),#3839,
  #11732);
#11752 = PRESENTATION_STYLE_ASSIGNMENT((#11753,#11758));
#11753 = SURFACE_STYLE_USAGE(.BOTH.,#11754);
#11754 = SURFACE_SIDE_STYLE('',(#11755));
#11755 = SURFACE_STYLE_FILL_AREA(#11756);
#11756 = FILL_AREA_STYLE('',(#11757));
#11757 = FILL_AREA_STYLE_COLOUR('',#11748);
#11758 = CURVE_STYLE('',#11759,POSITIVE_LENGTH_MEASURE(0.1),#11748);
#11759 = DRAUGHTING_PRE_DEFINED_CURVE_FONT('continuous');
#11760 = OVER_RIDING_STYLED_ITEM('overriding color',(#11761),#3873,
  #11732);
#11761 = PRESENTATION_STYLE_ASSIGNMENT((#11762,#11767));
#11762 = SURFACE_STYLE_USAGE(.BOTH.,#11763);
#11763 = SURFACE_SIDE_STYLE('',(#11764));
#11764 = SURFACE_STYLE_FILL_AREA(#11765);
#11765 = FILL_AREA_STYLE('',(#11766));
#11766 = FILL_AREA_STYLE_COLOUR('',#11748);
#11767 = CURVE_STYLE('',#11768,POSITIVE_LENGTH_MEASURE(0.1),#11748);
#11768 = DRAUGHTING_PRE_DEFINED_CURVE_FONT('continuous');
#11769 = OVER_RIDING_STYLED_ITEM('overriding color',(#11770),#3905,
  #11732);
#11770 = PRESENTATION_STYLE_ASSIGNMENT((#11771,#11776));
#11771 = SURFACE_STYLE_USAGE(.BOTH.,#11772);
#11772 = SURFACE_SIDE_STYLE('',(#11773));
#11773 = SURFACE_STYLE_FILL_AREA(#11774);
#11774 = FILL_AREA_STYLE('',(#11775));
#11775 = FILL_AREA_STYLE_COLOUR('',#11748);
#11776 = CURVE_STYLE('',#11777,POSITIVE_LENGTH_MEASURE(0.1),#11748);
#11777 = DRAUGHTING_PRE_DEFINED_CURVE_FONT('continuous');
#11778 = OVER_RIDING_STYLED_ITEM('overriding color',(#11779),#3939,
  #11732);
#11779 = PRESENTATION_STYLE_ASSIGNMENT((#11780,#11785));
#11780 = SURFACE_STYLE_USAGE(.BOTH.,#11781);
#11781 = SURFACE_SIDE_STYLE('',(#11782));
#11782 = SURFACE_STYLE_FILL_AREA(#11783);
#11783 = FILL_AREA_STYLE('',(#11784));
#11784 = FILL_AREA_STYLE_COLOUR('',#11748);
#11785 = CURVE_STYLE('',#11786,POSITIVE_LENGTH_MEASURE(0.1),#11748);
#11786 = DRAUGHTING_PRE_DEFINED_CURVE_FONT('continuous');
#11787 = OVER_RIDING_STYLED_ITEM('overriding color',(#11788),#3971,
  #11732);
#11788 = PRESENTATION_STYLE_ASSIGNMENT((#11789,#11794));
#11789 = SURFACE_STYLE_USAGE(.BOTH.,#11790);
#11790 = SURFACE_SIDE_STYLE('',(#11791));
#11791 = SURFACE_STYLE_FILL_AREA(#11792);
#11792 = FILL_AREA_STYLE('',(#11793));
#11793 = FILL_AREA_STYLE_COLOUR('',#11748);
#11794 = CURVE_STYLE('',#11795,POSITIVE_LENGTH_MEASURE(0.1),#11748);
#11795 = DRAUGHTING_PRE_DEFINED_CURVE_FONT('continuous');
#11796 = OVER_RIDING_STYLED_ITEM('overriding color',(#11797),#4005,
  #11732);
#11797 = PRESENTATION_STYLE_ASSIGNMENT((#11798,#11803));
#11798 = SURFACE_STYLE_USAGE(.BOTH.,#11799);
#11799 = SURFACE_SIDE_STYLE('',(#11800));
#11800 = SURFACE_STYLE_FILL_AREA(#11801);
#11801 = FILL_AREA_STYLE('',(#11802));
#11802 = FILL_AREA_STYLE_COLOUR('',#11748);
#11803 = CURVE_STYLE('',#11804,POSITIVE_LENGTH_MEASURE(0.1),#11748);
#11804 = DRAUGHTING_PRE_DEFINED_CURVE_FONT('continuous');
#11805 = OVER_RIDING_STYLED_ITEM('overriding color',(#11806),#4037,
  #11732);
#11806 = PRESENTATION_STYLE_ASSIGNMENT((#11807,#11812));
#11807 = SURFACE_STYLE_USAGE(.BOTH.,#11808);
#11808 = SURFACE_SIDE_STYLE('',(#11809));
#11809 = SURFACE_STYLE_FILL_AREA(#11810);
#11810 = FILL_AREA_STYLE('',(#11811));
#11811 = FILL_AREA_STYLE_COLOUR('',#11748);
#11812 = CURVE_STYLE('',#11813,POSITIVE_LENGTH_MEASURE(0.1),#11748);
#11813 = DRAUGHTING_PRE_DEFINED_CURVE_FONT('continuous');
#11814 = STYLED_ITEM('color',(#11815),#4055);
#11815 = PRESENTATION_STYLE_ASSIGNMENT((#11816,#11821));
#11816 = SURFACE_STYLE_USAGE(.BOTH.,#11817);
#11817 = SURFACE_SIDE_STYLE('',(#11818));
#11818 = SURFACE_STYLE_FILL_AREA(#11819);
#11819 = FILL_AREA_STYLE('',(#11820));
#11820 = FILL_AREA_STYLE_COLOUR('',#11675);
#11821 = CURVE_STYLE('',#11822,POSITIVE_LENGTH_MEASURE(0.1),#11675);
#11822 = DRAUGHTING_PRE_DEFINED_CURVE_FONT('continuous');
#11823 = STYLED_ITEM('color',(#11824),#4067);
#11824 = PRESENTATION_STYLE_ASSIGNMENT((#11825,#11830));
#11825 = SURFACE_STYLE_USAGE(.BOTH.,#11826);
#11826 = SURFACE_SIDE_STYLE('',(#11827));
#11827 = SURFACE_STYLE_FILL_AREA(#11828);
#11828 = FILL_AREA_STYLE('',(#11829));
#11829 = FILL_AREA_STYLE_COLOUR('',#11675);
#11830 = CURVE_STYLE('',#11831,POSITIVE_LENGTH_MEASURE(0.1),#11675);
#11831 = DRAUGHTING_PRE_DEFINED_CURVE_FONT('continuous');
#11832 = STYLED_ITEM('color',(#11833),#4079);
#11833 = PRESENTATION_STYLE_ASSIGNMENT((#11834,#11839));
#11834 = SURFACE_STYLE_USAGE(.BOTH.,#11835);
#11835 = SURFACE_SIDE_STYLE('',(#11836));
#11836 = SURFACE_STYLE_FILL_AREA(#11837);
#11837 = FILL_AREA_STYLE('',(#11838));
#11838 = FILL_AREA_STYLE_COLOUR('',#11675);
#11839 = CURVE_STYLE('',#11840,POSITIVE_LENGTH_MEASURE(0.1),#11675);
#11840 = DRAUGHTING_PRE_DEFINED_CURVE_FONT('continuous');
#11841 = STYLED_ITEM('color',(#11842),#4110);
#11842 = PRESENTATION_STYLE_ASSIGNMENT((#11843,#11848));
#11843 = SURFACE_STYLE_USAGE(.BOTH.,#11844);
#11844 = SURFACE_SIDE_STYLE('',(#11845));
#11845 = SURFACE_STYLE_FILL_AREA(#11846);
#11846 = FILL_AREA_STYLE('',(#11847));
#11847 = FILL_AREA_STYLE_COLOUR('',#11675);
#11848 = CURVE_STYLE('',#11849,POSITIVE_LENGTH_MEASURE(0.1),#11675);
#11849 = DRAUGHTING_PRE_DEFINED_CURVE_FONT('continuous');
#11850 = STYLED_ITEM('color',(#11851),#4134);
#11851 = PRESENTATION_STYLE_ASSIGNMENT((#11852,#11857));
#11852 = SURFACE_STYLE_USAGE(.BOTH.,#11853);
#11853 = SURFACE_SIDE_STYLE('',(#11854));
#11854 = SURFACE_STYLE_FILL_AREA(#11855);
#11855 = FILL_AREA_STYLE('',(#11856));
#11856 = FILL_AREA_STYLE_COLOUR('',#11675);
#11857 = CURVE_STYLE('',#11858,POSITIVE_LENGTH_MEASURE(0.1),#11675);
#11858 = DRAUGHTING_PRE_DEFINED_CURVE_FONT('continuous');
#11859 = STYLED_ITEM('color',(#11860),#4158);
#11860 = PRESENTATION_STYLE_ASSIGNMENT((#11861,#11866));
#11861 = SURFACE_STYLE_USAGE(.BOTH.,#11862);
#11862 = SURFACE_SIDE_STYLE('',(#11863));
#11863 = SURFACE_STYLE_FILL_AREA(#11864);
#11864 = FILL_AREA_STYLE('',(#11865));
#11865 = FILL_AREA_STYLE_COLOUR('',#11675);
#11866 = CURVE_STYLE('',#11867,POSITIVE_LENGTH_MEASURE(0.1),#11675);
#11867 = DRAUGHTING_PRE_DEFINED_CURVE_FONT('continuous');
#11868 = STYLED_ITEM('color',(#11869),#4175);
#11869 = PRESENTATION_STYLE_ASSIGNMENT((#11870,#11875));
#11870 = SURFACE_STYLE_USAGE(.BOTH.,#11871);
#11871 = SURFACE_SIDE_STYLE('',(#11872));
#11872 = SURFACE_STYLE_FILL_AREA(#11873);
#11873 = FILL_AREA_STYLE('',(#11874));
#11874 = FILL_AREA_STYLE_COLOUR('',#11675);
#11875 = CURVE_STYLE('',#11876,POSITIVE_LENGTH_MEASURE(0.1),#11675);
#11876 = DRAUGHTING_PRE_DEFINED_CURVE_FONT('continuous');
#11877 = STYLED_ITEM('color',(#11878),#4206);
#11878 = PRESENTATION_STYLE_ASSIGNMENT((#11879,#11884));
#11879 = SURFACE_STYLE_USAGE(.BOTH.,#11880);
#11880 = SURFACE_SIDE_STYLE('',(#11881));
#11881 = SURFACE_STYLE_FILL_AREA(#11882);
#11882 = FILL_AREA_STYLE('',(#11883));
#11883 = FILL_AREA_STYLE_COLOUR('',#11675);
#11884 = CURVE_STYLE('',#11885,POSITIVE_LENGTH_MEASURE(0.1),#11675);
#11885 = DRAUGHTING_PRE_DEFINED_CURVE_FONT('continuous');
#11886 = STYLED_ITEM('color',(#11887),#4230);
#11887 = PRESENTATION_STYLE_ASSIGNMENT((#11888,#11893));
#11888 = SURFACE_STYLE_USAGE(.BOTH.,#11889);
#11889 = SURFACE_SIDE_STYLE('',(#11890));
#11890 = SURFACE_STYLE_FILL_AREA(#11891);
#11891 = FILL_AREA_STYLE('',(#11892));
#11892 = FILL_AREA_STYLE_COLOUR('',#11675);
#11893 = CURVE_STYLE('',#11894,POSITIVE_LENGTH_MEASURE(0.1),#11675);
#11894 = DRAUGHTING_PRE_DEFINED_CURVE_FONT('continuous');
#11895 = STYLED_ITEM('color',(#11896),#4254);
#11896 = PRESENTATION_STYLE_ASSIGNMENT((#11897,#11902));
#11897 = SURFACE_STYLE_USAGE(.BOTH.,#11898);
#11898 = SURFACE_SIDE_STYLE('',(#11899));
#11899 = SURFACE_STYLE_FILL_AREA(#11900);
#11900 = FILL_AREA_STYLE('',(#11901));
#11901 = FILL_AREA_STYLE_COLOUR('',#11675);
#11902 = CURVE_STYLE('',#11903,POSITIVE_LENGTH_MEASURE(0.1),#11675);
#11903 = DRAUGHTING_PRE_DEFINED_CURVE_FONT('continuous');
#11904 = STYLED_ITEM('color',(#11905),#4271);
#11905 = PRESENTATION_STYLE_ASSIGNMENT((#11906,#11911));
#11906 = SURFACE_STYLE_USAGE(.BOTH.,#11907);
#11907 = SURFACE_SIDE_STYLE('',(#11908));
#11908 = SURFACE_STYLE_FILL_AREA(#11909);
#11909 = FILL_AREA_STYLE('',(#11910));
#11910 = FILL_AREA_STYLE_COLOUR('',#11675);
#11911 = CURVE_STYLE('',#11912,POSITIVE_LENGTH_MEASURE(0.1),#11675);
#11912 = DRAUGHTING_PRE_DEFINED_CURVE_FONT('continuous');
#11913 = STYLED_ITEM('color',(#11914),#4302);
#11914 = PRESENTATION_STYLE_ASSIGNMENT((#11915,#11920));
#11915 = SURFACE_STYLE_USAGE(.BOTH.,#11916);
#11916 = SURFACE_SIDE_STYLE('',(#11917));
#11917 = SURFACE_STYLE_FILL_AREA(#11918);
#11918 = FILL_AREA_STYLE('',(#11919));
#11919 = FILL_AREA_STYLE_COLOUR('',#11675);
#11920 = CURVE_STYLE('',#11921,POSITIVE_LENGTH_MEASURE(0.1),#11675);
#11921 = DRAUGHTING_PRE_DEFINED_CURVE_FONT('continuous');
#11922 = STYLED_ITEM('color',(#11923),#4326);
#11923 = PRESENTATION_STYLE_ASSIGNMENT((#11924,#11929));
#11924 = SURFACE_STYLE_USAGE(.BOTH.,#11925);
#11925 = SURFACE_SIDE_STYLE('',(#11926));
#11926 = SURFACE_STYLE_FILL_AREA(#11927);
#11927 = FILL_AREA_STYLE('',(#11928));
#11928 = FILL_AREA_STYLE_COLOUR('',#11675);
#11929 = CURVE_STYLE('',#11930,POSITIVE_LENGTH_MEASURE(0.1),#11675);
#11930 = DRAUGHTING_PRE_DEFINED_CURVE_FONT('continuous');
#11931 = STYLED_ITEM('color',(#11932),#4350);
#11932 = PRESENTATION_STYLE_ASSIGNMENT((#11933,#11938));
#11933 = SURFACE_STYLE_USAGE(.BOTH.,#11934);
#11934 = SURFACE_SIDE_STYLE('',(#11935));
#11935 = SURFACE_STYLE_FILL_AREA(#11936);
#11936 = FILL_AREA_STYLE('',(#11937));
#11937 = FILL_AREA_STYLE_COLOUR('',#11675);
#11938 = CURVE_STYLE('',#11939,POSITIVE_LENGTH_MEASURE(0.1),#11675);
#11939 = DRAUGHTING_PRE_DEFINED_CURVE_FONT('continuous');
#11940 = STYLED_ITEM('color',(#11941),#4367);
#11941 = PRESENTATION_STYLE_ASSIGNMENT((#11942,#11947));
#11942 = SURFACE_STYLE_USAGE(.BOTH.,#11943);
#11943 = SURFACE_SIDE_STYLE('',(#11944));
#11944 = SURFACE_STYLE_FILL_AREA(#11945);
#11945 = FILL_AREA_STYLE('',(#11946));
#11946 = FILL_AREA_STYLE_COLOUR('',#11675);
#11947 = CURVE_STYLE('',#11948,POSITIVE_LENGTH_MEASURE(0.1),#11675);
#11948 = DRAUGHTING_PRE_DEFINED_CURVE_FONT('continuous');
#11949 = STYLED_ITEM('color',(#11950),#4398);
#11950 = PRESENTATION_STYLE_ASSIGNMENT((#11951,#11956));
#11951 = SURFACE_STYLE_USAGE(.BOTH.,#11952);
#11952 = SURFACE_SIDE_STYLE('',(#11953));
#11953 = SURFACE_STYLE_FILL_AREA(#11954);
#11954 = FILL_AREA_STYLE('',(#11955));
#11955 = FILL_AREA_STYLE_COLOUR('',#11675);
#11956 = CURVE_STYLE('',#11957,POSITIVE_LENGTH_MEASURE(0.1),#11675);
#11957 = DRAUGHTING_PRE_DEFINED_CURVE_FONT('continuous');
#11958 = STYLED_ITEM('color',(#11959),#4422);
#11959 = PRESENTATION_STYLE_ASSIGNMENT((#11960,#11965));
#11960 = SURFACE_STYLE_USAGE(.BOTH.,#11961);
#11961 = SURFACE_SIDE_STYLE('',(#11962));
#11962 = SURFACE_STYLE_FILL_AREA(#11963);
#11963 = FILL_AREA_STYLE('',(#11964));
#11964 = FILL_AREA_STYLE_COLOUR('',#11675);
#11965 = CURVE_STYLE('',#11966,POSITIVE_LENGTH_MEASURE(0.1),#11675);
#11966 = DRAUGHTING_PRE_DEFINED_CURVE_FONT('continuous');
#11967 = STYLED_ITEM('color',(#11968),#4446);
#11968 = PRESENTATION_STYLE_ASSIGNMENT((#11969,#11974));
#11969 = SURFACE_STYLE_USAGE(.BOTH.,#11970);
#11970 = SURFACE_SIDE_STYLE('',(#11971));
#11971 = SURFACE_STYLE_FILL_AREA(#11972);
#11972 = FILL_AREA_STYLE('',(#11973));
#11973 = FILL_AREA_STYLE_COLOUR('',#11675);
#11974 = CURVE_STYLE('',#11975,POSITIVE_LENGTH_MEASURE(0.1),#11675);
#11975 = DRAUGHTING_PRE_DEFINED_CURVE_FONT('continuous');
#11976 = STYLED_ITEM('color',(#11977),#4463);
#11977 = PRESENTATION_STYLE_ASSIGNMENT((#11978,#11983));
#11978 = SURFACE_STYLE_USAGE(.BOTH.,#11979);
#11979 = SURFACE_SIDE_STYLE('',(#11980));
#11980 = SURFACE_STYLE_FILL_AREA(#11981);
#11981 = FILL_AREA_STYLE('',(#11982));
#11982 = FILL_AREA_STYLE_COLOUR('',#11748);
#11983 = CURVE_STYLE('',#11984,POSITIVE_LENGTH_MEASURE(0.1),#11748);
#11984 = DRAUGHTING_PRE_DEFINED_CURVE_FONT('continuous');
#11985 = STYLED_ITEM('color',(#11986),#4480);
#11986 = PRESENTATION_STYLE_ASSIGNMENT((#11987,#11992));
#11987 = SURFACE_STYLE_USAGE(.BOTH.,#11988);
#11988 = SURFACE_SIDE_STYLE('',(#11989));
#11989 = SURFACE_STYLE_FILL_AREA(#11990);
#11990 = FILL_AREA_STYLE('',(#11991));
#11991 = FILL_AREA_STYLE_COLOUR('',#11748);
#11992 = CURVE_STYLE('',#11993,POSITIVE_LENGTH_MEASURE(0.1),#11748);
#11993 = DRAUGHTING_PRE_DEFINED_CURVE_FONT('continuous');
#11994 = STYLED_ITEM('color',(#11995),#4527);
#11995 = PRESENTATION_STYLE_ASSIGNMENT((#11996,#12001));
#11996 = SURFACE_STYLE_USAGE(.BOTH.,#11997);
#11997 = SURFACE_SIDE_STYLE('',(#11998));
#11998 = SURFACE_STYLE_FILL_AREA(#11999);
#11999 = FILL_AREA_STYLE('',(#12000));
#12000 = FILL_AREA_STYLE_COLOUR('',#11748);
#12001 = CURVE_STYLE('',#12002,POSITIVE_LENGTH_MEASURE(0.1),#11748);
#12002 = DRAUGHTING_PRE_DEFINED_CURVE_FONT('continuous');
#12003 = STYLED_ITEM('color',(#12004),#4544);
#12004 = PRESENTATION_STYLE_ASSIGNMENT((#12005,#12010));
#12005 = SURFACE_STYLE_USAGE(.BOTH.,#12006);
#12006 = SURFACE_SIDE_STYLE('',(#12007));
#12007 = SURFACE_STYLE_FILL_AREA(#12008);
#12008 = FILL_AREA_STYLE('',(#12009));
#12009 = FILL_AREA_STYLE_COLOUR('',#11748);
#12010 = CURVE_STYLE('',#12011,POSITIVE_LENGTH_MEASURE(0.1),#11748);
#12011 = DRAUGHTING_PRE_DEFINED_CURVE_FONT('continuous');
#12012 = STYLED_ITEM('color',(#12013),#4591);
#12013 = PRESENTATION_STYLE_ASSIGNMENT((#12014,#12019));
#12014 = SURFACE_STYLE_USAGE(.BOTH.,#12015);
#12015 = SURFACE_SIDE_STYLE('',(#12016));
#12016 = SURFACE_STYLE_FILL_AREA(#12017);
#12017 = FILL_AREA_STYLE('',(#12018));
#12018 = FILL_AREA_STYLE_COLOUR('',#11748);
#12019 = CURVE_STYLE('',#12020,POSITIVE_LENGTH_MEASURE(0.1),#11748);
#12020 = DRAUGHTING_PRE_DEFINED_CURVE_FONT('continuous');
#12021 = STYLED_ITEM('color',(#12022),#4608);
#12022 = PRESENTATION_STYLE_ASSIGNMENT((#12023,#12028));
#12023 = SURFACE_STYLE_USAGE(.BOTH.,#12024);
#12024 = SURFACE_SIDE_STYLE('',(#12025));
#12025 = SURFACE_STYLE_FILL_AREA(#12026);
#12026 = FILL_AREA_STYLE('',(#12027));
#12027 = FILL_AREA_STYLE_COLOUR('',#11748);
#12028 = CURVE_STYLE('',#12029,POSITIVE_LENGTH_MEASURE(0.1),#11748);
#12029 = DRAUGHTING_PRE_DEFINED_CURVE_FONT('continuous');
#12030 = STYLED_ITEM('color',(#12031),#4655);
#12031 = PRESENTATION_STYLE_ASSIGNMENT((#12032,#12037));
#12032 = SURFACE_STYLE_USAGE(.BOTH.,#12033);
#12033 = SURFACE_SIDE_STYLE('',(#12034));
#12034 = SURFACE_STYLE_FILL_AREA(#12035);
#12035 = FILL_AREA_STYLE('',(#12036));
#12036 = FILL_AREA_STYLE_COLOUR('',#11748);
#12037 = CURVE_STYLE('',#12038,POSITIVE_LENGTH_MEASURE(0.1),#11748);
#12038 = DRAUGHTING_PRE_DEFINED_CURVE_FONT('continuous');
#12039 = STYLED_ITEM('color',(#12040),#4672);
#12040 = PRESENTATION_STYLE_ASSIGNMENT((#12041,#12046));
#12041 = SURFACE_STYLE_USAGE(.BOTH.,#12042);
#12042 = SURFACE_SIDE_STYLE('',(#12043));
#12043 = SURFACE_STYLE_FILL_AREA(#12044);
#12044 = FILL_AREA_STYLE('',(#12045));
#12045 = FILL_AREA_STYLE_COLOUR('',#11748);
#12046 = CURVE_STYLE('',#12047,POSITIVE_LENGTH_MEASURE(0.1),#11748);
#12047 = DRAUGHTING_PRE_DEFINED_CURVE_FONT('continuous');
#12048 = STYLED_ITEM('color',(#12049),#4719);
#12049 = PRESENTATION_STYLE_ASSIGNMENT((#12050,#12055));
#12050 = SURFACE_STYLE_USAGE(.BOTH.,#12051);
#12051 = SURFACE_SIDE_STYLE('',(#12052));
#12052 = SURFACE_STYLE_FILL_AREA(#12053);
#12053 = FILL_AREA_STYLE('',(#12054));
#12054 = FILL_AREA_STYLE_COLOUR('',#11748);
#12055 = CURVE_STYLE('',#12056,POSITIVE_LENGTH_MEASURE(0.1),#11748);
#12056 = DRAUGHTING_PRE_DEFINED_CURVE_FONT('continuous');
#12057 = STYLED_ITEM('color',(#12058),#4736);
#12058 = PRESENTATION_STYLE_ASSIGNMENT((#12059,#12064));
#12059 = SURFACE_STYLE_USAGE(.BOTH.,#12060);
#12060 = SURFACE_SIDE_STYLE('',(#12061));
#12061 = SURFACE_STYLE_FILL_AREA(#12062);
#12062 = FILL_AREA_STYLE('',(#12063));
#12063 = FILL_AREA_STYLE_COLOUR('',#11748);
#12064 = CURVE_STYLE('',#12065,POSITIVE_LENGTH_MEASURE(0.1),#11748);
#12065 = DRAUGHTING_PRE_DEFINED_CURVE_FONT('continuous');
#12066 = STYLED_ITEM('color',(#12067),#4783);
#12067 = PRESENTATION_STYLE_ASSIGNMENT((#12068,#12073));
#12068 = SURFACE_STYLE_USAGE(.BOTH.,#12069);
#12069 = SURFACE_SIDE_STYLE('',(#12070));
#12070 = SURFACE_STYLE_FILL_AREA(#12071);
#12071 = FILL_AREA_STYLE('',(#12072));
#12072 = FILL_AREA_STYLE_COLOUR('',#11748);
#12073 = CURVE_STYLE('',#12074,POSITIVE_LENGTH_MEASURE(0.1),#11748);
#12074 = DRAUGHTING_PRE_DEFINED_CURVE_FONT('continuous');
#12075 = STYLED_ITEM('color',(#12076),#4800);
#12076 = PRESENTATION_STYLE_ASSIGNMENT((#12077,#12082));
#12077 = SURFACE_STYLE_USAGE(.BOTH.,#12078);
#12078 = SURFACE_SIDE_STYLE('',(#12079));
#12079 = SURFACE_STYLE_FILL_AREA(#12080);
#12080 = FILL_AREA_STYLE('',(#12081));
#12081 = FILL_AREA_STYLE_COLOUR('',#11748);
#12082 = CURVE_STYLE('',#12083,POSITIVE_LENGTH_MEASURE(0.1),#11748);
#12083 = DRAUGHTING_PRE_DEFINED_CURVE_FONT('continuous');
#12084 = STYLED_ITEM('color',(#12085),#4847);
#12085 = PRESENTATION_STYLE_ASSIGNMENT((#12086,#12091));
#12086 = SURFACE_STYLE_USAGE(.BOTH.,#12087);
#12087 = SURFACE_SIDE_STYLE('',(#12088));
#12088 = SURFACE_STYLE_FILL_AREA(#12089);
#12089 = FILL_AREA_STYLE('',(#12090));
#12090 = FILL_AREA_STYLE_COLOUR('',#11748);
#12091 = CURVE_STYLE('',#12092,POSITIVE_LENGTH_MEASURE(0.1),#11748);
#12092 = DRAUGHTING_PRE_DEFINED_CURVE_FONT('continuous');
#12093 = STYLED_ITEM('color',(#12094),#4864);
#12094 = PRESENTATION_STYLE_ASSIGNMENT((#12095,#12100));
#12095 = SURFACE_STYLE_USAGE(.BOTH.,#12096);
#12096 = SURFACE_SIDE_STYLE('',(#12097));
#12097 = SURFACE_STYLE_FILL_AREA(#12098);
#12098 = FILL_AREA_STYLE('',(#12099));
#12099 = FILL_AREA_STYLE_COLOUR('',#11748);
#12100 = CURVE_STYLE('',#12101,POSITIVE_LENGTH_MEASURE(0.1),#11748);
#12101 = DRAUGHTING_PRE_DEFINED_CURVE_FONT('continuous');
#12102 = STYLED_ITEM('color',(#12103),#4911);
#12103 = PRESENTATION_STYLE_ASSIGNMENT((#12104,#12109));
#12104 = SURFACE_STYLE_USAGE(.BOTH.,#12105);
#12105 = SURFACE_SIDE_STYLE('',(#12106));
#12106 = SURFACE_STYLE_FILL_AREA(#12107);
#12107 = FILL_AREA_STYLE('',(#12108));
#12108 = FILL_AREA_STYLE_COLOUR('',#11748);
#12109 = CURVE_STYLE('',#12110,POSITIVE_LENGTH_MEASURE(0.1),#11748);
#12110 = DRAUGHTING_PRE_DEFINED_CURVE_FONT('continuous');
#12111 = STYLED_ITEM('color',(#12112),#4928);
#12112 = PRESENTATION_STYLE_ASSIGNMENT((#12113,#12118));
#12113 = SURFACE_STYLE_USAGE(.BOTH.,#12114);
#12114 = SURFACE_SIDE_STYLE('',(#12115));
#12115 = SURFACE_STYLE_FILL_AREA(#12116);
#12116 = FILL_AREA_STYLE('',(#12117));
#12117 = FILL_AREA_STYLE_COLOUR('',#11748);
#12118 = CURVE_STYLE('',#12119,POSITIVE_LENGTH_MEASURE(0.1),#11748);
#12119 = DRAUGHTING_PRE_DEFINED_CURVE_FONT('continuous');
#12120 = STYLED_ITEM('color',(#12121),#4975);
#12121 = PRESENTATION_STYLE_ASSIGNMENT((#12122,#12127));
#12122 = SURFACE_STYLE_USAGE(.BOTH.,#12123);
#12123 = SURFACE_SIDE_STYLE('',(#12124));
#12124 = SURFACE_STYLE_FILL_AREA(#12125);
#12125 = FILL_AREA_STYLE('',(#12126));
#12126 = FILL_AREA_STYLE_COLOUR('',#11675);
#12127 = CURVE_STYLE('',#12128,POSITIVE_LENGTH_MEASURE(0.1),#11675);
#12128 = DRAUGHTING_PRE_DEFINED_CURVE_FONT('continuous');
#12129 = STYLED_ITEM('color',(#12130),#5006);
#12130 = PRESENTATION_STYLE_ASSIGNMENT((#12131,#12136));
#12131 = SURFACE_STYLE_USAGE(.BOTH.,#12132);
#12132 = SURFACE_SIDE_STYLE('',(#12133));
#12133 = SURFACE_STYLE_FILL_AREA(#12134);
#12134 = FILL_AREA_STYLE('',(#12135));
#12135 = FILL_AREA_STYLE_COLOUR('',#11675);
#12136 = CURVE_STYLE('',#12137,POSITIVE_LENGTH_MEASURE(0.1),#11675);
#12137 = DRAUGHTING_PRE_DEFINED_CURVE_FONT('continuous');
#12138 = OVER_RIDING_STYLED_ITEM('overriding color',(#12139),#5020,
  #12129);
#12139 = PRESENTATION_STYLE_ASSIGNMENT((#12140,#12145));
#12140 = SURFACE_STYLE_USAGE(.BOTH.,#12141);
#12141 = SURFACE_SIDE_STYLE('',(#12142));
#12142 = SURFACE_STYLE_FILL_AREA(#12143);
#12143 = FILL_AREA_STYLE('',(#12144));
#12144 = FILL_AREA_STYLE_COLOUR('',#11748);
#12145 = CURVE_STYLE('',#12146,POSITIVE_LENGTH_MEASURE(0.1),#11748);
#12146 = DRAUGHTING_PRE_DEFINED_CURVE_FONT('continuous');
#12147 = OVER_RIDING_STYLED_ITEM('overriding color',(#12148),#5036,
  #12129);
#12148 = PRESENTATION_STYLE_ASSIGNMENT((#12149,#12154));
#12149 = SURFACE_STYLE_USAGE(.BOTH.,#12150);
#12150 = SURFACE_SIDE_STYLE('',(#12151));
#12151 = SURFACE_STYLE_FILL_AREA(#12152);
#12152 = FILL_AREA_STYLE('',(#12153));
#12153 = FILL_AREA_STYLE_COLOUR('',#11748);
#12154 = CURVE_STYLE('',#12155,POSITIVE_LENGTH_MEASURE(0.1),#11748);
#12155 = DRAUGHTING_PRE_DEFINED_CURVE_FONT('continuous');
#12156 = STYLED_ITEM('color',(#12157),#5062);
#12157 = PRESENTATION_STYLE_ASSIGNMENT((#12158,#12163));
#12158 = SURFACE_STYLE_USAGE(.BOTH.,#12159);
#12159 = SURFACE_SIDE_STYLE('',(#12160));
#12160 = SURFACE_STYLE_FILL_AREA(#12161);
#12161 = FILL_AREA_STYLE('',(#12162));
#12162 = FILL_AREA_STYLE_COLOUR('',#11675);
#12163 = CURVE_STYLE('',#12164,POSITIVE_LENGTH_MEASURE(0.1),#11675);
#12164 = DRAUGHTING_PRE_DEFINED_CURVE_FONT('continuous');
#12165 = STYLED_ITEM('color',(#12166),#5086);
#12166 = PRESENTATION_STYLE_ASSIGNMENT((#12167,#12172));
#12167 = SURFACE_STYLE_USAGE(.BOTH.,#12168);
#12168 = SURFACE_SIDE_STYLE('',(#12169));
#12169 = SURFACE_STYLE_FILL_AREA(#12170);
#12170 = FILL_AREA_STYLE('',(#12171));
#12171 = FILL_AREA_STYLE_COLOUR('',#11675);
#12172 = CURVE_STYLE('',#12173,POSITIVE_LENGTH_MEASURE(0.1),#11675);
#12173 = DRAUGHTING_PRE_DEFINED_CURVE_FONT('continuous');
#12174 = OVER_RIDING_STYLED_ITEM('overriding color',(#12175),#5100,
  #12165);
#12175 = PRESENTATION_STYLE_ASSIGNMENT((#12176,#12181));
#12176 = SURFACE_STYLE_USAGE(.BOTH.,#12177);
#12177 = SURFACE_SIDE_STYLE('',(#12178));
#12178 = SURFACE_STYLE_FILL_AREA(#12179);
#12179 = FILL_AREA_STYLE('',(#12180));
#12180 = FILL_AREA_STYLE_COLOUR('',#11748);
#12181 = CURVE_STYLE('',#12182,POSITIVE_LENGTH_MEASURE(0.1),#11748);
#12182 = DRAUGHTING_PRE_DEFINED_CURVE_FONT('continuous');
#12183 = OVER_RIDING_STYLED_ITEM('overriding color',(#12184),#5116,
  #12165);
#12184 = PRESENTATION_STYLE_ASSIGNMENT((#12185,#12190));
#12185 = SURFACE_STYLE_USAGE(.BOTH.,#12186);
#12186 = SURFACE_SIDE_STYLE('',(#12187));
#12187 = SURFACE_STYLE_FILL_AREA(#12188);
#12188 = FILL_AREA_STYLE('',(#12189));
#12189 = FILL_AREA_STYLE_COLOUR('',#11748);
#12190 = CURVE_STYLE('',#12191,POSITIVE_LENGTH_MEASURE(0.1),#11748);
#12191 = DRAUGHTING_PRE_DEFINED_CURVE_FONT('continuous');
#12192 = STYLED_ITEM('color',(#12193),#5135);
#12193 = PRESENTATION_STYLE_ASSIGNMENT((#12194,#12199));
#12194 = SURFACE_STYLE_USAGE(.BOTH.,#12195);
#12195 = SURFACE_SIDE_STYLE('',(#12196));
#12196 = SURFACE_STYLE_FILL_AREA(#12197);
#12197 = FILL_AREA_STYLE('',(#12198));
#12198 = FILL_AREA_STYLE_COLOUR('',#11675);
#12199 = CURVE_STYLE('',#12200,POSITIVE_LENGTH_MEASURE(0.1),#11675);
#12200 = DRAUGHTING_PRE_DEFINED_CURVE_FONT('continuous');
#12201 = STYLED_ITEM('color',(#12202),#5166);
#12202 = PRESENTATION_STYLE_ASSIGNMENT((#12203,#12208));
#12203 = SURFACE_STYLE_USAGE(.BOTH.,#12204);
#12204 = SURFACE_SIDE_STYLE('',(#12205));
#12205 = SURFACE_STYLE_FILL_AREA(#12206);
#12206 = FILL_AREA_STYLE('',(#12207));
#12207 = FILL_AREA_STYLE_COLOUR('',#11675);
#12208 = CURVE_STYLE('',#12209,POSITIVE_LENGTH_MEASURE(0.1),#11675);
#12209 = DRAUGHTING_PRE_DEFINED_CURVE_FONT('continuous');
#12210 = OVER_RIDING_STYLED_ITEM('overriding color',(#12211),#5180,
  #12201);
#12211 = PRESENTATION_STYLE_ASSIGNMENT((#12212,#12217));
#12212 = SURFACE_STYLE_USAGE(.BOTH.,#12213);
#12213 = SURFACE_SIDE_STYLE('',(#12214));
#12214 = SURFACE_STYLE_FILL_AREA(#12215);
#12215 = FILL_AREA_STYLE('',(#12216));
#12216 = FILL_AREA_STYLE_COLOUR('',#11748);
#12217 = CURVE_STYLE('',#12218,POSITIVE_LENGTH_MEASURE(0.1),#11748);
#12218 = DRAUGHTING_PRE_DEFINED_CURVE_FONT('continuous');
#12219 = OVER_RIDING_STYLED_ITEM('overriding color',(#12220),#5196,
  #12201);
#12220 = PRESENTATION_STYLE_ASSIGNMENT((#12221,#12226));
#12221 = SURFACE_STYLE_USAGE(.BOTH.,#12222);
#12222 = SURFACE_SIDE_STYLE('',(#12223));
#12223 = SURFACE_STYLE_FILL_AREA(#12224);
#12224 = FILL_AREA_STYLE('',(#12225));
#12225 = FILL_AREA_STYLE_COLOUR('',#11748);
#12226 = CURVE_STYLE('',#12227,POSITIVE_LENGTH_MEASURE(0.1),#11748);
#12227 = DRAUGHTING_PRE_DEFINED_CURVE_FONT('continuous');
#12228 = STYLED_ITEM('color',(#12229),#5222);
#12229 = PRESENTATION_STYLE_ASSIGNMENT((#12230,#12235));
#12230 = SURFACE_STYLE_USAGE(.BOTH.,#12231);
#12231 = SURFACE_SIDE_STYLE('',(#12232));
#12232 = SURFACE_STYLE_FILL_AREA(#12233);
#12233 = FILL_AREA_STYLE('',(#12234));
#12234 = FILL_AREA_STYLE_COLOUR('',#11675);
#12235 = CURVE_STYLE('',#12236,POSITIVE_LENGTH_MEASURE(0.1),#11675);
#12236 = DRAUGHTING_PRE_DEFINED_CURVE_FONT('continuous');
#12237 = STYLED_ITEM('color',(#12238),#5246);
#12238 = PRESENTATION_STYLE_ASSIGNMENT((#12239,#12244));
#12239 = SURFACE_STYLE_USAGE(.BOTH.,#12240);
#12240 = SURFACE_SIDE_STYLE('',(#12241));
#12241 = SURFACE_STYLE_FILL_AREA(#12242);
#12242 = FILL_AREA_STYLE('',(#12243));
#12243 = FILL_AREA_STYLE_COLOUR('',#11675);
#12244 = CURVE_STYLE('',#12245,POSITIVE_LENGTH_MEASURE(0.1),#11675);
#12245 = DRAUGHTING_PRE_DEFINED_CURVE_FONT('continuous');
#12246 = OVER_RIDING_STYLED_ITEM('overriding color',(#12247),#5260,
  #12237);
#12247 = PRESENTATION_STYLE_ASSIGNMENT((#12248,#12253));
#12248 = SURFACE_STYLE_USAGE(.BOTH.,#12249);
#12249 = SURFACE_SIDE_STYLE('',(#12250));
#12250 = SURFACE_STYLE_FILL_AREA(#12251);
#12251 = FILL_AREA_STYLE('',(#12252));
#12252 = FILL_AREA_STYLE_COLOUR('',#11748);
#12253 = CURVE_STYLE('',#12254,POSITIVE_LENGTH_MEASURE(0.1),#11748);
#12254 = DRAUGHTING_PRE_DEFINED_CURVE_FONT('continuous');
#12255 = OVER_RIDING_STYLED_ITEM('overriding color',(#12256),#5276,
  #12237);
#12256 = PRESENTATION_STYLE_ASSIGNMENT((#12257,#12262));
#12257 = SURFACE_STYLE_USAGE(.BOTH.,#12258);
#12258 = SURFACE_SIDE_STYLE('',(#12259));
#12259 = SURFACE_STYLE_FILL_AREA(#12260);
#12260 = FILL_AREA_STYLE('',(#12261));
#12261 = FILL_AREA_STYLE_COLOUR('',#11748);
#12262 = CURVE_STYLE('',#12263,POSITIVE_LENGTH_MEASURE(0.1),#11748);
#12263 = DRAUGHTING_PRE_DEFINED_CURVE_FONT('continuous');
#12264 = STYLED_ITEM('color',(#12265),#5295);
#12265 = PRESENTATION_STYLE_ASSIGNMENT((#12266,#12271));
#12266 = SURFACE_STYLE_USAGE(.BOTH.,#12267);
#12267 = SURFACE_SIDE_STYLE('',(#12268));
#12268 = SURFACE_STYLE_FILL_AREA(#12269);
#12269 = FILL_AREA_STYLE('',(#12270));
#12270 = FILL_AREA_STYLE_COLOUR('',#11675);
#12271 = CURVE_STYLE('',#12272,POSITIVE_LENGTH_MEASURE(0.1),#11675);
#12272 = DRAUGHTING_PRE_DEFINED_CURVE_FONT('continuous');
#12273 = STYLED_ITEM('color',(#12274),#5326);
#12274 = PRESENTATION_STYLE_ASSIGNMENT((#12275,#12280));
#12275 = SURFACE_STYLE_USAGE(.BOTH.,#12276);
#12276 = SURFACE_SIDE_STYLE('',(#12277));
#12277 = SURFACE_STYLE_FILL_AREA(#12278);
#12278 = FILL_AREA_STYLE('',(#12279));
#12279 = FILL_AREA_STYLE_COLOUR('',#11675);
#12280 = CURVE_STYLE('',#12281,POSITIVE_LENGTH_MEASURE(0.1),#11675);
#12281 = DRAUGHTING_PRE_DEFINED_CURVE_FONT('continuous');
#12282 = OVER_RIDING_STYLED_ITEM('overriding color',(#12283),#5340,
  #12273);
#12283 = PRESENTATION_STYLE_ASSIGNMENT((#12284,#12289));
#12284 = SURFACE_STYLE_USAGE(.BOTH.,#12285);
#12285 = SURFACE_SIDE_STYLE('',(#12286));
#12286 = SURFACE_STYLE_FILL_AREA(#12287);
#12287 = FILL_AREA_STYLE('',(#12288));
#12288 = FILL_AREA_STYLE_COLOUR('',#11748);
#12289 = CURVE_STYLE('',#12290,POSITIVE_LENGTH_MEASURE(0.1),#11748);
#12290 = DRAUGHTING_PRE_DEFINED_CURVE_FONT('continuous');
#12291 = OVER_RIDING_STYLED_ITEM('overriding color',(#12292),#5356,
  #12273);
#12292 = PRESENTATION_STYLE_ASSIGNMENT((#12293,#12298));
#12293 = SURFACE_STYLE_USAGE(.BOTH.,#12294);
#12294 = SURFACE_SIDE_STYLE('',(#12295));
#12295 = SURFACE_STYLE_FILL_AREA(#12296);
#12296 = FILL_AREA_STYLE('',(#12297));
#12297 = FILL_AREA_STYLE_COLOUR('',#11748);
#12298 = CURVE_STYLE('',#12299,POSITIVE_LENGTH_MEASURE(0.1),#11748);
#12299 = DRAUGHTING_PRE_DEFINED_CURVE_FONT('continuous');
#12300 = STYLED_ITEM('color',(#12301),#5382);
#12301 = PRESENTATION_STYLE_ASSIGNMENT((#12302,#12307));
#12302 = SURFACE_STYLE_USAGE(.BOTH.,#12303);
#12303 = SURFACE_SIDE_STYLE('',(#12304));
#12304 = SURFACE_STYLE_FILL_AREA(#12305);
#12305 = FILL_AREA_STYLE('',(#12306));
#12306 = FILL_AREA_STYLE_COLOUR('',#11675);
#12307 = CURVE_STYLE('',#12308,POSITIVE_LENGTH_MEASURE(0.1),#11675);
#12308 = DRAUGHTING_PRE_DEFINED_CURVE_FONT('continuous');
#12309 = STYLED_ITEM('color',(#12310),#5406);
#12310 = PRESENTATION_STYLE_ASSIGNMENT((#12311,#12316));
#12311 = SURFACE_STYLE_USAGE(.BOTH.,#12312);
#12312 = SURFACE_SIDE_STYLE('',(#12313));
#12313 = SURFACE_STYLE_FILL_AREA(#12314);
#12314 = FILL_AREA_STYLE('',(#12315));
#12315 = FILL_AREA_STYLE_COLOUR('',#11675);
#12316 = CURVE_STYLE('',#12317,POSITIVE_LENGTH_MEASURE(0.1),#11675);
#12317 = DRAUGHTING_PRE_DEFINED_CURVE_FONT('continuous');
#12318 = OVER_RIDING_STYLED_ITEM('overriding color',(#12319),#5420,
  #12309);
#12319 = PRESENTATION_STYLE_ASSIGNMENT((#12320,#12325));
#12320 = SURFACE_STYLE_USAGE(.BOTH.,#12321);
#12321 = SURFACE_SIDE_STYLE('',(#12322));
#12322 = SURFACE_STYLE_FILL_AREA(#12323);
#12323 = FILL_AREA_STYLE('',(#12324));
#12324 = FILL_AREA_STYLE_COLOUR('',#11748);
#12325 = CURVE_STYLE('',#12326,POSITIVE_LENGTH_MEASURE(0.1),#11748);
#12326 = DRAUGHTING_PRE_DEFINED_CURVE_FONT('continuous');
#12327 = OVER_RIDING_STYLED_ITEM('overriding color',(#12328),#5436,
  #12309);
#12328 = PRESENTATION_STYLE_ASSIGNMENT((#12329,#12334));
#12329 = SURFACE_STYLE_USAGE(.BOTH.,#12330);
#12330 = SURFACE_SIDE_STYLE('',(#12331));
#12331 = SURFACE_STYLE_FILL_AREA(#12332);
#12332 = FILL_AREA_STYLE('',(#12333));
#12333 = FILL_AREA_STYLE_COLOUR('',#11748);
#12334 = CURVE_STYLE('',#12335,POSITIVE_LENGTH_MEASURE(0.1),#11748);
#12335 = DRAUGHTING_PRE_DEFINED_CURVE_FONT('continuous');
#12336 = STYLED_ITEM('color',(#12337),#5455);
#12337 = PRESENTATION_STYLE_ASSIGNMENT((#12338,#12343));
#12338 = SURFACE_STYLE_USAGE(.BOTH.,#12339);
#12339 = SURFACE_SIDE_STYLE('',(#12340));
#12340 = SURFACE_STYLE_FILL_AREA(#12341);
#12341 = FILL_AREA_STYLE('',(#12342));
#12342 = FILL_AREA_STYLE_COLOUR('',#11675);
#12343 = CURVE_STYLE('',#12344,POSITIVE_LENGTH_MEASURE(0.1),#11675);
#12344 = DRAUGHTING_PRE_DEFINED_CURVE_FONT('continuous');
#12345 = STYLED_ITEM('color',(#12346),#5486);
#12346 = PRESENTATION_STYLE_ASSIGNMENT((#12347,#12352));
#12347 = SURFACE_STYLE_USAGE(.BOTH.,#12348);
#12348 = SURFACE_SIDE_STYLE('',(#12349));
#12349 = SURFACE_STYLE_FILL_AREA(#12350);
#12350 = FILL_AREA_STYLE('',(#12351));
#12351 = FILL_AREA_STYLE_COLOUR('',#11675);
#12352 = CURVE_STYLE('',#12353,POSITIVE_LENGTH_MEASURE(0.1),#11675);
#12353 = DRAUGHTING_PRE_DEFINED_CURVE_FONT('continuous');
#12354 = OVER_RIDING_STYLED_ITEM('overriding color',(#12355),#5500,
  #12345);
#12355 = PRESENTATION_STYLE_ASSIGNMENT((#12356,#12361));
#12356 = SURFACE_STYLE_USAGE(.BOTH.,#12357);
#12357 = SURFACE_SIDE_STYLE('',(#12358));
#12358 = SURFACE_STYLE_FILL_AREA(#12359);
#12359 = FILL_AREA_STYLE('',(#12360));
#12360 = FILL_AREA_STYLE_COLOUR('',#11748);
#12361 = CURVE_STYLE('',#12362,POSITIVE_LENGTH_MEASURE(0.1),#11748);
#12362 = DRAUGHTING_PRE_DEFINED_CURVE_FONT('continuous');
#12363 = OVER_RIDING_STYLED_ITEM('overriding color',(#12364),#5516,
  #12345);
#12364 = PRESENTATION_STYLE_ASSIGNMENT((#12365,#12370));
#12365 = SURFACE_STYLE_USAGE(.BOTH.,#12366);
#12366 = SURFACE_SIDE_STYLE('',(#12367));
#12367 = SURFACE_STYLE_FILL_AREA(#12368);
#12368 = FILL_AREA_STYLE('',(#12369));
#12369 = FILL_AREA_STYLE_COLOUR('',#11748);
#12370 = CURVE_STYLE('',#12371,POSITIVE_LENGTH_MEASURE(0.1),#11748);
#12371 = DRAUGHTING_PRE_DEFINED_CURVE_FONT('continuous');
#12372 = STYLED_ITEM('color',(#12373),#5542);
#12373 = PRESENTATION_STYLE_ASSIGNMENT((#12374,#12379));
#12374 = SURFACE_STYLE_USAGE(.BOTH.,#12375);
#12375 = SURFACE_SIDE_STYLE('',(#12376));
#12376 = SURFACE_STYLE_FILL_AREA(#12377);
#12377 = FILL_AREA_STYLE('',(#12378));
#12378 = FILL_AREA_STYLE_COLOUR('',#11675);
#12379 = CURVE_STYLE('',#12380,POSITIVE_LENGTH_MEASURE(0.1),#11675);
#12380 = DRAUGHTING_PRE_DEFINED_CURVE_FONT('continuous');
#12381 = STYLED_ITEM('color',(#12382),#5566);
#12382 = PRESENTATION_STYLE_ASSIGNMENT((#12383,#12388));
#12383 = SURFACE_STYLE_USAGE(.BOTH.,#12384);
#12384 = SURFACE_SIDE_STYLE('',(#12385));
#12385 = SURFACE_STYLE_FILL_AREA(#12386);
#12386 = FILL_AREA_STYLE('',(#12387));
#12387 = FILL_AREA_STYLE_COLOUR('',#11675);
#12388 = CURVE_STYLE('',#12389,POSITIVE_LENGTH_MEASURE(0.1),#11675);
#12389 = DRAUGHTING_PRE_DEFINED_CURVE_FONT('continuous');
#12390 = OVER_RIDING_STYLED_ITEM('overriding color',(#12391),#5580,
  #12381);
#12391 = PRESENTATION_STYLE_ASSIGNMENT((#12392,#12397));
#12392 = SURFACE_STYLE_USAGE(.BOTH.,#12393);
#12393 = SURFACE_SIDE_STYLE('',(#12394));
#12394 = SURFACE_STYLE_FILL_AREA(#12395);
#12395 = FILL_AREA_STYLE('',(#12396));
#12396 = FILL_AREA_STYLE_COLOUR('',#11748);
#12397 = CURVE_STYLE('',#12398,POSITIVE_LENGTH_MEASURE(0.1),#11748);
#12398 = DRAUGHTING_PRE_DEFINED_CURVE_FONT('continuous');
#12399 = OVER_RIDING_STYLED_ITEM('overriding color',(#12400),#5596,
  #12381);
#12400 = PRESENTATION_STYLE_ASSIGNMENT((#12401,#12406));
#12401 = SURFACE_STYLE_USAGE(.BOTH.,#12402);
#12402 = SURFACE_SIDE_STYLE('',(#12403));
#12403 = SURFACE_STYLE_FILL_AREA(#12404);
#12404 = FILL_AREA_STYLE('',(#12405));
#12405 = FILL_AREA_STYLE_COLOUR('',#11748);
#12406 = CURVE_STYLE('',#12407,POSITIVE_LENGTH_MEASURE(0.1),#11748);
#12407 = DRAUGHTING_PRE_DEFINED_CURVE_FONT('continuous');
#12408 = STYLED_ITEM('color',(#12409),#5615);
#12409 = PRESENTATION_STYLE_ASSIGNMENT((#12410,#12415));
#12410 = SURFACE_STYLE_USAGE(.BOTH.,#12411);
#12411 = SURFACE_SIDE_STYLE('',(#12412));
#12412 = SURFACE_STYLE_FILL_AREA(#12413);
#12413 = FILL_AREA_STYLE('',(#12414));
#12414 = FILL_AREA_STYLE_COLOUR('',#11748);
#12415 = CURVE_STYLE('',#12416,POSITIVE_LENGTH_MEASURE(0.1),#11748);
#12416 = DRAUGHTING_PRE_DEFINED_CURVE_FONT('continuous');
#12417 = STYLED_ITEM('color',(#12418),#5632);
#12418 = PRESENTATION_STYLE_ASSIGNMENT((#12419,#12424));
#12419 = SURFACE_STYLE_USAGE(.BOTH.,#12420);
#12420 = SURFACE_SIDE_STYLE('',(#12421));
#12421 = SURFACE_STYLE_FILL_AREA(#12422);
#12422 = FILL_AREA_STYLE('',(#12423));
#12423 = FILL_AREA_STYLE_COLOUR('',#11748);
#12424 = CURVE_STYLE('',#12425,POSITIVE_LENGTH_MEASURE(0.1),#11748);
#12425 = DRAUGHTING_PRE_DEFINED_CURVE_FONT('continuous');
#12426 = STYLED_ITEM('color',(#12427),#5649);
#12427 = PRESENTATION_STYLE_ASSIGNMENT((#12428,#12433));
#12428 = SURFACE_STYLE_USAGE(.BOTH.,#12429);
#12429 = SURFACE_SIDE_STYLE('',(#12430));
#12430 = SURFACE_STYLE_FILL_AREA(#12431);
#12431 = FILL_AREA_STYLE('',(#12432));
#12432 = FILL_AREA_STYLE_COLOUR('',#11748);
#12433 = CURVE_STYLE('',#12434,POSITIVE_LENGTH_MEASURE(0.1),#11748);
#12434 = DRAUGHTING_PRE_DEFINED_CURVE_FONT('continuous');
#12435 = STYLED_ITEM('color',(#12436),#5666);
#12436 = PRESENTATION_STYLE_ASSIGNMENT((#12437,#12442));
#12437 = SURFACE_STYLE_USAGE(.BOTH.,#12438);
#12438 = SURFACE_SIDE_STYLE('',(#12439));
#12439 = SURFACE_STYLE_FILL_AREA(#12440);
#12440 = FILL_AREA_STYLE('',(#12441));
#12441 = FILL_AREA_STYLE_COLOUR('',#11748);
#12442 = CURVE_STYLE('',#12443,POSITIVE_LENGTH_MEASURE(0.1),#11748);
#12443 = DRAUGHTING_PRE_DEFINED_CURVE_FONT('continuous');
#12444 = STYLED_ITEM('color',(#12445),#5683);
#12445 = PRESENTATION_STYLE_ASSIGNMENT((#12446,#12451));
#12446 = SURFACE_STYLE_USAGE(.BOTH.,#12447);
#12447 = SURFACE_SIDE_STYLE('',(#12448));
#12448 = SURFACE_STYLE_FILL_AREA(#12449);
#12449 = FILL_AREA_STYLE('',(#12450));
#12450 = FILL_AREA_STYLE_COLOUR('',#11748);
#12451 = CURVE_STYLE('',#12452,POSITIVE_LENGTH_MEASURE(0.1),#11748);
#12452 = DRAUGHTING_PRE_DEFINED_CURVE_FONT('continuous');
#12453 = STYLED_ITEM('color',(#12454),#5695);
#12454 = PRESENTATION_STYLE_ASSIGNMENT((#12455,#12460));
#12455 = SURFACE_STYLE_USAGE(.BOTH.,#12456);
#12456 = SURFACE_SIDE_STYLE('',(#12457));
#12457 = SURFACE_STYLE_FILL_AREA(#12458);
#12458 = FILL_AREA_STYLE('',(#12459));
#12459 = FILL_AREA_STYLE_COLOUR('',#11748);
#12460 = CURVE_STYLE('',#12461,POSITIVE_LENGTH_MEASURE(0.1),#11748);
#12461 = DRAUGHTING_PRE_DEFINED_CURVE_FONT('continuous');
#12462 = STYLED_ITEM('color',(#12463),#5712);
#12463 = PRESENTATION_STYLE_ASSIGNMENT((#12464,#12469));
#12464 = SURFACE_STYLE_USAGE(.BOTH.,#12465);
#12465 = SURFACE_SIDE_STYLE('',(#12466));
#12466 = SURFACE_STYLE_FILL_AREA(#12467);
#12467 = FILL_AREA_STYLE('',(#12468));
#12468 = FILL_AREA_STYLE_COLOUR('',#11748);
#12469 = CURVE_STYLE('',#12470,POSITIVE_LENGTH_MEASURE(0.1),#11748);
#12470 = DRAUGHTING_PRE_DEFINED_CURVE_FONT('continuous');
#12471 = STYLED_ITEM('color',(#12472),#5729);
#12472 = PRESENTATION_STYLE_ASSIGNMENT((#12473,#12478));
#12473 = SURFACE_STYLE_USAGE(.BOTH.,#12474);
#12474 = SURFACE_SIDE_STYLE('',(#12475));
#12475 = SURFACE_STYLE_FILL_AREA(#12476);
#12476 = FILL_AREA_STYLE('',(#12477));
#12477 = FILL_AREA_STYLE_COLOUR('',#11748);
#12478 = CURVE_STYLE('',#12479,POSITIVE_LENGTH_MEASURE(0.1),#11748);
#12479 = DRAUGHTING_PRE_DEFINED_CURVE_FONT('continuous');
#12480 = STYLED_ITEM('color',(#12481),#5746);
#12481 = PRESENTATION_STYLE_ASSIGNMENT((#12482,#12487));
#12482 = SURFACE_STYLE_USAGE(.BOTH.,#12483);
#12483 = SURFACE_SIDE_STYLE('',(#12484));
#12484 = SURFACE_STYLE_FILL_AREA(#12485);
#12485 = FILL_AREA_STYLE('',(#12486));
#12486 = FILL_AREA_STYLE_COLOUR('',#11748);
#12487 = CURVE_STYLE('',#12488,POSITIVE_LENGTH_MEASURE(0.1),#11748);
#12488 = DRAUGHTING_PRE_DEFINED_CURVE_FONT('continuous');
#12489 = STYLED_ITEM('color',(#12490),#5763);
#12490 = PRESENTATION_STYLE_ASSIGNMENT((#12491,#12496));
#12491 = SURFACE_STYLE_USAGE(.BOTH.,#12492);
#12492 = SURFACE_SIDE_STYLE('',(#12493));
#12493 = SURFACE_STYLE_FILL_AREA(#12494);
#12494 = FILL_AREA_STYLE('',(#12495));
#12495 = FILL_AREA_STYLE_COLOUR('',#11748);
#12496 = CURVE_STYLE('',#12497,POSITIVE_LENGTH_MEASURE(0.1),#11748);
#12497 = DRAUGHTING_PRE_DEFINED_CURVE_FONT('continuous');
#12498 = STYLED_ITEM('color',(#12499),#5775);
#12499 = PRESENTATION_STYLE_ASSIGNMENT((#12500,#12505));
#12500 = SURFACE_STYLE_USAGE(.BOTH.,#12501);
#12501 = SURFACE_SIDE_STYLE('',(#12502));
#12502 = SURFACE_STYLE_FILL_AREA(#12503);
#12503 = FILL_AREA_STYLE('',(#12504));
#12504 = FILL_AREA_STYLE_COLOUR('',#11748);
#12505 = CURVE_STYLE('',#12506,POSITIVE_LENGTH_MEASURE(0.1),#11748);
#12506 = DRAUGHTING_PRE_DEFINED_CURVE_FONT('continuous');
#12507 = STYLED_ITEM('color',(#12508),#5792);
#12508 = PRESENTATION_STYLE_ASSIGNMENT((#12509,#12514));
#12509 = SURFACE_STYLE_USAGE(.BOTH.,#12510);
#12510 = SURFACE_SIDE_STYLE('',(#12511));
#12511 = SURFACE_STYLE_FILL_AREA(#12512);
#12512 = FILL_AREA_STYLE('',(#12513));
#12513 = FILL_AREA_STYLE_COLOUR('',#11748);
#12514 = CURVE_STYLE('',#12515,POSITIVE_LENGTH_MEASURE(0.1),#11748);
#12515 = DRAUGHTING_PRE_DEFINED_CURVE_FONT('continuous');
#12516 = STYLED_ITEM('color',(#12517),#5809);
#12517 = PRESENTATION_STYLE_ASSIGNMENT((#12518,#12523));
#12518 = SURFACE_STYLE_USAGE(.BOTH.,#12519);
#12519 = SURFACE_SIDE_STYLE('',(#12520));
#12520 = SURFACE_STYLE_FILL_AREA(#12521);
#12521 = FILL_AREA_STYLE('',(#12522));
#12522 = FILL_AREA_STYLE_COLOUR('',#11748);
#12523 = CURVE_STYLE('',#12524,POSITIVE_LENGTH_MEASURE(0.1),#11748);
#12524 = DRAUGHTING_PRE_DEFINED_CURVE_FONT('continuous');
#12525 = STYLED_ITEM('color',(#12526),#5826);
#12526 = PRESENTATION_STYLE_ASSIGNMENT((#12527,#12532));
#12527 = SURFACE_STYLE_USAGE(.BOTH.,#12528);
#12528 = SURFACE_SIDE_STYLE('',(#12529));
#12529 = SURFACE_STYLE_FILL_AREA(#12530);
#12530 = FILL_AREA_STYLE('',(#12531));
#12531 = FILL_AREA_STYLE_COLOUR('',#11748);
#12532 = CURVE_STYLE('',#12533,POSITIVE_LENGTH_MEASURE(0.1),#11748);
#12533 = DRAUGHTING_PRE_DEFINED_CURVE_FONT('continuous');
#12534 = STYLED_ITEM('color',(#12535),#5843);
#12535 = PRESENTATION_STYLE_ASSIGNMENT((#12536,#12541));
#12536 = SURFACE_STYLE_USAGE(.BOTH.,#12537);
#12537 = SURFACE_SIDE_STYLE('',(#12538));
#12538 = SURFACE_STYLE_FILL_AREA(#12539);
#12539 = FILL_AREA_STYLE('',(#12540));
#12540 = FILL_AREA_STYLE_COLOUR('',#11748);
#12541 = CURVE_STYLE('',#12542,POSITIVE_LENGTH_MEASURE(0.1),#11748);
#12542 = DRAUGHTING_PRE_DEFINED_CURVE_FONT('continuous');
#12543 = STYLED_ITEM('color',(#12544),#5855);
#12544 = PRESENTATION_STYLE_ASSIGNMENT((#12545,#12550));
#12545 = SURFACE_STYLE_USAGE(.BOTH.,#12546);
#12546 = SURFACE_SIDE_STYLE('',(#12547));
#12547 = SURFACE_STYLE_FILL_AREA(#12548);
#12548 = FILL_AREA_STYLE('',(#12549));
#12549 = FILL_AREA_STYLE_COLOUR('',#11748);
#12550 = CURVE_STYLE('',#12551,POSITIVE_LENGTH_MEASURE(0.1),#11748);
#12551 = DRAUGHTING_PRE_DEFINED_CURVE_FONT('continuous');
#12552 = STYLED_ITEM('color',(#12553),#5872);
#12553 = PRESENTATION_STYLE_ASSIGNMENT((#12554,#12559));
#12554 = SURFACE_STYLE_USAGE(.BOTH.,#12555);
#12555 = SURFACE_SIDE_STYLE('',(#12556));
#12556 = SURFACE_STYLE_FILL_AREA(#12557);
#12557 = FILL_AREA_STYLE('',(#12558));
#12558 = FILL_AREA_STYLE_COLOUR('',#11748);
#12559 = CURVE_STYLE('',#12560,POSITIVE_LENGTH_MEASURE(0.1),#11748);
#12560 = DRAUGHTING_PRE_DEFINED_CURVE_FONT('continuous');
#12561 = STYLED_ITEM('color',(#12562),#5889);
#12562 = PRESENTATION_STYLE_ASSIGNMENT((#12563,#12568));
#12563 = SURFACE_STYLE_USAGE(.BOTH.,#12564);
#12564 = SURFACE_SIDE_STYLE('',(#12565));
#12565 = SURFACE_STYLE_FILL_AREA(#12566);
#12566 = FILL_AREA_STYLE('',(#12567));
#12567 = FILL_AREA_STYLE_COLOUR('',#11748);
#12568 = CURVE_STYLE('',#12569,POSITIVE_LENGTH_MEASURE(0.1),#11748);
#12569 = DRAUGHTING_PRE_DEFINED_CURVE_FONT('continuous');
#12570 = STYLED_ITEM('color',(#12571),#5906);
#12571 = PRESENTATION_STYLE_ASSIGNMENT((#12572,#12577));
#12572 = SURFACE_STYLE_USAGE(.BOTH.,#12573);
#12573 = SURFACE_SIDE_STYLE('',(#12574));
#12574 = SURFACE_STYLE_FILL_AREA(#12575);
#12575 = FILL_AREA_STYLE('',(#12576));
#12576 = FILL_AREA_STYLE_COLOUR('',#11748);
#12577 = CURVE_STYLE('',#12578,POSITIVE_LENGTH_MEASURE(0.1),#11748);
#12578 = DRAUGHTING_PRE_DEFINED_CURVE_FONT('continuous');
#12579 = STYLED_ITEM('color',(#12580),#5923);
#12580 = PRESENTATION_STYLE_ASSIGNMENT((#12581,#12586));
#12581 = SURFACE_STYLE_USAGE(.BOTH.,#12582);
#12582 = SURFACE_SIDE_STYLE('',(#12583));
#12583 = SURFACE_STYLE_FILL_AREA(#12584);
#12584 = FILL_AREA_STYLE('',(#12585));
#12585 = FILL_AREA_STYLE_COLOUR('',#11748);
#12586 = CURVE_STYLE('',#12587,POSITIVE_LENGTH_MEASURE(0.1),#11748);
#12587 = DRAUGHTING_PRE_DEFINED_CURVE_FONT('continuous');
#12588 = STYLED_ITEM('color',(#12589),#5935);
#12589 = PRESENTATION_STYLE_ASSIGNMENT((#12590,#12595));
#12590 = SURFACE_STYLE_USAGE(.BOTH.,#12591);
#12591 = SURFACE_SIDE_STYLE('',(#12592));
#12592 = SURFACE_STYLE_FILL_AREA(#12593);
#12593 = FILL_AREA_STYLE('',(#12594));
#12594 = FILL_AREA_STYLE_COLOUR('',#11675);
#12595 = CURVE_STYLE('',#12596,POSITIVE_LENGTH_MEASURE(0.1),#11675);
#12596 = DRAUGHTING_PRE_DEFINED_CURVE_FONT('continuous');
#12597 = OVER_RIDING_STYLED_ITEM('overriding color',(#12598),#5942,
  #12588);
#12598 = PRESENTATION_STYLE_ASSIGNMENT((#12599,#12604));
#12599 = SURFACE_STYLE_USAGE(.BOTH.,#12600);
#12600 = SURFACE_SIDE_STYLE('',(#12601));
#12601 = SURFACE_STYLE_FILL_AREA(#12602);
#12602 = FILL_AREA_STYLE('',(#12603));
#12603 = FILL_AREA_STYLE_COLOUR('',#11748);
#12604 = CURVE_STYLE('',#12605,POSITIVE_LENGTH_MEASURE(0.1),#11748);
#12605 = DRAUGHTING_PRE_DEFINED_CURVE_FONT('continuous');
#12606 = STYLED_ITEM('color',(#12607),#5952);
#12607 = PRESENTATION_STYLE_ASSIGNMENT((#12608,#12613));
#12608 = SURFACE_STYLE_USAGE(.BOTH.,#12609);
#12609 = SURFACE_SIDE_STYLE('',(#12610));
#12610 = SURFACE_STYLE_FILL_AREA(#12611);
#12611 = FILL_AREA_STYLE('',(#12612));
#12612 = FILL_AREA_STYLE_COLOUR('',#11675);
#12613 = CURVE_STYLE('',#12614,POSITIVE_LENGTH_MEASURE(0.1),#11675);
#12614 = DRAUGHTING_PRE_DEFINED_CURVE_FONT('continuous');
#12615 = OVER_RIDING_STYLED_ITEM('overriding color',(#12616),#5957,
  #12606);
#12616 = PRESENTATION_STYLE_ASSIGNMENT((#12617,#12622));
#12617 = SURFACE_STYLE_USAGE(.BOTH.,#12618);
#12618 = SURFACE_SIDE_STYLE('',(#12619));
#12619 = SURFACE_STYLE_FILL_AREA(#12620);
#12620 = FILL_AREA_STYLE('',(#12621));
#12621 = FILL_AREA_STYLE_COLOUR('',#11748);
#12622 = CURVE_STYLE('',#12623,POSITIVE_LENGTH_MEASURE(0.1),#11748);
#12623 = DRAUGHTING_PRE_DEFINED_CURVE_FONT('continuous');
#12624 = STYLED_ITEM('color',(#12625),#5969);
#12625 = PRESENTATION_STYLE_ASSIGNMENT((#12626,#12631));
#12626 = SURFACE_STYLE_USAGE(.BOTH.,#12627);
#12627 = SURFACE_SIDE_STYLE('',(#12628));
#12628 = SURFACE_STYLE_FILL_AREA(#12629);
#12629 = FILL_AREA_STYLE('',(#12630));
#12630 = FILL_AREA_STYLE_COLOUR('',#11748);
#12631 = CURVE_STYLE('',#12632,POSITIVE_LENGTH_MEASURE(0.1),#11748);
#12632 = DRAUGHTING_PRE_DEFINED_CURVE_FONT('continuous');
#12633 = STYLED_ITEM('color',(#12634),#6018);
#12634 = PRESENTATION_STYLE_ASSIGNMENT((#12635,#12640));
#12635 = SURFACE_STYLE_USAGE(.BOTH.,#12636);
#12636 = SURFACE_SIDE_STYLE('',(#12637));
#12637 = SURFACE_STYLE_FILL_AREA(#12638);
#12638 = FILL_AREA_STYLE('',(#12639));
#12639 = FILL_AREA_STYLE_COLOUR('',#11748);
#12640 = CURVE_STYLE('',#12641,POSITIVE_LENGTH_MEASURE(0.1),#11748);
#12641 = DRAUGHTING_PRE_DEFINED_CURVE_FONT('continuous');
#12642 = STYLED_ITEM('color',(#12643),#6042);
#12643 = PRESENTATION_STYLE_ASSIGNMENT((#12644,#12649));
#12644 = SURFACE_STYLE_USAGE(.BOTH.,#12645);
#12645 = SURFACE_SIDE_STYLE('',(#12646));
#12646 = SURFACE_STYLE_FILL_AREA(#12647);
#12647 = FILL_AREA_STYLE('',(#12648));
#12648 = FILL_AREA_STYLE_COLOUR('',#11748);
#12649 = CURVE_STYLE('',#12650,POSITIVE_LENGTH_MEASURE(0.1),#11748);
#12650 = DRAUGHTING_PRE_DEFINED_CURVE_FONT('continuous');
#12651 = STYLED_ITEM('color',(#12652),#6084);
#12652 = PRESENTATION_STYLE_ASSIGNMENT((#12653,#12658));
#12653 = SURFACE_STYLE_USAGE(.BOTH.,#12654);
#12654 = SURFACE_SIDE_STYLE('',(#12655));
#12655 = SURFACE_STYLE_FILL_AREA(#12656);
#12656 = FILL_AREA_STYLE('',(#12657));
#12657 = FILL_AREA_STYLE_COLOUR('',#11748);
#12658 = CURVE_STYLE('',#12659,POSITIVE_LENGTH_MEASURE(0.1),#11748);
#12659 = DRAUGHTING_PRE_DEFINED_CURVE_FONT('continuous');
#12660 = STYLED_ITEM('color',(#12661),#6101);
#12661 = PRESENTATION_STYLE_ASSIGNMENT((#12662,#12667));
#12662 = SURFACE_STYLE_USAGE(.BOTH.,#12663);
#12663 = SURFACE_SIDE_STYLE('',(#12664));
#12664 = SURFACE_STYLE_FILL_AREA(#12665);
#12665 = FILL_AREA_STYLE('',(#12666));
#12666 = FILL_AREA_STYLE_COLOUR('',#11675);
#12667 = CURVE_STYLE('',#12668,POSITIVE_LENGTH_MEASURE(0.1),#11675);
#12668 = DRAUGHTING_PRE_DEFINED_CURVE_FONT('continuous');
#12669 = OVER_RIDING_STYLED_ITEM('overriding color',(#12670),#6108,
  #12660);
#12670 = PRESENTATION_STYLE_ASSIGNMENT((#12671,#12676));
#12671 = SURFACE_STYLE_USAGE(.BOTH.,#12672);
#12672 = SURFACE_SIDE_STYLE('',(#12673));
#12673 = SURFACE_STYLE_FILL_AREA(#12674);
#12674 = FILL_AREA_STYLE('',(#12675));
#12675 = FILL_AREA_STYLE_COLOUR('',#11748);
#12676 = CURVE_STYLE('',#12677,POSITIVE_LENGTH_MEASURE(0.1),#11748);
#12677 = DRAUGHTING_PRE_DEFINED_CURVE_FONT('continuous');
#12678 = STYLED_ITEM('color',(#12679),#6118);
#12679 = PRESENTATION_STYLE_ASSIGNMENT((#12680,#12685));
#12680 = SURFACE_STYLE_USAGE(.BOTH.,#12681);
#12681 = SURFACE_SIDE_STYLE('',(#12682));
#12682 = SURFACE_STYLE_FILL_AREA(#12683);
#12683 = FILL_AREA_STYLE('',(#12684));
#12684 = FILL_AREA_STYLE_COLOUR('',#11675);
#12685 = CURVE_STYLE('',#12686,POSITIVE_LENGTH_MEASURE(0.1),#11675);
#12686 = DRAUGHTING_PRE_DEFINED_CURVE_FONT('continuous');
#12687 = OVER_RIDING_STYLED_ITEM('overriding color',(#12688),#6123,
  #12678);
#12688 = PRESENTATION_STYLE_ASSIGNMENT((#12689,#12694));
#12689 = SURFACE_STYLE_USAGE(.BOTH.,#12690);
#12690 = SURFACE_SIDE_STYLE('',(#12691));
#12691 = SURFACE_STYLE_FILL_AREA(#12692);
#12692 = FILL_AREA_STYLE('',(#12693));
#12693 = FILL_AREA_STYLE_COLOUR('',#11748);
#12694 = CURVE_STYLE('',#12695,POSITIVE_LENGTH_MEASURE(0.1),#11748);
#12695 = DRAUGHTING_PRE_DEFINED_CURVE_FONT('continuous');
#12696 = STYLED_ITEM('color',(#12697),#6135);
#12697 = PRESENTATION_STYLE_ASSIGNMENT((#12698,#12703));
#12698 = SURFACE_STYLE_USAGE(.BOTH.,#12699);
#12699 = SURFACE_SIDE_STYLE('',(#12700));
#12700 = SURFACE_STYLE_FILL_AREA(#12701);
#12701 = FILL_AREA_STYLE('',(#12702));
#12702 = FILL_AREA_STYLE_COLOUR('',#11748);
#12703 = CURVE_STYLE('',#12704,POSITIVE_LENGTH_MEASURE(0.1),#11748);
#12704 = DRAUGHTING_PRE_DEFINED_CURVE_FONT('continuous');
#12705 = STYLED_ITEM('color',(#12706),#6184);
#12706 = PRESENTATION_STYLE_ASSIGNMENT((#12707,#12712));
#12707 = SURFACE_STYLE_USAGE(.BOTH.,#12708);
#12708 = SURFACE_SIDE_STYLE('',(#12709));
#12709 = SURFACE_STYLE_FILL_AREA(#12710);
#12710 = FILL_AREA_STYLE('',(#12711));
#12711 = FILL_AREA_STYLE_COLOUR('',#11748);
#12712 = CURVE_STYLE('',#12713,POSITIVE_LENGTH_MEASURE(0.1),#11748);
#12713 = DRAUGHTING_PRE_DEFINED_CURVE_FONT('continuous');
#12714 = STYLED_ITEM('color',(#12715),#6208);
#12715 = PRESENTATION_STYLE_ASSIGNMENT((#12716,#12721));
#12716 = SURFACE_STYLE_USAGE(.BOTH.,#12717);
#12717 = SURFACE_SIDE_STYLE('',(#12718));
#12718 = SURFACE_STYLE_FILL_AREA(#12719);
#12719 = FILL_AREA_STYLE('',(#12720));
#12720 = FILL_AREA_STYLE_COLOUR('',#11748);
#12721 = CURVE_STYLE('',#12722,POSITIVE_LENGTH_MEASURE(0.1),#11748);
#12722 = DRAUGHTING_PRE_DEFINED_CURVE_FONT('continuous');
#12723 = STYLED_ITEM('color',(#12724),#6250);
#12724 = PRESENTATION_STYLE_ASSIGNMENT((#12725,#12730));
#12725 = SURFACE_STYLE_USAGE(.BOTH.,#12726);
#12726 = SURFACE_SIDE_STYLE('',(#12727));
#12727 = SURFACE_STYLE_FILL_AREA(#12728);
#12728 = FILL_AREA_STYLE('',(#12729));
#12729 = FILL_AREA_STYLE_COLOUR('',#11748);
#12730 = CURVE_STYLE('',#12731,POSITIVE_LENGTH_MEASURE(0.1),#11748);
#12731 = DRAUGHTING_PRE_DEFINED_CURVE_FONT('continuous');
#12732 = STYLED_ITEM('color',(#12733),#6267);
#12733 = PRESENTATION_STYLE_ASSIGNMENT((#12734,#12739));
#12734 = SURFACE_STYLE_USAGE(.BOTH.,#12735);
#12735 = SURFACE_SIDE_STYLE('',(#12736));
#12736 = SURFACE_STYLE_FILL_AREA(#12737);
#12737 = FILL_AREA_STYLE('',(#12738));
#12738 = FILL_AREA_STYLE_COLOUR('',#11675);
#12739 = CURVE_STYLE('',#12740,POSITIVE_LENGTH_MEASURE(0.1),#11675);
#12740 = DRAUGHTING_PRE_DEFINED_CURVE_FONT('continuous');
#12741 = OVER_RIDING_STYLED_ITEM('overriding color',(#12742),#6274,
  #12732);
#12742 = PRESENTATION_STYLE_ASSIGNMENT((#12743,#12748));
#12743 = SURFACE_STYLE_USAGE(.BOTH.,#12744);
#12744 = SURFACE_SIDE_STYLE('',(#12745));
#12745 = SURFACE_STYLE_FILL_AREA(#12746);
#12746 = FILL_AREA_STYLE('',(#12747));
#12747 = FILL_AREA_STYLE_COLOUR('',#11748);
#12748 = CURVE_STYLE('',#12749,POSITIVE_LENGTH_MEASURE(0.1),#11748);
#12749 = DRAUGHTING_PRE_DEFINED_CURVE_FONT('continuous');
#12750 = STYLED_ITEM('color',(#12751),#6284);
#12751 = PRESENTATION_STYLE_ASSIGNMENT((#12752,#12757));
#12752 = SURFACE_STYLE_USAGE(.BOTH.,#12753);
#12753 = SURFACE_SIDE_STYLE('',(#12754));
#12754 = SURFACE_STYLE_FILL_AREA(#12755);
#12755 = FILL_AREA_STYLE('',(#12756));
#12756 = FILL_AREA_STYLE_COLOUR('',#11675);
#12757 = CURVE_STYLE('',#12758,POSITIVE_LENGTH_MEASURE(0.1),#11675);
#12758 = DRAUGHTING_PRE_DEFINED_CURVE_FONT('continuous');
#12759 = OVER_RIDING_STYLED_ITEM('overriding color',(#12760),#6289,
  #12750);
#12760 = PRESENTATION_STYLE_ASSIGNMENT((#12761,#12766));
#12761 = SURFACE_STYLE_USAGE(.BOTH.,#12762);
#12762 = SURFACE_SIDE_STYLE('',(#12763));
#12763 = SURFACE_STYLE_FILL_AREA(#12764);
#12764 = FILL_AREA_STYLE('',(#12765));
#12765 = FILL_AREA_STYLE_COLOUR('',#11748);
#12766 = CURVE_STYLE('',#12767,POSITIVE_LENGTH_MEASURE(0.1),#11748);
#12767 = DRAUGHTING_PRE_DEFINED_CURVE_FONT('continuous');
#12768 = STYLED_ITEM('color',(#12769),#6301);
#12769 = PRESENTATION_STYLE_ASSIGNMENT((#12770,#12775));
#12770 = SURFACE_STYLE_USAGE(.BOTH.,#12771);
#12771 = SURFACE_SIDE_STYLE('',(#12772));
#12772 = SURFACE_STYLE_FILL_AREA(#12773);
#12773 = FILL_AREA_STYLE('',(#12774));
#12774 = FILL_AREA_STYLE_COLOUR('',#11748);
#12775 = CURVE_STYLE('',#12776,POSITIVE_LENGTH_MEASURE(0.1),#11748);
#12776 = DRAUGHTING_PRE_DEFINED_CURVE_FONT('continuous');
#12777 = STYLED_ITEM('color',(#12778),#6350);
#12778 = PRESENTATION_STYLE_ASSIGNMENT((#12779,#12784));
#12779 = SURFACE_STYLE_USAGE(.BOTH.,#12780);
#12780 = SURFACE_SIDE_STYLE('',(#12781));
#12781 = SURFACE_STYLE_FILL_AREA(#12782);
#12782 = FILL_AREA_STYLE('',(#12783));
#12783 = FILL_AREA_STYLE_COLOUR('',#11748);
#12784 = CURVE_STYLE('',#12785,POSITIVE_LENGTH_MEASURE(0.1),#11748);
#12785 = DRAUGHTING_PRE_DEFINED_CURVE_FONT('continuous');
#12786 = STYLED_ITEM('color',(#12787),#6374);
#12787 = PRESENTATION_STYLE_ASSIGNMENT((#12788,#12793));
#12788 = SURFACE_STYLE_USAGE(.BOTH.,#12789);
#12789 = SURFACE_SIDE_STYLE('',(#12790));
#12790 = SURFACE_STYLE_FILL_AREA(#12791);
#12791 = FILL_AREA_STYLE('',(#12792));
#12792 = FILL_AREA_STYLE_COLOUR('',#11748);
#12793 = CURVE_STYLE('',#12794,POSITIVE_LENGTH_MEASURE(0.1),#11748);
#12794 = DRAUGHTING_PRE_DEFINED_CURVE_FONT('continuous');
#12795 = STYLED_ITEM('color',(#12796),#6416);
#12796 = PRESENTATION_STYLE_ASSIGNMENT((#12797,#12802));
#12797 = SURFACE_STYLE_USAGE(.BOTH.,#12798);
#12798 = SURFACE_SIDE_STYLE('',(#12799));
#12799 = SURFACE_STYLE_FILL_AREA(#12800);
#12800 = FILL_AREA_STYLE('',(#12801));
#12801 = FILL_AREA_STYLE_COLOUR('',#11748);
#12802 = CURVE_STYLE('',#12803,POSITIVE_LENGTH_MEASURE(0.1),#11748);
#12803 = DRAUGHTING_PRE_DEFINED_CURVE_FONT('continuous');
#12804 = STYLED_ITEM('color',(#12805),#6433);
#12805 = PRESENTATION_STYLE_ASSIGNMENT((#12806,#12811));
#12806 = SURFACE_STYLE_USAGE(.BOTH.,#12807);
#12807 = SURFACE_SIDE_STYLE('',(#12808));
#12808 = SURFACE_STYLE_FILL_AREA(#12809);
#12809 = FILL_AREA_STYLE('',(#12810));
#12810 = FILL_AREA_STYLE_COLOUR('',#11675);
#12811 = CURVE_STYLE('',#12812,POSITIVE_LENGTH_MEASURE(0.1),#11675);
#12812 = DRAUGHTING_PRE_DEFINED_CURVE_FONT('continuous');
#12813 = OVER_RIDING_STYLED_ITEM('overriding color',(#12814),#6440,
  #12804);
#12814 = PRESENTATION_STYLE_ASSIGNMENT((#12815,#12820));
#12815 = SURFACE_STYLE_USAGE(.BOTH.,#12816);
#12816 = SURFACE_SIDE_STYLE('',(#12817));
#12817 = SURFACE_STYLE_FILL_AREA(#12818);
#12818 = FILL_AREA_STYLE('',(#12819));
#12819 = FILL_AREA_STYLE_COLOUR('',#11748);
#12820 = CURVE_STYLE('',#12821,POSITIVE_LENGTH_MEASURE(0.1),#11748);
#12821 = DRAUGHTING_PRE_DEFINED_CURVE_FONT('continuous');
#12822 = STYLED_ITEM('color',(#12823),#6450);
#12823 = PRESENTATION_STYLE_ASSIGNMENT((#12824,#12829));
#12824 = SURFACE_STYLE_USAGE(.BOTH.,#12825);
#12825 = SURFACE_SIDE_STYLE('',(#12826));
#12826 = SURFACE_STYLE_FILL_AREA(#12827);
#12827 = FILL_AREA_STYLE('',(#12828));
#12828 = FILL_AREA_STYLE_COLOUR('',#11675);
#12829 = CURVE_STYLE('',#12830,POSITIVE_LENGTH_MEASURE(0.1),#11675);
#12830 = DRAUGHTING_PRE_DEFINED_CURVE_FONT('continuous');
#12831 = OVER_RIDING_STYLED_ITEM('overriding color',(#12832),#6455,
  #12822);
#12832 = PRESENTATION_STYLE_ASSIGNMENT((#12833,#12838));
#12833 = SURFACE_STYLE_USAGE(.BOTH.,#12834);
#12834 = SURFACE_SIDE_STYLE('',(#12835));
#12835 = SURFACE_STYLE_FILL_AREA(#12836);
#12836 = FILL_AREA_STYLE('',(#12837));
#12837 = FILL_AREA_STYLE_COLOUR('',#11748);
#12838 = CURVE_STYLE('',#12839,POSITIVE_LENGTH_MEASURE(0.1),#11748);
#12839 = DRAUGHTING_PRE_DEFINED_CURVE_FONT('continuous');
#12840 = STYLED_ITEM('color',(#12841),#6467);
#12841 = PRESENTATION_STYLE_ASSIGNMENT((#12842,#12847));
#12842 = SURFACE_STYLE_USAGE(.BOTH.,#12843);
#12843 = SURFACE_SIDE_STYLE('',(#12844));
#12844 = SURFACE_STYLE_FILL_AREA(#12845);
#12845 = FILL_AREA_STYLE('',(#12846));
#12846 = FILL_AREA_STYLE_COLOUR('',#11748);
#12847 = CURVE_STYLE('',#12848,POSITIVE_LENGTH_MEASURE(0.1),#11748);
#12848 = DRAUGHTING_PRE_DEFINED_CURVE_FONT('continuous');
#12849 = STYLED_ITEM('color',(#12850),#6516);
#12850 = PRESENTATION_STYLE_ASSIGNMENT((#12851,#12856));
#12851 = SURFACE_STYLE_USAGE(.BOTH.,#12852);
#12852 = SURFACE_SIDE_STYLE('',(#12853));
#12853 = SURFACE_STYLE_FILL_AREA(#12854);
#12854 = FILL_AREA_STYLE('',(#12855));
#12855 = FILL_AREA_STYLE_COLOUR('',#11748);
#12856 = CURVE_STYLE('',#12857,POSITIVE_LENGTH_MEASURE(0.1),#11748);
#12857 = DRAUGHTING_PRE_DEFINED_CURVE_FONT('continuous');
#12858 = STYLED_ITEM('color',(#12859),#6540);
#12859 = PRESENTATION_STYLE_ASSIGNMENT((#12860,#12865));
#12860 = SURFACE_STYLE_USAGE(.BOTH.,#12861);
#12861 = SURFACE_SIDE_STYLE('',(#12862));
#12862 = SURFACE_STYLE_FILL_AREA(#12863);
#12863 = FILL_AREA_STYLE('',(#12864));
#12864 = FILL_AREA_STYLE_COLOUR('',#11748);
#12865 = CURVE_STYLE('',#12866,POSITIVE_LENGTH_MEASURE(0.1),#11748);
#12866 = DRAUGHTING_PRE_DEFINED_CURVE_FONT('continuous');
#12867 = STYLED_ITEM('color',(#12868),#6582);
#12868 = PRESENTATION_STYLE_ASSIGNMENT((#12869,#12874));
#12869 = SURFACE_STYLE_USAGE(.BOTH.,#12870);
#12870 = SURFACE_SIDE_STYLE('',(#12871));
#12871 = SURFACE_STYLE_FILL_AREA(#12872);
#12872 = FILL_AREA_STYLE('',(#12873));
#12873 = FILL_AREA_STYLE_COLOUR('',#11748);
#12874 = CURVE_STYLE('',#12875,POSITIVE_LENGTH_MEASURE(0.1),#11748);
#12875 = DRAUGHTING_PRE_DEFINED_CURVE_FONT('continuous');
#12876 = STYLED_ITEM('color',(#12877),#6599);
#12877 = PRESENTATION_STYLE_ASSIGNMENT((#12878,#12883));
#12878 = SURFACE_STYLE_USAGE(.BOTH.,#12879);
#12879 = SURFACE_SIDE_STYLE('',(#12880));
#12880 = SURFACE_STYLE_FILL_AREA(#12881);
#12881 = FILL_AREA_STYLE('',(#12882));
#12882 = FILL_AREA_STYLE_COLOUR('',#11748);
#12883 = CURVE_STYLE('',#12884,POSITIVE_LENGTH_MEASURE(0.1),#11748);
#12884 = DRAUGHTING_PRE_DEFINED_CURVE_FONT('continuous');
#12885 = STYLED_ITEM('color',(#12886),#6616);
#12886 = PRESENTATION_STYLE_ASSIGNMENT((#12887,#12892));
#12887 = SURFACE_STYLE_USAGE(.BOTH.,#12888);
#12888 = SURFACE_SIDE_STYLE('',(#12889));
#12889 = SURFACE_STYLE_FILL_AREA(#12890);
#12890 = FILL_AREA_STYLE('',(#12891));
#12891 = FILL_AREA_STYLE_COLOUR('',#11748);
#12892 = CURVE_STYLE('',#12893,POSITIVE_LENGTH_MEASURE(0.1),#11748);
#12893 = DRAUGHTING_PRE_DEFINED_CURVE_FONT('continuous');
#12894 = STYLED_ITEM('color',(#12895),#6633);
#12895 = PRESENTATION_STYLE_ASSIGNMENT((#12896,#12901));
#12896 = SURFACE_STYLE_USAGE(.BOTH.,#12897);
#12897 = SURFACE_SIDE_STYLE('',(#12898));
#12898 = SURFACE_STYLE_FILL_AREA(#12899);
#12899 = FILL_AREA_STYLE('',(#12900));
#12900 = FILL_AREA_STYLE_COLOUR('',#11748);
#12901 = CURVE_STYLE('',#12902,POSITIVE_LENGTH_MEASURE(0.1),#11748);
#12902 = DRAUGHTING_PRE_DEFINED_CURVE_FONT('continuous');
#12903 = STYLED_ITEM('color',(#12904),#6645);
#12904 = PRESENTATION_STYLE_ASSIGNMENT((#12905,#12910));
#12905 = SURFACE_STYLE_USAGE(.BOTH.,#12906);
#12906 = SURFACE_SIDE_STYLE('',(#12907));
#12907 = SURFACE_STYLE_FILL_AREA(#12908);
#12908 = FILL_AREA_STYLE('',(#12909));
#12909 = FILL_AREA_STYLE_COLOUR('',#11748);
#12910 = CURVE_STYLE('',#12911,POSITIVE_LENGTH_MEASURE(0.1),#11748);
#12911 = DRAUGHTING_PRE_DEFINED_CURVE_FONT('continuous');
#12912 = STYLED_ITEM('color',(#12913),#6662);
#12913 = PRESENTATION_STYLE_ASSIGNMENT((#12914,#12919));
#12914 = SURFACE_STYLE_USAGE(.BOTH.,#12915);
#12915 = SURFACE_SIDE_STYLE('',(#12916));
#12916 = SURFACE_STYLE_FILL_AREA(#12917);
#12917 = FILL_AREA_STYLE('',(#12918));
#12918 = FILL_AREA_STYLE_COLOUR('',#11748);
#12919 = CURVE_STYLE('',#12920,POSITIVE_LENGTH_MEASURE(0.1),#11748);
#12920 = DRAUGHTING_PRE_DEFINED_CURVE_FONT('continuous');
#12921 = STYLED_ITEM('color',(#12922),#6679);
#12922 = PRESENTATION_STYLE_ASSIGNMENT((#12923,#12928));
#12923 = SURFACE_STYLE_USAGE(.BOTH.,#12924);
#12924 = SURFACE_SIDE_STYLE('',(#12925));
#12925 = SURFACE_STYLE_FILL_AREA(#12926);
#12926 = FILL_AREA_STYLE('',(#12927));
#12927 = FILL_AREA_STYLE_COLOUR('',#11748);
#12928 = CURVE_STYLE('',#12929,POSITIVE_LENGTH_MEASURE(0.1),#11748);
#12929 = DRAUGHTING_PRE_DEFINED_CURVE_FONT('continuous');
#12930 = STYLED_ITEM('color',(#12931),#6691);
#12931 = PRESENTATION_STYLE_ASSIGNMENT((#12932,#12937));
#12932 = SURFACE_STYLE_USAGE(.BOTH.,#12933);
#12933 = SURFACE_SIDE_STYLE('',(#12934));
#12934 = SURFACE_STYLE_FILL_AREA(#12935);
#12935 = FILL_AREA_STYLE('',(#12936));
#12936 = FILL_AREA_STYLE_COLOUR('',#11748);
#12937 = CURVE_STYLE('',#12938,POSITIVE_LENGTH_MEASURE(0.1),#11748);
#12938 = DRAUGHTING_PRE_DEFINED_CURVE_FONT('continuous');
#12939 = STYLED_ITEM('color',(#12940),#6708);
#12940 = PRESENTATION_STYLE_ASSIGNMENT((#12941,#12946));
#12941 = SURFACE_STYLE_USAGE(.BOTH.,#12942);
#12942 = SURFACE_SIDE_STYLE('',(#12943));
#12943 = SURFACE_STYLE_FILL_AREA(#12944);
#12944 = FILL_AREA_STYLE('',(#12945));
#12945 = FILL_AREA_STYLE_COLOUR('',#11748);
#12946 = CURVE_STYLE('',#12947,POSITIVE_LENGTH_MEASURE(0.1),#11748);
#12947 = DRAUGHTING_PRE_DEFINED_CURVE_FONT('continuous');
#12948 = STYLED_ITEM('color',(#12949),#6725);
#12949 = PRESENTATION_STYLE_ASSIGNMENT((#12950,#12955));
#12950 = SURFACE_STYLE_USAGE(.BOTH.,#12951);
#12951 = SURFACE_SIDE_STYLE('',(#12952));
#12952 = SURFACE_STYLE_FILL_AREA(#12953);
#12953 = FILL_AREA_STYLE('',(#12954));
#12954 = FILL_AREA_STYLE_COLOUR('',#11748);
#12955 = CURVE_STYLE('',#12956,POSITIVE_LENGTH_MEASURE(0.1),#11748);
#12956 = DRAUGHTING_PRE_DEFINED_CURVE_FONT('continuous');
#12957 = STYLED_ITEM('color',(#12958),#6737);
#12958 = PRESENTATION_STYLE_ASSIGNMENT((#12959,#12964));
#12959 = SURFACE_STYLE_USAGE(.BOTH.,#12960);
#12960 = SURFACE_SIDE_STYLE('',(#12961));
#12961 = SURFACE_STYLE_FILL_AREA(#12962);
#12962 = FILL_AREA_STYLE('',(#12963));
#12963 = FILL_AREA_STYLE_COLOUR('',#11748);
#12964 = CURVE_STYLE('',#12965,POSITIVE_LENGTH_MEASURE(0.1),#11748);
#12965 = DRAUGHTING_PRE_DEFINED_CURVE_FONT('continuous');
#12966 = STYLED_ITEM('color',(#12967),#6754);
#12967 = PRESENTATION_STYLE_ASSIGNMENT((#12968,#12973));
#12968 = SURFACE_STYLE_USAGE(.BOTH.,#12969);
#12969 = SURFACE_SIDE_STYLE('',(#12970));
#12970 = SURFACE_STYLE_FILL_AREA(#12971);
#12971 = FILL_AREA_STYLE('',(#12972));
#12972 = FILL_AREA_STYLE_COLOUR('',#11748);
#12973 = CURVE_STYLE('',#12974,POSITIVE_LENGTH_MEASURE(0.1),#11748);
#12974 = DRAUGHTING_PRE_DEFINED_CURVE_FONT('continuous');
#12975 = STYLED_ITEM('color',(#12976),#6771);
#12976 = PRESENTATION_STYLE_ASSIGNMENT((#12977,#12982));
#12977 = SURFACE_STYLE_USAGE(.BOTH.,#12978);
#12978 = SURFACE_SIDE_STYLE('',(#12979));
#12979 = SURFACE_STYLE_FILL_AREA(#12980);
#12980 = FILL_AREA_STYLE('',(#12981));
#12981 = FILL_AREA_STYLE_COLOUR('',#11748);
#12982 = CURVE_STYLE('',#12983,POSITIVE_LENGTH_MEASURE(0.1),#11748);
#12983 = DRAUGHTING_PRE_DEFINED_CURVE_FONT('continuous');
#12984 = MECHANICAL_DESIGN_GEOMETRIC_PRESENTATION_REPRESENTATION('',(
    #12985),#10883);
#12985 = STYLED_ITEM('color',(#12986),#10343);
#12986 = PRESENTATION_STYLE_ASSIGNMENT((#12987));
#12987 = SURFACE_STYLE_USAGE(.BOTH.,#12988);
#12988 = SURFACE_SIDE_STYLE('',(#12989));
#12989 = SURFACE_STYLE_FILL_AREA(#12990);
#12990 = FILL_AREA_STYLE('',(#12991));
#12991 = FILL_AREA_STYLE_COLOUR('',#12992);
#12992 = COLOUR_RGB('',0.313304153717,0.484529207832,0.410020903123);
#12993 = MECHANICAL_DESIGN_GEOMETRIC_PRESENTATION_REPRESENTATION('',(
    #12994,#13003,#13012,#13021,#13030,#13039,#13048,#13058,#13067,
    #13076,#13085,#13094,#13103,#13112,#13121,#13131,#13140,#13149,
    #13158,#13167,#13176,#13185,#13194,#13203,#13212,#13221,#13230,
    #13239,#13248,#13257,#13266,#13275,#13284,#13293,#13302,#13311,
    #13320,#13329,#13338,#13347,#13356,#13365,#13374,#13383,#13392,
    #13401,#13410,#13419,#13428,#13437,#13446,#13455,#13464,#13473,
    #13482,#13491,#13500,#13509,#13518,#13527,#13536,#13545,#13554,
    #13563,#13572,#13581,#13590,#13599,#13608,#13617,#13626,#13635,
    #13644,#13653,#13662,#13671,#13680,#13689,#13698,#13707,#13716,
    #13725,#13734,#13743,#13752,#13761,#13770,#13779,#13788,#13797,
    #13806,#13815,#13824,#13833,#13842,#13851,#13860,#13869,#13878,
    #13887,#13896,#13905,#13914,#13923,#13932,#13941,#13950,#13959,
    #13968,#13977,#13986,#13995,#14004,#14013,#14022),#3350);
#12994 = STYLED_ITEM('color',(#12995),#78);
#12995 = PRESENTATION_STYLE_ASSIGNMENT((#12996,#13001));
#12996 = SURFACE_STYLE_USAGE(.BOTH.,#12997);
#12997 = SURFACE_SIDE_STYLE('',(#12998));
#12998 = SURFACE_STYLE_FILL_AREA(#12999);
#12999 = FILL_AREA_STYLE('',(#13000));
#13000 = FILL_AREA_STYLE_COLOUR('',#11675);
#13001 = CURVE_STYLE('',#13002,POSITIVE_LENGTH_MEASURE(0.1),#11675);
#13002 = DRAUGHTING_PRE_DEFINED_CURVE_FONT('continuous');
#13003 = STYLED_ITEM('color',(#13004),#127);
#13004 = PRESENTATION_STYLE_ASSIGNMENT((#13005,#13010));
#13005 = SURFACE_STYLE_USAGE(.BOTH.,#13006);
#13006 = SURFACE_SIDE_STYLE('',(#13007));
#13007 = SURFACE_STYLE_FILL_AREA(#13008);
#13008 = FILL_AREA_STYLE('',(#13009));
#13009 = FILL_AREA_STYLE_COLOUR('',#11675);
#13010 = CURVE_STYLE('',#13011,POSITIVE_LENGTH_MEASURE(0.1),#11675);
#13011 = DRAUGHTING_PRE_DEFINED_CURVE_FONT('continuous');
#13012 = STYLED_ITEM('color',(#13013),#159);
#13013 = PRESENTATION_STYLE_ASSIGNMENT((#13014,#13019));
#13014 = SURFACE_STYLE_USAGE(.BOTH.,#13015);
#13015 = SURFACE_SIDE_STYLE('',(#13016));
#13016 = SURFACE_STYLE_FILL_AREA(#13017);
#13017 = FILL_AREA_STYLE('',(#13018));
#13018 = FILL_AREA_STYLE_COLOUR('',#11675);
#13019 = CURVE_STYLE('',#13020,POSITIVE_LENGTH_MEASURE(0.1),#11675);
#13020 = DRAUGHTING_PRE_DEFINED_CURVE_FONT('continuous');
#13021 = STYLED_ITEM('color',(#13022),#299);
#13022 = PRESENTATION_STYLE_ASSIGNMENT((#13023,#13028));
#13023 = SURFACE_STYLE_USAGE(.BOTH.,#13024);
#13024 = SURFACE_SIDE_STYLE('',(#13025));
#13025 = SURFACE_STYLE_FILL_AREA(#13026);
#13026 = FILL_AREA_STYLE('',(#13027));
#13027 = FILL_AREA_STYLE_COLOUR('',#11675);
#13028 = CURVE_STYLE('',#13029,POSITIVE_LENGTH_MEASURE(0.1),#11675);
#13029 = DRAUGHTING_PRE_DEFINED_CURVE_FONT('continuous');
#13030 = STYLED_ITEM('color',(#13031),#323);
#13031 = PRESENTATION_STYLE_ASSIGNMENT((#13032,#13037));
#13032 = SURFACE_STYLE_USAGE(.BOTH.,#13033);
#13033 = SURFACE_SIDE_STYLE('',(#13034));
#13034 = SURFACE_STYLE_FILL_AREA(#13035);
#13035 = FILL_AREA_STYLE('',(#13036));
#13036 = FILL_AREA_STYLE_COLOUR('',#11675);
#13037 = CURVE_STYLE('',#13038,POSITIVE_LENGTH_MEASURE(0.1),#11675);
#13038 = DRAUGHTING_PRE_DEFINED_CURVE_FONT('continuous');
#13039 = STYLED_ITEM('color',(#13040),#347);
#13040 = PRESENTATION_STYLE_ASSIGNMENT((#13041,#13046));
#13041 = SURFACE_STYLE_USAGE(.BOTH.,#13042);
#13042 = SURFACE_SIDE_STYLE('',(#13043));
#13043 = SURFACE_STYLE_FILL_AREA(#13044);
#13044 = FILL_AREA_STYLE('',(#13045));
#13045 = FILL_AREA_STYLE_COLOUR('',#11675);
#13046 = CURVE_STYLE('',#13047,POSITIVE_LENGTH_MEASURE(0.1),#11675);
#13047 = DRAUGHTING_PRE_DEFINED_CURVE_FONT('continuous');
#13048 = STYLED_ITEM('color',(#13049),#412);
#13049 = PRESENTATION_STYLE_ASSIGNMENT((#13050,#13056));
#13050 = SURFACE_STYLE_USAGE(.BOTH.,#13051);
#13051 = SURFACE_SIDE_STYLE('',(#13052));
#13052 = SURFACE_STYLE_FILL_AREA(#13053);
#13053 = FILL_AREA_STYLE('',(#13054));
#13054 = FILL_AREA_STYLE_COLOUR('',#13055);
#13055 = COLOUR_RGB('',0.507540004841,0.507540004841,0.507540004841);
#13056 = CURVE_STYLE('',#13057,POSITIVE_LENGTH_MEASURE(0.1),#13055);
#13057 = DRAUGHTING_PRE_DEFINED_CURVE_FONT('continuous');
#13058 = STYLED_ITEM('color',(#13059),#444);
#13059 = PRESENTATION_STYLE_ASSIGNMENT((#13060,#13065));
#13060 = SURFACE_STYLE_USAGE(.BOTH.,#13061);
#13061 = SURFACE_SIDE_STYLE('',(#13062));
#13062 = SURFACE_STYLE_FILL_AREA(#13063);
#13063 = FILL_AREA_STYLE('',(#13064));
#13064 = FILL_AREA_STYLE_COLOUR('',#11675);
#13065 = CURVE_STYLE('',#13066,POSITIVE_LENGTH_MEASURE(0.1),#11675);
#13066 = DRAUGHTING_PRE_DEFINED_CURVE_FONT('continuous');
#13067 = STYLED_ITEM('color',(#13068),#484);
#13068 = PRESENTATION_STYLE_ASSIGNMENT((#13069,#13074));
#13069 = SURFACE_STYLE_USAGE(.BOTH.,#13070);
#13070 = SURFACE_SIDE_STYLE('',(#13071));
#13071 = SURFACE_STYLE_FILL_AREA(#13072);
#13072 = FILL_AREA_STYLE('',(#13073));
#13073 = FILL_AREA_STYLE_COLOUR('',#11675);
#13074 = CURVE_STYLE('',#13075,POSITIVE_LENGTH_MEASURE(0.1),#11675);
#13075 = DRAUGHTING_PRE_DEFINED_CURVE_FONT('continuous');
#13076 = STYLED_ITEM('color',(#13077),#509);
#13077 = PRESENTATION_STYLE_ASSIGNMENT((#13078,#13083));
#13078 = SURFACE_STYLE_USAGE(.BOTH.,#13079);
#13079 = SURFACE_SIDE_STYLE('',(#13080));
#13080 = SURFACE_STYLE_FILL_AREA(#13081);
#13081 = FILL_AREA_STYLE('',(#13082));
#13082 = FILL_AREA_STYLE_COLOUR('',#11675);
#13083 = CURVE_STYLE('',#13084,POSITIVE_LENGTH_MEASURE(0.1),#11675);
#13084 = DRAUGHTING_PRE_DEFINED_CURVE_FONT('continuous');
#13085 = STYLED_ITEM('color',(#13086),#533);
#13086 = PRESENTATION_STYLE_ASSIGNMENT((#13087,#13092));
#13087 = SURFACE_STYLE_USAGE(.BOTH.,#13088);
#13088 = SURFACE_SIDE_STYLE('',(#13089));
#13089 = SURFACE_STYLE_FILL_AREA(#13090);
#13090 = FILL_AREA_STYLE('',(#13091));
#13091 = FILL_AREA_STYLE_COLOUR('',#13055);
#13092 = CURVE_STYLE('',#13093,POSITIVE_LENGTH_MEASURE(0.1),#13055);
#13093 = DRAUGHTING_PRE_DEFINED_CURVE_FONT('continuous');
#13094 = STYLED_ITEM('color',(#13095),#564);
#13095 = PRESENTATION_STYLE_ASSIGNMENT((#13096,#13101));
#13096 = SURFACE_STYLE_USAGE(.BOTH.,#13097);
#13097 = SURFACE_SIDE_STYLE('',(#13098));
#13098 = SURFACE_STYLE_FILL_AREA(#13099);
#13099 = FILL_AREA_STYLE('',(#13100));
#13100 = FILL_AREA_STYLE_COLOUR('',#11675);
#13101 = CURVE_STYLE('',#13102,POSITIVE_LENGTH_MEASURE(0.1),#11675);
#13102 = DRAUGHTING_PRE_DEFINED_CURVE_FONT('continuous');
#13103 = STYLED_ITEM('color',(#13104),#631);
#13104 = PRESENTATION_STYLE_ASSIGNMENT((#13105,#13110));
#13105 = SURFACE_STYLE_USAGE(.BOTH.,#13106);
#13106 = SURFACE_SIDE_STYLE('',(#13107));
#13107 = SURFACE_STYLE_FILL_AREA(#13108);
#13108 = FILL_AREA_STYLE('',(#13109));
#13109 = FILL_AREA_STYLE_COLOUR('',#11675);
#13110 = CURVE_STYLE('',#13111,POSITIVE_LENGTH_MEASURE(0.1),#11675);
#13111 = DRAUGHTING_PRE_DEFINED_CURVE_FONT('continuous');
#13112 = STYLED_ITEM('color',(#13113),#662);
#13113 = PRESENTATION_STYLE_ASSIGNMENT((#13114,#13119));
#13114 = SURFACE_STYLE_USAGE(.BOTH.,#13115);
#13115 = SURFACE_SIDE_STYLE('',(#13116));
#13116 = SURFACE_STYLE_FILL_AREA(#13117);
#13117 = FILL_AREA_STYLE('',(#13118));
#13118 = FILL_AREA_STYLE_COLOUR('',#13055);
#13119 = CURVE_STYLE('',#13120,POSITIVE_LENGTH_MEASURE(0.1),#13055);
#13120 = DRAUGHTING_PRE_DEFINED_CURVE_FONT('continuous');
#13121 = STYLED_ITEM('color',(#13122),#686);
#13122 = PRESENTATION_STYLE_ASSIGNMENT((#13123,#13129));
#13123 = SURFACE_STYLE_USAGE(.BOTH.,#13124);
#13124 = SURFACE_SIDE_STYLE('',(#13125));
#13125 = SURFACE_STYLE_FILL_AREA(#13126);
#13126 = FILL_AREA_STYLE('',(#13127));
#13127 = FILL_AREA_STYLE_COLOUR('',#13128);
#13128 = COLOUR_RGB('',0.823999987314,0.819999987296,0.781000009244);
#13129 = CURVE_STYLE('',#13130,POSITIVE_LENGTH_MEASURE(0.1),#13128);
#13130 = DRAUGHTING_PRE_DEFINED_CURVE_FONT('continuous');
#13131 = STYLED_ITEM('color',(#13132),#767);
#13132 = PRESENTATION_STYLE_ASSIGNMENT((#13133,#13138));
#13133 = SURFACE_STYLE_USAGE(.BOTH.,#13134);
#13134 = SURFACE_SIDE_STYLE('',(#13135));
#13135 = SURFACE_STYLE_FILL_AREA(#13136);
#13136 = FILL_AREA_STYLE('',(#13137));
#13137 = FILL_AREA_STYLE_COLOUR('',#13128);
#13138 = CURVE_STYLE('',#13139,POSITIVE_LENGTH_MEASURE(0.1),#13128);
#13139 = DRAUGHTING_PRE_DEFINED_CURVE_FONT('continuous');
#13140 = STYLED_ITEM('color',(#13141),#791);
#13141 = PRESENTATION_STYLE_ASSIGNMENT((#13142,#13147));
#13142 = SURFACE_STYLE_USAGE(.BOTH.,#13143);
#13143 = SURFACE_SIDE_STYLE('',(#13144));
#13144 = SURFACE_STYLE_FILL_AREA(#13145);
#13145 = FILL_AREA_STYLE('',(#13146));
#13146 = FILL_AREA_STYLE_COLOUR('',#13128);
#13147 = CURVE_STYLE('',#13148,POSITIVE_LENGTH_MEASURE(0.1),#13128);
#13148 = DRAUGHTING_PRE_DEFINED_CURVE_FONT('continuous');
#13149 = STYLED_ITEM('color',(#13150),#865);
#13150 = PRESENTATION_STYLE_ASSIGNMENT((#13151,#13156));
#13151 = SURFACE_STYLE_USAGE(.BOTH.,#13152);
#13152 = SURFACE_SIDE_STYLE('',(#13153));
#13153 = SURFACE_STYLE_FILL_AREA(#13154);
#13154 = FILL_AREA_STYLE('',(#13155));
#13155 = FILL_AREA_STYLE_COLOUR('',#13128);
#13156 = CURVE_STYLE('',#13157,POSITIVE_LENGTH_MEASURE(0.1),#13128);
#13157 = DRAUGHTING_PRE_DEFINED_CURVE_FONT('continuous');
#13158 = STYLED_ITEM('color',(#13159),#882);
#13159 = PRESENTATION_STYLE_ASSIGNMENT((#13160,#13165));
#13160 = SURFACE_STYLE_USAGE(.BOTH.,#13161);
#13161 = SURFACE_SIDE_STYLE('',(#13162));
#13162 = SURFACE_STYLE_FILL_AREA(#13163);
#13163 = FILL_AREA_STYLE('',(#13164));
#13164 = FILL_AREA_STYLE_COLOUR('',#13128);
#13165 = CURVE_STYLE('',#13166,POSITIVE_LENGTH_MEASURE(0.1),#13128);
#13166 = DRAUGHTING_PRE_DEFINED_CURVE_FONT('continuous');
#13167 = STYLED_ITEM('color',(#13168),#963);
#13168 = PRESENTATION_STYLE_ASSIGNMENT((#13169,#13174));
#13169 = SURFACE_STYLE_USAGE(.BOTH.,#13170);
#13170 = SURFACE_SIDE_STYLE('',(#13171));
#13171 = SURFACE_STYLE_FILL_AREA(#13172);
#13172 = FILL_AREA_STYLE('',(#13173));
#13173 = FILL_AREA_STYLE_COLOUR('',#13128);
#13174 = CURVE_STYLE('',#13175,POSITIVE_LENGTH_MEASURE(0.1),#13128);
#13175 = DRAUGHTING_PRE_DEFINED_CURVE_FONT('continuous');
#13176 = STYLED_ITEM('color',(#13177),#987);
#13177 = PRESENTATION_STYLE_ASSIGNMENT((#13178,#13183));
#13178 = SURFACE_STYLE_USAGE(.BOTH.,#13179);
#13179 = SURFACE_SIDE_STYLE('',(#13180));
#13180 = SURFACE_STYLE_FILL_AREA(#13181);
#13181 = FILL_AREA_STYLE('',(#13182));
#13182 = FILL_AREA_STYLE_COLOUR('',#13128);
#13183 = CURVE_STYLE('',#13184,POSITIVE_LENGTH_MEASURE(0.1),#13128);
#13184 = DRAUGHTING_PRE_DEFINED_CURVE_FONT('continuous');
#13185 = STYLED_ITEM('color',(#13186),#1061);
#13186 = PRESENTATION_STYLE_ASSIGNMENT((#13187,#13192));
#13187 = SURFACE_STYLE_USAGE(.BOTH.,#13188);
#13188 = SURFACE_SIDE_STYLE('',(#13189));
#13189 = SURFACE_STYLE_FILL_AREA(#13190);
#13190 = FILL_AREA_STYLE('',(#13191));
#13191 = FILL_AREA_STYLE_COLOUR('',#13128);
#13192 = CURVE_STYLE('',#13193,POSITIVE_LENGTH_MEASURE(0.1),#13128);
#13193 = DRAUGHTING_PRE_DEFINED_CURVE_FONT('continuous');
#13194 = STYLED_ITEM('color',(#13195),#1078);
#13195 = PRESENTATION_STYLE_ASSIGNMENT((#13196,#13201));
#13196 = SURFACE_STYLE_USAGE(.BOTH.,#13197);
#13197 = SURFACE_SIDE_STYLE('',(#13198));
#13198 = SURFACE_STYLE_FILL_AREA(#13199);
#13199 = FILL_AREA_STYLE('',(#13200));
#13200 = FILL_AREA_STYLE_COLOUR('',#11675);
#13201 = CURVE_STYLE('',#13202,POSITIVE_LENGTH_MEASURE(0.1),#11675);
#13202 = DRAUGHTING_PRE_DEFINED_CURVE_FONT('continuous');
#13203 = STYLED_ITEM('color',(#13204),#1102);
#13204 = PRESENTATION_STYLE_ASSIGNMENT((#13205,#13210));
#13205 = SURFACE_STYLE_USAGE(.BOTH.,#13206);
#13206 = SURFACE_SIDE_STYLE('',(#13207));
#13207 = SURFACE_STYLE_FILL_AREA(#13208);
#13208 = FILL_AREA_STYLE('',(#13209));
#13209 = FILL_AREA_STYLE_COLOUR('',#11675);
#13210 = CURVE_STYLE('',#13211,POSITIVE_LENGTH_MEASURE(0.1),#11675);
#13211 = DRAUGHTING_PRE_DEFINED_CURVE_FONT('continuous');
#13212 = STYLED_ITEM('color',(#13213),#1135);
#13213 = PRESENTATION_STYLE_ASSIGNMENT((#13214,#13219));
#13214 = SURFACE_STYLE_USAGE(.BOTH.,#13215);
#13215 = SURFACE_SIDE_STYLE('',(#13216));
#13216 = SURFACE_STYLE_FILL_AREA(#13217);
#13217 = FILL_AREA_STYLE('',(#13218));
#13218 = FILL_AREA_STYLE_COLOUR('',#11675);
#13219 = CURVE_STYLE('',#13220,POSITIVE_LENGTH_MEASURE(0.1),#11675);
#13220 = DRAUGHTING_PRE_DEFINED_CURVE_FONT('continuous');
#13221 = STYLED_ITEM('color',(#13222),#1160);
#13222 = PRESENTATION_STYLE_ASSIGNMENT((#13223,#13228));
#13223 = SURFACE_STYLE_USAGE(.BOTH.,#13224);
#13224 = SURFACE_SIDE_STYLE('',(#13225));
#13225 = SURFACE_STYLE_FILL_AREA(#13226);
#13226 = FILL_AREA_STYLE('',(#13227));
#13227 = FILL_AREA_STYLE_COLOUR('',#13055);
#13228 = CURVE_STYLE('',#13229,POSITIVE_LENGTH_MEASURE(0.1),#13055);
#13229 = DRAUGHTING_PRE_DEFINED_CURVE_FONT('continuous');
#13230 = STYLED_ITEM('color',(#13231),#1184);
#13231 = PRESENTATION_STYLE_ASSIGNMENT((#13232,#13237));
#13232 = SURFACE_STYLE_USAGE(.BOTH.,#13233);
#13233 = SURFACE_SIDE_STYLE('',(#13234));
#13234 = SURFACE_STYLE_FILL_AREA(#13235);
#13235 = FILL_AREA_STYLE('',(#13236));
#13236 = FILL_AREA_STYLE_COLOUR('',#11675);
#13237 = CURVE_STYLE('',#13238,POSITIVE_LENGTH_MEASURE(0.1),#11675);
#13238 = DRAUGHTING_PRE_DEFINED_CURVE_FONT('continuous');
#13239 = STYLED_ITEM('color',(#13240),#1215);
#13240 = PRESENTATION_STYLE_ASSIGNMENT((#13241,#13246));
#13241 = SURFACE_STYLE_USAGE(.BOTH.,#13242);
#13242 = SURFACE_SIDE_STYLE('',(#13243));
#13243 = SURFACE_STYLE_FILL_AREA(#13244);
#13244 = FILL_AREA_STYLE('',(#13245));
#13245 = FILL_AREA_STYLE_COLOUR('',#13055);
#13246 = CURVE_STYLE('',#13247,POSITIVE_LENGTH_MEASURE(0.1),#13055);
#13247 = DRAUGHTING_PRE_DEFINED_CURVE_FONT('continuous');
#13248 = STYLED_ITEM('color',(#13249),#1246);
#13249 = PRESENTATION_STYLE_ASSIGNMENT((#13250,#13255));
#13250 = SURFACE_STYLE_USAGE(.BOTH.,#13251);
#13251 = SURFACE_SIDE_STYLE('',(#13252));
#13252 = SURFACE_STYLE_FILL_AREA(#13253);
#13253 = FILL_AREA_STYLE('',(#13254));
#13254 = FILL_AREA_STYLE_COLOUR('',#13055);
#13255 = CURVE_STYLE('',#13256,POSITIVE_LENGTH_MEASURE(0.1),#13055);
#13256 = DRAUGHTING_PRE_DEFINED_CURVE_FONT('continuous');
#13257 = OVER_RIDING_STYLED_ITEM('overriding color',(#13258),#1406,
  #13248);
#13258 = PRESENTATION_STYLE_ASSIGNMENT((#13259,#13264));
#13259 = SURFACE_STYLE_USAGE(.BOTH.,#13260);
#13260 = SURFACE_SIDE_STYLE('',(#13261));
#13261 = SURFACE_STYLE_FILL_AREA(#13262);
#13262 = FILL_AREA_STYLE('',(#13263));
#13263 = FILL_AREA_STYLE_COLOUR('',#13055);
#13264 = CURVE_STYLE('',#13265,POSITIVE_LENGTH_MEASURE(0.1),#13055);
#13265 = DRAUGHTING_PRE_DEFINED_CURVE_FONT('continuous');
#13266 = OVER_RIDING_STYLED_ITEM('overriding color',(#13267),#1417,
  #13248);
#13267 = PRESENTATION_STYLE_ASSIGNMENT((#13268,#13273));
#13268 = SURFACE_STYLE_USAGE(.BOTH.,#13269);
#13269 = SURFACE_SIDE_STYLE('',(#13270));
#13270 = SURFACE_STYLE_FILL_AREA(#13271);
#13271 = FILL_AREA_STYLE('',(#13272));
#13272 = FILL_AREA_STYLE_COLOUR('',#13055);
#13273 = CURVE_STYLE('',#13274,POSITIVE_LENGTH_MEASURE(0.1),#13055);
#13274 = DRAUGHTING_PRE_DEFINED_CURVE_FONT('continuous');
#13275 = OVER_RIDING_STYLED_ITEM('overriding color',(#13276),#1428,
  #13248);
#13276 = PRESENTATION_STYLE_ASSIGNMENT((#13277,#13282));
#13277 = SURFACE_STYLE_USAGE(.BOTH.,#13278);
#13278 = SURFACE_SIDE_STYLE('',(#13279));
#13279 = SURFACE_STYLE_FILL_AREA(#13280);
#13280 = FILL_AREA_STYLE('',(#13281));
#13281 = FILL_AREA_STYLE_COLOUR('',#13055);
#13282 = CURVE_STYLE('',#13283,POSITIVE_LENGTH_MEASURE(0.1),#13055);
#13283 = DRAUGHTING_PRE_DEFINED_CURVE_FONT('continuous');
#13284 = OVER_RIDING_STYLED_ITEM('overriding color',(#13285),#1450,
  #13248);
#13285 = PRESENTATION_STYLE_ASSIGNMENT((#13286,#13291));
#13286 = SURFACE_STYLE_USAGE(.BOTH.,#13287);
#13287 = SURFACE_SIDE_STYLE('',(#13288));
#13288 = SURFACE_STYLE_FILL_AREA(#13289);
#13289 = FILL_AREA_STYLE('',(#13290));
#13290 = FILL_AREA_STYLE_COLOUR('',#13055);
#13291 = CURVE_STYLE('',#13292,POSITIVE_LENGTH_MEASURE(0.1),#13055);
#13292 = DRAUGHTING_PRE_DEFINED_CURVE_FONT('continuous');
#13293 = STYLED_ITEM('color',(#13294),#1463);
#13294 = PRESENTATION_STYLE_ASSIGNMENT((#13295,#13300));
#13295 = SURFACE_STYLE_USAGE(.BOTH.,#13296);
#13296 = SURFACE_SIDE_STYLE('',(#13297));
#13297 = SURFACE_STYLE_FILL_AREA(#13298);
#13298 = FILL_AREA_STYLE('',(#13299));
#13299 = FILL_AREA_STYLE_COLOUR('',#11675);
#13300 = CURVE_STYLE('',#13301,POSITIVE_LENGTH_MEASURE(0.1),#11675);
#13301 = DRAUGHTING_PRE_DEFINED_CURVE_FONT('continuous');
#13302 = STYLED_ITEM('color',(#13303),#1526);
#13303 = PRESENTATION_STYLE_ASSIGNMENT((#13304,#13309));
#13304 = SURFACE_STYLE_USAGE(.BOTH.,#13305);
#13305 = SURFACE_SIDE_STYLE('',(#13306));
#13306 = SURFACE_STYLE_FILL_AREA(#13307);
#13307 = FILL_AREA_STYLE('',(#13308));
#13308 = FILL_AREA_STYLE_COLOUR('',#11675);
#13309 = CURVE_STYLE('',#13310,POSITIVE_LENGTH_MEASURE(0.1),#11675);
#13310 = DRAUGHTING_PRE_DEFINED_CURVE_FONT('continuous');
#13311 = STYLED_ITEM('color',(#13312),#1538);
#13312 = PRESENTATION_STYLE_ASSIGNMENT((#13313,#13318));
#13313 = SURFACE_STYLE_USAGE(.BOTH.,#13314);
#13314 = SURFACE_SIDE_STYLE('',(#13315));
#13315 = SURFACE_STYLE_FILL_AREA(#13316);
#13316 = FILL_AREA_STYLE('',(#13317));
#13317 = FILL_AREA_STYLE_COLOUR('',#13055);
#13318 = CURVE_STYLE('',#13319,POSITIVE_LENGTH_MEASURE(0.1),#13055);
#13319 = DRAUGHTING_PRE_DEFINED_CURVE_FONT('continuous');
#13320 = STYLED_ITEM('color',(#13321),#1555);
#13321 = PRESENTATION_STYLE_ASSIGNMENT((#13322,#13327));
#13322 = SURFACE_STYLE_USAGE(.BOTH.,#13323);
#13323 = SURFACE_SIDE_STYLE('',(#13324));
#13324 = SURFACE_STYLE_FILL_AREA(#13325);
#13325 = FILL_AREA_STYLE('',(#13326));
#13326 = FILL_AREA_STYLE_COLOUR('',#13055);
#13327 = CURVE_STYLE('',#13328,POSITIVE_LENGTH_MEASURE(0.1),#13055);
#13328 = DRAUGHTING_PRE_DEFINED_CURVE_FONT('continuous');
#13329 = STYLED_ITEM('color',(#13330),#1572);
#13330 = PRESENTATION_STYLE_ASSIGNMENT((#13331,#13336));
#13331 = SURFACE_STYLE_USAGE(.BOTH.,#13332);
#13332 = SURFACE_SIDE_STYLE('',(#13333));
#13333 = SURFACE_STYLE_FILL_AREA(#13334);
#13334 = FILL_AREA_STYLE('',(#13335));
#13335 = FILL_AREA_STYLE_COLOUR('',#11675);
#13336 = CURVE_STYLE('',#13337,POSITIVE_LENGTH_MEASURE(0.1),#11675);
#13337 = DRAUGHTING_PRE_DEFINED_CURVE_FONT('continuous');
#13338 = STYLED_ITEM('color',(#13339),#1589);
#13339 = PRESENTATION_STYLE_ASSIGNMENT((#13340,#13345));
#13340 = SURFACE_STYLE_USAGE(.BOTH.,#13341);
#13341 = SURFACE_SIDE_STYLE('',(#13342));
#13342 = SURFACE_STYLE_FILL_AREA(#13343);
#13343 = FILL_AREA_STYLE('',(#13344));
#13344 = FILL_AREA_STYLE_COLOUR('',#11675);
#13345 = CURVE_STYLE('',#13346,POSITIVE_LENGTH_MEASURE(0.1),#11675);
#13346 = DRAUGHTING_PRE_DEFINED_CURVE_FONT('continuous');
#13347 = STYLED_ITEM('color',(#13348),#1715);
#13348 = PRESENTATION_STYLE_ASSIGNMENT((#13349,#13354));
#13349 = SURFACE_STYLE_USAGE(.BOTH.,#13350);
#13350 = SURFACE_SIDE_STYLE('',(#13351));
#13351 = SURFACE_STYLE_FILL_AREA(#13352);
#13352 = FILL_AREA_STYLE('',(#13353));
#13353 = FILL_AREA_STYLE_COLOUR('',#11675);
#13354 = CURVE_STYLE('',#13355,POSITIVE_LENGTH_MEASURE(0.1),#11675);
#13355 = DRAUGHTING_PRE_DEFINED_CURVE_FONT('continuous');
#13356 = STYLED_ITEM('color',(#13357),#1739);
#13357 = PRESENTATION_STYLE_ASSIGNMENT((#13358,#13363));
#13358 = SURFACE_STYLE_USAGE(.BOTH.,#13359);
#13359 = SURFACE_SIDE_STYLE('',(#13360));
#13360 = SURFACE_STYLE_FILL_AREA(#13361);
#13361 = FILL_AREA_STYLE('',(#13362));
#13362 = FILL_AREA_STYLE_COLOUR('',#11675);
#13363 = CURVE_STYLE('',#13364,POSITIVE_LENGTH_MEASURE(0.1),#11675);
#13364 = DRAUGHTING_PRE_DEFINED_CURVE_FONT('continuous');
#13365 = STYLED_ITEM('color',(#13366),#1756);
#13366 = PRESENTATION_STYLE_ASSIGNMENT((#13367,#13372));
#13367 = SURFACE_STYLE_USAGE(.BOTH.,#13368);
#13368 = SURFACE_SIDE_STYLE('',(#13369));
#13369 = SURFACE_STYLE_FILL_AREA(#13370);
#13370 = FILL_AREA_STYLE('',(#13371));
#13371 = FILL_AREA_STYLE_COLOUR('',#13055);
#13372 = CURVE_STYLE('',#13373,POSITIVE_LENGTH_MEASURE(0.1),#13055);
#13373 = DRAUGHTING_PRE_DEFINED_CURVE_FONT('continuous');
#13374 = STYLED_ITEM('color',(#13375),#1773);
#13375 = PRESENTATION_STYLE_ASSIGNMENT((#13376,#13381));
#13376 = SURFACE_STYLE_USAGE(.BOTH.,#13377);
#13377 = SURFACE_SIDE_STYLE('',(#13378));
#13378 = SURFACE_STYLE_FILL_AREA(#13379);
#13379 = FILL_AREA_STYLE('',(#13380));
#13380 = FILL_AREA_STYLE_COLOUR('',#13055);
#13381 = CURVE_STYLE('',#13382,POSITIVE_LENGTH_MEASURE(0.1),#13055);
#13382 = DRAUGHTING_PRE_DEFINED_CURVE_FONT('continuous');
#13383 = STYLED_ITEM('color',(#13384),#1785);
#13384 = PRESENTATION_STYLE_ASSIGNMENT((#13385,#13390));
#13385 = SURFACE_STYLE_USAGE(.BOTH.,#13386);
#13386 = SURFACE_SIDE_STYLE('',(#13387));
#13387 = SURFACE_STYLE_FILL_AREA(#13388);
#13388 = FILL_AREA_STYLE('',(#13389));
#13389 = FILL_AREA_STYLE_COLOUR('',#13128);
#13390 = CURVE_STYLE('',#13391,POSITIVE_LENGTH_MEASURE(0.1),#13128);
#13391 = DRAUGHTING_PRE_DEFINED_CURVE_FONT('continuous');
#13392 = STYLED_ITEM('color',(#13393),#1807);
#13393 = PRESENTATION_STYLE_ASSIGNMENT((#13394,#13399));
#13394 = SURFACE_STYLE_USAGE(.BOTH.,#13395);
#13395 = SURFACE_SIDE_STYLE('',(#13396));
#13396 = SURFACE_STYLE_FILL_AREA(#13397);
#13397 = FILL_AREA_STYLE('',(#13398));
#13398 = FILL_AREA_STYLE_COLOUR('',#13128);
#13399 = CURVE_STYLE('',#13400,POSITIVE_LENGTH_MEASURE(0.1),#13128);
#13400 = DRAUGHTING_PRE_DEFINED_CURVE_FONT('continuous');
#13401 = STYLED_ITEM('color',(#13402),#1824);
#13402 = PRESENTATION_STYLE_ASSIGNMENT((#13403,#13408));
#13403 = SURFACE_STYLE_USAGE(.BOTH.,#13404);
#13404 = SURFACE_SIDE_STYLE('',(#13405));
#13405 = SURFACE_STYLE_FILL_AREA(#13406);
#13406 = FILL_AREA_STYLE('',(#13407));
#13407 = FILL_AREA_STYLE_COLOUR('',#13128);
#13408 = CURVE_STYLE('',#13409,POSITIVE_LENGTH_MEASURE(0.1),#13128);
#13409 = DRAUGHTING_PRE_DEFINED_CURVE_FONT('continuous');
#13410 = STYLED_ITEM('color',(#13411),#1836);
#13411 = PRESENTATION_STYLE_ASSIGNMENT((#13412,#13417));
#13412 = SURFACE_STYLE_USAGE(.BOTH.,#13413);
#13413 = SURFACE_SIDE_STYLE('',(#13414));
#13414 = SURFACE_STYLE_FILL_AREA(#13415);
#13415 = FILL_AREA_STYLE('',(#13416));
#13416 = FILL_AREA_STYLE_COLOUR('',#13128);
#13417 = CURVE_STYLE('',#13418,POSITIVE_LENGTH_MEASURE(0.1),#13128);
#13418 = DRAUGHTING_PRE_DEFINED_CURVE_FONT('continuous');
#13419 = STYLED_ITEM('color',(#13420),#1853);
#13420 = PRESENTATION_STYLE_ASSIGNMENT((#13421,#13426));
#13421 = SURFACE_STYLE_USAGE(.BOTH.,#13422);
#13422 = SURFACE_SIDE_STYLE('',(#13423));
#13423 = SURFACE_STYLE_FILL_AREA(#13424);
#13424 = FILL_AREA_STYLE('',(#13425));
#13425 = FILL_AREA_STYLE_COLOUR('',#13128);
#13426 = CURVE_STYLE('',#13427,POSITIVE_LENGTH_MEASURE(0.1),#13128);
#13427 = DRAUGHTING_PRE_DEFINED_CURVE_FONT('continuous');
#13428 = STYLED_ITEM('color',(#13429),#1870);
#13429 = PRESENTATION_STYLE_ASSIGNMENT((#13430,#13435));
#13430 = SURFACE_STYLE_USAGE(.BOTH.,#13431);
#13431 = SURFACE_SIDE_STYLE('',(#13432));
#13432 = SURFACE_STYLE_FILL_AREA(#13433);
#13433 = FILL_AREA_STYLE('',(#13434));
#13434 = FILL_AREA_STYLE_COLOUR('',#13128);
#13435 = CURVE_STYLE('',#13436,POSITIVE_LENGTH_MEASURE(0.1),#13128);
#13436 = DRAUGHTING_PRE_DEFINED_CURVE_FONT('continuous');
#13437 = STYLED_ITEM('color',(#13438),#1887);
#13438 = PRESENTATION_STYLE_ASSIGNMENT((#13439,#13444));
#13439 = SURFACE_STYLE_USAGE(.BOTH.,#13440);
#13440 = SURFACE_SIDE_STYLE('',(#13441));
#13441 = SURFACE_STYLE_FILL_AREA(#13442);
#13442 = FILL_AREA_STYLE('',(#13443));
#13443 = FILL_AREA_STYLE_COLOUR('',#13128);
#13444 = CURVE_STYLE('',#13445,POSITIVE_LENGTH_MEASURE(0.1),#13128);
#13445 = DRAUGHTING_PRE_DEFINED_CURVE_FONT('continuous');
#13446 = STYLED_ITEM('color',(#13447),#1899);
#13447 = PRESENTATION_STYLE_ASSIGNMENT((#13448,#13453));
#13448 = SURFACE_STYLE_USAGE(.BOTH.,#13449);
#13449 = SURFACE_SIDE_STYLE('',(#13450));
#13450 = SURFACE_STYLE_FILL_AREA(#13451);
#13451 = FILL_AREA_STYLE('',(#13452));
#13452 = FILL_AREA_STYLE_COLOUR('',#13128);
#13453 = CURVE_STYLE('',#13454,POSITIVE_LENGTH_MEASURE(0.1),#13128);
#13454 = DRAUGHTING_PRE_DEFINED_CURVE_FONT('continuous');
#13455 = STYLED_ITEM('color',(#13456),#1921);
#13456 = PRESENTATION_STYLE_ASSIGNMENT((#13457,#13462));
#13457 = SURFACE_STYLE_USAGE(.BOTH.,#13458);
#13458 = SURFACE_SIDE_STYLE('',(#13459));
#13459 = SURFACE_STYLE_FILL_AREA(#13460);
#13460 = FILL_AREA_STYLE('',(#13461));
#13461 = FILL_AREA_STYLE_COLOUR('',#13128);
#13462 = CURVE_STYLE('',#13463,POSITIVE_LENGTH_MEASURE(0.1),#13128);
#13463 = DRAUGHTING_PRE_DEFINED_CURVE_FONT('continuous');
#13464 = STYLED_ITEM('color',(#13465),#1938);
#13465 = PRESENTATION_STYLE_ASSIGNMENT((#13466,#13471));
#13466 = SURFACE_STYLE_USAGE(.BOTH.,#13467);
#13467 = SURFACE_SIDE_STYLE('',(#13468));
#13468 = SURFACE_STYLE_FILL_AREA(#13469);
#13469 = FILL_AREA_STYLE('',(#13470));
#13470 = FILL_AREA_STYLE_COLOUR('',#13128);
#13471 = CURVE_STYLE('',#13472,POSITIVE_LENGTH_MEASURE(0.1),#13128);
#13472 = DRAUGHTING_PRE_DEFINED_CURVE_FONT('continuous');
#13473 = STYLED_ITEM('color',(#13474),#1950);
#13474 = PRESENTATION_STYLE_ASSIGNMENT((#13475,#13480));
#13475 = SURFACE_STYLE_USAGE(.BOTH.,#13476);
#13476 = SURFACE_SIDE_STYLE('',(#13477));
#13477 = SURFACE_STYLE_FILL_AREA(#13478);
#13478 = FILL_AREA_STYLE('',(#13479));
#13479 = FILL_AREA_STYLE_COLOUR('',#13128);
#13480 = CURVE_STYLE('',#13481,POSITIVE_LENGTH_MEASURE(0.1),#13128);
#13481 = DRAUGHTING_PRE_DEFINED_CURVE_FONT('continuous');
#13482 = STYLED_ITEM('color',(#13483),#1967);
#13483 = PRESENTATION_STYLE_ASSIGNMENT((#13484,#13489));
#13484 = SURFACE_STYLE_USAGE(.BOTH.,#13485);
#13485 = SURFACE_SIDE_STYLE('',(#13486));
#13486 = SURFACE_STYLE_FILL_AREA(#13487);
#13487 = FILL_AREA_STYLE('',(#13488));
#13488 = FILL_AREA_STYLE_COLOUR('',#13128);
#13489 = CURVE_STYLE('',#13490,POSITIVE_LENGTH_MEASURE(0.1),#13128);
#13490 = DRAUGHTING_PRE_DEFINED_CURVE_FONT('continuous');
#13491 = STYLED_ITEM('color',(#13492),#1984);
#13492 = PRESENTATION_STYLE_ASSIGNMENT((#13493,#13498));
#13493 = SURFACE_STYLE_USAGE(.BOTH.,#13494);
#13494 = SURFACE_SIDE_STYLE('',(#13495));
#13495 = SURFACE_STYLE_FILL_AREA(#13496);
#13496 = FILL_AREA_STYLE('',(#13497));
#13497 = FILL_AREA_STYLE_COLOUR('',#13128);
#13498 = CURVE_STYLE('',#13499,POSITIVE_LENGTH_MEASURE(0.1),#13128);
#13499 = DRAUGHTING_PRE_DEFINED_CURVE_FONT('continuous');
#13500 = STYLED_ITEM('color',(#13501),#2001);
#13501 = PRESENTATION_STYLE_ASSIGNMENT((#13502,#13507));
#13502 = SURFACE_STYLE_USAGE(.BOTH.,#13503);
#13503 = SURFACE_SIDE_STYLE('',(#13504));
#13504 = SURFACE_STYLE_FILL_AREA(#13505);
#13505 = FILL_AREA_STYLE('',(#13506));
#13506 = FILL_AREA_STYLE_COLOUR('',#13128);
#13507 = CURVE_STYLE('',#13508,POSITIVE_LENGTH_MEASURE(0.1),#13128);
#13508 = DRAUGHTING_PRE_DEFINED_CURVE_FONT('continuous');
#13509 = STYLED_ITEM('color',(#13510),#2013);
#13510 = PRESENTATION_STYLE_ASSIGNMENT((#13511,#13516));
#13511 = SURFACE_STYLE_USAGE(.BOTH.,#13512);
#13512 = SURFACE_SIDE_STYLE('',(#13513));
#13513 = SURFACE_STYLE_FILL_AREA(#13514);
#13514 = FILL_AREA_STYLE('',(#13515));
#13515 = FILL_AREA_STYLE_COLOUR('',#13055);
#13516 = CURVE_STYLE('',#13517,POSITIVE_LENGTH_MEASURE(0.1),#13055);
#13517 = DRAUGHTING_PRE_DEFINED_CURVE_FONT('continuous');
#13518 = STYLED_ITEM('color',(#13519),#2030);
#13519 = PRESENTATION_STYLE_ASSIGNMENT((#13520,#13525));
#13520 = SURFACE_STYLE_USAGE(.BOTH.,#13521);
#13521 = SURFACE_SIDE_STYLE('',(#13522));
#13522 = SURFACE_STYLE_FILL_AREA(#13523);
#13523 = FILL_AREA_STYLE('',(#13524));
#13524 = FILL_AREA_STYLE_COLOUR('',#13055);
#13525 = CURVE_STYLE('',#13526,POSITIVE_LENGTH_MEASURE(0.1),#13055);
#13526 = DRAUGHTING_PRE_DEFINED_CURVE_FONT('continuous');
#13527 = STYLED_ITEM('color',(#13528),#2047);
#13528 = PRESENTATION_STYLE_ASSIGNMENT((#13529,#13534));
#13529 = SURFACE_STYLE_USAGE(.BOTH.,#13530);
#13530 = SURFACE_SIDE_STYLE('',(#13531));
#13531 = SURFACE_STYLE_FILL_AREA(#13532);
#13532 = FILL_AREA_STYLE('',(#13533));
#13533 = FILL_AREA_STYLE_COLOUR('',#13055);
#13534 = CURVE_STYLE('',#13535,POSITIVE_LENGTH_MEASURE(0.1),#13055);
#13535 = DRAUGHTING_PRE_DEFINED_CURVE_FONT('continuous');
#13536 = STYLED_ITEM('color',(#13537),#2064);
#13537 = PRESENTATION_STYLE_ASSIGNMENT((#13538,#13543));
#13538 = SURFACE_STYLE_USAGE(.BOTH.,#13539);
#13539 = SURFACE_SIDE_STYLE('',(#13540));
#13540 = SURFACE_STYLE_FILL_AREA(#13541);
#13541 = FILL_AREA_STYLE('',(#13542));
#13542 = FILL_AREA_STYLE_COLOUR('',#13055);
#13543 = CURVE_STYLE('',#13544,POSITIVE_LENGTH_MEASURE(0.1),#13055);
#13544 = DRAUGHTING_PRE_DEFINED_CURVE_FONT('continuous');
#13545 = STYLED_ITEM('color',(#13546),#2076);
#13546 = PRESENTATION_STYLE_ASSIGNMENT((#13547,#13552));
#13547 = SURFACE_STYLE_USAGE(.BOTH.,#13548);
#13548 = SURFACE_SIDE_STYLE('',(#13549));
#13549 = SURFACE_STYLE_FILL_AREA(#13550);
#13550 = FILL_AREA_STYLE('',(#13551));
#13551 = FILL_AREA_STYLE_COLOUR('',#13055);
#13552 = CURVE_STYLE('',#13553,POSITIVE_LENGTH_MEASURE(0.1),#13055);
#13553 = DRAUGHTING_PRE_DEFINED_CURVE_FONT('continuous');
#13554 = STYLED_ITEM('color',(#13555),#2093);
#13555 = PRESENTATION_STYLE_ASSIGNMENT((#13556,#13561));
#13556 = SURFACE_STYLE_USAGE(.BOTH.,#13557);
#13557 = SURFACE_SIDE_STYLE('',(#13558));
#13558 = SURFACE_STYLE_FILL_AREA(#13559);
#13559 = FILL_AREA_STYLE('',(#13560));
#13560 = FILL_AREA_STYLE_COLOUR('',#13055);
#13561 = CURVE_STYLE('',#13562,POSITIVE_LENGTH_MEASURE(0.1),#13055);
#13562 = DRAUGHTING_PRE_DEFINED_CURVE_FONT('continuous');
#13563 = STYLED_ITEM('color',(#13564),#2117);
#13564 = PRESENTATION_STYLE_ASSIGNMENT((#13565,#13570));
#13565 = SURFACE_STYLE_USAGE(.BOTH.,#13566);
#13566 = SURFACE_SIDE_STYLE('',(#13567));
#13567 = SURFACE_STYLE_FILL_AREA(#13568);
#13568 = FILL_AREA_STYLE('',(#13569));
#13569 = FILL_AREA_STYLE_COLOUR('',#13055);
#13570 = CURVE_STYLE('',#13571,POSITIVE_LENGTH_MEASURE(0.1),#13055);
#13571 = DRAUGHTING_PRE_DEFINED_CURVE_FONT('continuous');
#13572 = STYLED_ITEM('color',(#13573),#2141);
#13573 = PRESENTATION_STYLE_ASSIGNMENT((#13574,#13579));
#13574 = SURFACE_STYLE_USAGE(.BOTH.,#13575);
#13575 = SURFACE_SIDE_STYLE('',(#13576));
#13576 = SURFACE_STYLE_FILL_AREA(#13577);
#13577 = FILL_AREA_STYLE('',(#13578));
#13578 = FILL_AREA_STYLE_COLOUR('',#13055);
#13579 = CURVE_STYLE('',#13580,POSITIVE_LENGTH_MEASURE(0.1),#13055);
#13580 = DRAUGHTING_PRE_DEFINED_CURVE_FONT('continuous');
#13581 = STYLED_ITEM('color',(#13582),#2163);
#13582 = PRESENTATION_STYLE_ASSIGNMENT((#13583,#13588));
#13583 = SURFACE_STYLE_USAGE(.BOTH.,#13584);
#13584 = SURFACE_SIDE_STYLE('',(#13585));
#13585 = SURFACE_STYLE_FILL_AREA(#13586);
#13586 = FILL_AREA_STYLE('',(#13587));
#13587 = FILL_AREA_STYLE_COLOUR('',#13055);
#13588 = CURVE_STYLE('',#13589,POSITIVE_LENGTH_MEASURE(0.1),#13055);
#13589 = DRAUGHTING_PRE_DEFINED_CURVE_FONT('continuous');
#13590 = STYLED_ITEM('color',(#13591),#2180);
#13591 = PRESENTATION_STYLE_ASSIGNMENT((#13592,#13597));
#13592 = SURFACE_STYLE_USAGE(.BOTH.,#13593);
#13593 = SURFACE_SIDE_STYLE('',(#13594));
#13594 = SURFACE_STYLE_FILL_AREA(#13595);
#13595 = FILL_AREA_STYLE('',(#13596));
#13596 = FILL_AREA_STYLE_COLOUR('',#13055);
#13597 = CURVE_STYLE('',#13598,POSITIVE_LENGTH_MEASURE(0.1),#13055);
#13598 = DRAUGHTING_PRE_DEFINED_CURVE_FONT('continuous');
#13599 = STYLED_ITEM('color',(#13600),#2203);
#13600 = PRESENTATION_STYLE_ASSIGNMENT((#13601,#13606));
#13601 = SURFACE_STYLE_USAGE(.BOTH.,#13602);
#13602 = SURFACE_SIDE_STYLE('',(#13603));
#13603 = SURFACE_STYLE_FILL_AREA(#13604);
#13604 = FILL_AREA_STYLE('',(#13605));
#13605 = FILL_AREA_STYLE_COLOUR('',#13055);
#13606 = CURVE_STYLE('',#13607,POSITIVE_LENGTH_MEASURE(0.1),#13055);
#13607 = DRAUGHTING_PRE_DEFINED_CURVE_FONT('continuous');
#13608 = STYLED_ITEM('color',(#13609),#2220);
#13609 = PRESENTATION_STYLE_ASSIGNMENT((#13610,#13615));
#13610 = SURFACE_STYLE_USAGE(.BOTH.,#13611);
#13611 = SURFACE_SIDE_STYLE('',(#13612));
#13612 = SURFACE_STYLE_FILL_AREA(#13613);
#13613 = FILL_AREA_STYLE('',(#13614));
#13614 = FILL_AREA_STYLE_COLOUR('',#13055);
#13615 = CURVE_STYLE('',#13616,POSITIVE_LENGTH_MEASURE(0.1),#13055);
#13616 = DRAUGHTING_PRE_DEFINED_CURVE_FONT('continuous');
#13617 = STYLED_ITEM('color',(#13618),#2244);
#13618 = PRESENTATION_STYLE_ASSIGNMENT((#13619,#13624));
#13619 = SURFACE_STYLE_USAGE(.BOTH.,#13620);
#13620 = SURFACE_SIDE_STYLE('',(#13621));
#13621 = SURFACE_STYLE_FILL_AREA(#13622);
#13622 = FILL_AREA_STYLE('',(#13623));
#13623 = FILL_AREA_STYLE_COLOUR('',#13055);
#13624 = CURVE_STYLE('',#13625,POSITIVE_LENGTH_MEASURE(0.1),#13055);
#13625 = DRAUGHTING_PRE_DEFINED_CURVE_FONT('continuous');
#13626 = STYLED_ITEM('color',(#13627),#2268);
#13627 = PRESENTATION_STYLE_ASSIGNMENT((#13628,#13633));
#13628 = SURFACE_STYLE_USAGE(.BOTH.,#13629);
#13629 = SURFACE_SIDE_STYLE('',(#13630));
#13630 = SURFACE_STYLE_FILL_AREA(#13631);
#13631 = FILL_AREA_STYLE('',(#13632));
#13632 = FILL_AREA_STYLE_COLOUR('',#13055);
#13633 = CURVE_STYLE('',#13634,POSITIVE_LENGTH_MEASURE(0.1),#13055);
#13634 = DRAUGHTING_PRE_DEFINED_CURVE_FONT('continuous');
#13635 = STYLED_ITEM('color',(#13636),#2290);
#13636 = PRESENTATION_STYLE_ASSIGNMENT((#13637,#13642));
#13637 = SURFACE_STYLE_USAGE(.BOTH.,#13638);
#13638 = SURFACE_SIDE_STYLE('',(#13639));
#13639 = SURFACE_STYLE_FILL_AREA(#13640);
#13640 = FILL_AREA_STYLE('',(#13641));
#13641 = FILL_AREA_STYLE_COLOUR('',#13055);
#13642 = CURVE_STYLE('',#13643,POSITIVE_LENGTH_MEASURE(0.1),#13055);
#13643 = DRAUGHTING_PRE_DEFINED_CURVE_FONT('continuous');
#13644 = STYLED_ITEM('color',(#13645),#2302);
#13645 = PRESENTATION_STYLE_ASSIGNMENT((#13646,#13651));
#13646 = SURFACE_STYLE_USAGE(.BOTH.,#13647);
#13647 = SURFACE_SIDE_STYLE('',(#13648));
#13648 = SURFACE_STYLE_FILL_AREA(#13649);
#13649 = FILL_AREA_STYLE('',(#13650));
#13650 = FILL_AREA_STYLE_COLOUR('',#11675);
#13651 = CURVE_STYLE('',#13652,POSITIVE_LENGTH_MEASURE(0.1),#11675);
#13652 = DRAUGHTING_PRE_DEFINED_CURVE_FONT('continuous');
#13653 = STYLED_ITEM('color',(#13654),#2327);
#13654 = PRESENTATION_STYLE_ASSIGNMENT((#13655,#13660));
#13655 = SURFACE_STYLE_USAGE(.BOTH.,#13656);
#13656 = SURFACE_SIDE_STYLE('',(#13657));
#13657 = SURFACE_STYLE_FILL_AREA(#13658);
#13658 = FILL_AREA_STYLE('',(#13659));
#13659 = FILL_AREA_STYLE_COLOUR('',#11675);
#13660 = CURVE_STYLE('',#13661,POSITIVE_LENGTH_MEASURE(0.1),#11675);
#13661 = DRAUGHTING_PRE_DEFINED_CURVE_FONT('continuous');
#13662 = STYLED_ITEM('color',(#13663),#2352);
#13663 = PRESENTATION_STYLE_ASSIGNMENT((#13664,#13669));
#13664 = SURFACE_STYLE_USAGE(.BOTH.,#13665);
#13665 = SURFACE_SIDE_STYLE('',(#13666));
#13666 = SURFACE_STYLE_FILL_AREA(#13667);
#13667 = FILL_AREA_STYLE('',(#13668));
#13668 = FILL_AREA_STYLE_COLOUR('',#11675);
#13669 = CURVE_STYLE('',#13670,POSITIVE_LENGTH_MEASURE(0.1),#11675);
#13670 = DRAUGHTING_PRE_DEFINED_CURVE_FONT('continuous');
#13671 = STYLED_ITEM('color',(#13672),#2377);
#13672 = PRESENTATION_STYLE_ASSIGNMENT((#13673,#13678));
#13673 = SURFACE_STYLE_USAGE(.BOTH.,#13674);
#13674 = SURFACE_SIDE_STYLE('',(#13675));
#13675 = SURFACE_STYLE_FILL_AREA(#13676);
#13676 = FILL_AREA_STYLE('',(#13677));
#13677 = FILL_AREA_STYLE_COLOUR('',#13055);
#13678 = CURVE_STYLE('',#13679,POSITIVE_LENGTH_MEASURE(0.1),#13055);
#13679 = DRAUGHTING_PRE_DEFINED_CURVE_FONT('continuous');
#13680 = STYLED_ITEM('color',(#13681),#2402);
#13681 = PRESENTATION_STYLE_ASSIGNMENT((#13682,#13687));
#13682 = SURFACE_STYLE_USAGE(.BOTH.,#13683);
#13683 = SURFACE_SIDE_STYLE('',(#13684));
#13684 = SURFACE_STYLE_FILL_AREA(#13685);
#13685 = FILL_AREA_STYLE('',(#13686));
#13686 = FILL_AREA_STYLE_COLOUR('',#11675);
#13687 = CURVE_STYLE('',#13688,POSITIVE_LENGTH_MEASURE(0.1),#11675);
#13688 = DRAUGHTING_PRE_DEFINED_CURVE_FONT('continuous');
#13689 = STYLED_ITEM('color',(#13690),#2427);
#13690 = PRESENTATION_STYLE_ASSIGNMENT((#13691,#13696));
#13691 = SURFACE_STYLE_USAGE(.BOTH.,#13692);
#13692 = SURFACE_SIDE_STYLE('',(#13693));
#13693 = SURFACE_STYLE_FILL_AREA(#13694);
#13694 = FILL_AREA_STYLE('',(#13695));
#13695 = FILL_AREA_STYLE_COLOUR('',#11675);
#13696 = CURVE_STYLE('',#13697,POSITIVE_LENGTH_MEASURE(0.1),#11675);
#13697 = DRAUGHTING_PRE_DEFINED_CURVE_FONT('continuous');
#13698 = STYLED_ITEM('color',(#13699),#2446);
#13699 = PRESENTATION_STYLE_ASSIGNMENT((#13700,#13705));
#13700 = SURFACE_STYLE_USAGE(.BOTH.,#13701);
#13701 = SURFACE_SIDE_STYLE('',(#13702));
#13702 = SURFACE_STYLE_FILL_AREA(#13703);
#13703 = FILL_AREA_STYLE('',(#13704));
#13704 = FILL_AREA_STYLE_COLOUR('',#11675);
#13705 = CURVE_STYLE('',#13706,POSITIVE_LENGTH_MEASURE(0.1),#11675);
#13706 = DRAUGHTING_PRE_DEFINED_CURVE_FONT('continuous');
#13707 = STYLED_ITEM('color',(#13708),#2458);
#13708 = PRESENTATION_STYLE_ASSIGNMENT((#13709,#13714));
#13709 = SURFACE_STYLE_USAGE(.BOTH.,#13710);
#13710 = SURFACE_SIDE_STYLE('',(#13711));
#13711 = SURFACE_STYLE_FILL_AREA(#13712);
#13712 = FILL_AREA_STYLE('',(#13713));
#13713 = FILL_AREA_STYLE_COLOUR('',#11675);
#13714 = CURVE_STYLE('',#13715,POSITIVE_LENGTH_MEASURE(0.1),#11675);
#13715 = DRAUGHTING_PRE_DEFINED_CURVE_FONT('continuous');
#13716 = STYLED_ITEM('color',(#13717),#2470);
#13717 = PRESENTATION_STYLE_ASSIGNMENT((#13718,#13723));
#13718 = SURFACE_STYLE_USAGE(.BOTH.,#13719);
#13719 = SURFACE_SIDE_STYLE('',(#13720));
#13720 = SURFACE_STYLE_FILL_AREA(#13721);
#13721 = FILL_AREA_STYLE('',(#13722));
#13722 = FILL_AREA_STYLE_COLOUR('',#11675);
#13723 = CURVE_STYLE('',#13724,POSITIVE_LENGTH_MEASURE(0.1),#11675);
#13724 = DRAUGHTING_PRE_DEFINED_CURVE_FONT('continuous');
#13725 = STYLED_ITEM('color',(#13726),#2482);
#13726 = PRESENTATION_STYLE_ASSIGNMENT((#13727,#13732));
#13727 = SURFACE_STYLE_USAGE(.BOTH.,#13728);
#13728 = SURFACE_SIDE_STYLE('',(#13729));
#13729 = SURFACE_STYLE_FILL_AREA(#13730);
#13730 = FILL_AREA_STYLE('',(#13731));
#13731 = FILL_AREA_STYLE_COLOUR('',#13128);
#13732 = CURVE_STYLE('',#13733,POSITIVE_LENGTH_MEASURE(0.1),#13128);
#13733 = DRAUGHTING_PRE_DEFINED_CURVE_FONT('continuous');
#13734 = STYLED_ITEM('color',(#13735),#2563);
#13735 = PRESENTATION_STYLE_ASSIGNMENT((#13736,#13741));
#13736 = SURFACE_STYLE_USAGE(.BOTH.,#13737);
#13737 = SURFACE_SIDE_STYLE('',(#13738));
#13738 = SURFACE_STYLE_FILL_AREA(#13739);
#13739 = FILL_AREA_STYLE('',(#13740));
#13740 = FILL_AREA_STYLE_COLOUR('',#13128);
#13741 = CURVE_STYLE('',#13742,POSITIVE_LENGTH_MEASURE(0.1),#13128);
#13742 = DRAUGHTING_PRE_DEFINED_CURVE_FONT('continuous');
#13743 = STYLED_ITEM('color',(#13744),#2587);
#13744 = PRESENTATION_STYLE_ASSIGNMENT((#13745,#13750));
#13745 = SURFACE_STYLE_USAGE(.BOTH.,#13746);
#13746 = SURFACE_SIDE_STYLE('',(#13747));
#13747 = SURFACE_STYLE_FILL_AREA(#13748);
#13748 = FILL_AREA_STYLE('',(#13749));
#13749 = FILL_AREA_STYLE_COLOUR('',#13128);
#13750 = CURVE_STYLE('',#13751,POSITIVE_LENGTH_MEASURE(0.1),#13128);
#13751 = DRAUGHTING_PRE_DEFINED_CURVE_FONT('continuous');
#13752 = STYLED_ITEM('color',(#13753),#2661);
#13753 = PRESENTATION_STYLE_ASSIGNMENT((#13754,#13759));
#13754 = SURFACE_STYLE_USAGE(.BOTH.,#13755);
#13755 = SURFACE_SIDE_STYLE('',(#13756));
#13756 = SURFACE_STYLE_FILL_AREA(#13757);
#13757 = FILL_AREA_STYLE('',(#13758));
#13758 = FILL_AREA_STYLE_COLOUR('',#13128);
#13759 = CURVE_STYLE('',#13760,POSITIVE_LENGTH_MEASURE(0.1),#13128);
#13760 = DRAUGHTING_PRE_DEFINED_CURVE_FONT('continuous');
#13761 = STYLED_ITEM('color',(#13762),#2678);
#13762 = PRESENTATION_STYLE_ASSIGNMENT((#13763,#13768));
#13763 = SURFACE_STYLE_USAGE(.BOTH.,#13764);
#13764 = SURFACE_SIDE_STYLE('',(#13765));
#13765 = SURFACE_STYLE_FILL_AREA(#13766);
#13766 = FILL_AREA_STYLE('',(#13767));
#13767 = FILL_AREA_STYLE_COLOUR('',#13128);
#13768 = CURVE_STYLE('',#13769,POSITIVE_LENGTH_MEASURE(0.1),#13128);
#13769 = DRAUGHTING_PRE_DEFINED_CURVE_FONT('continuous');
#13770 = STYLED_ITEM('color',(#13771),#2759);
#13771 = PRESENTATION_STYLE_ASSIGNMENT((#13772,#13777));
#13772 = SURFACE_STYLE_USAGE(.BOTH.,#13773);
#13773 = SURFACE_SIDE_STYLE('',(#13774));
#13774 = SURFACE_STYLE_FILL_AREA(#13775);
#13775 = FILL_AREA_STYLE('',(#13776));
#13776 = FILL_AREA_STYLE_COLOUR('',#13128);
#13777 = CURVE_STYLE('',#13778,POSITIVE_LENGTH_MEASURE(0.1),#13128);
#13778 = DRAUGHTING_PRE_DEFINED_CURVE_FONT('continuous');
#13779 = STYLED_ITEM('color',(#13780),#2783);
#13780 = PRESENTATION_STYLE_ASSIGNMENT((#13781,#13786));
#13781 = SURFACE_STYLE_USAGE(.BOTH.,#13782);
#13782 = SURFACE_SIDE_STYLE('',(#13783));
#13783 = SURFACE_STYLE_FILL_AREA(#13784);
#13784 = FILL_AREA_STYLE('',(#13785));
#13785 = FILL_AREA_STYLE_COLOUR('',#13128);
#13786 = CURVE_STYLE('',#13787,POSITIVE_LENGTH_MEASURE(0.1),#13128);
#13787 = DRAUGHTING_PRE_DEFINED_CURVE_FONT('continuous');
#13788 = STYLED_ITEM('color',(#13789),#2857);
#13789 = PRESENTATION_STYLE_ASSIGNMENT((#13790,#13795));
#13790 = SURFACE_STYLE_USAGE(.BOTH.,#13791);
#13791 = SURFACE_SIDE_STYLE('',(#13792));
#13792 = SURFACE_STYLE_FILL_AREA(#13793);
#13793 = FILL_AREA_STYLE('',(#13794));
#13794 = FILL_AREA_STYLE_COLOUR('',#13128);
#13795 = CURVE_STYLE('',#13796,POSITIVE_LENGTH_MEASURE(0.1),#13128);
#13796 = DRAUGHTING_PRE_DEFINED_CURVE_FONT('continuous');
#13797 = STYLED_ITEM('color',(#13798),#2874);
#13798 = PRESENTATION_STYLE_ASSIGNMENT((#13799,#13804));
#13799 = SURFACE_STYLE_USAGE(.BOTH.,#13800);
#13800 = SURFACE_SIDE_STYLE('',(#13801));
#13801 = SURFACE_STYLE_FILL_AREA(#13802);
#13802 = FILL_AREA_STYLE('',(#13803));
#13803 = FILL_AREA_STYLE_COLOUR('',#11675);
#13804 = CURVE_STYLE('',#13805,POSITIVE_LENGTH_MEASURE(0.1),#11675);
#13805 = DRAUGHTING_PRE_DEFINED_CURVE_FONT('continuous');
#13806 = STYLED_ITEM('color',(#13807),#2907);
#13807 = PRESENTATION_STYLE_ASSIGNMENT((#13808,#13813));
#13808 = SURFACE_STYLE_USAGE(.BOTH.,#13809);
#13809 = SURFACE_SIDE_STYLE('',(#13810));
#13810 = SURFACE_STYLE_FILL_AREA(#13811);
#13811 = FILL_AREA_STYLE('',(#13812));
#13812 = FILL_AREA_STYLE_COLOUR('',#11675);
#13813 = CURVE_STYLE('',#13814,POSITIVE_LENGTH_MEASURE(0.1),#11675);
#13814 = DRAUGHTING_PRE_DEFINED_CURVE_FONT('continuous');
#13815 = STYLED_ITEM('color',(#13816),#2940);
#13816 = PRESENTATION_STYLE_ASSIGNMENT((#13817,#13822));
#13817 = SURFACE_STYLE_USAGE(.BOTH.,#13818);
#13818 = SURFACE_SIDE_STYLE('',(#13819));
#13819 = SURFACE_STYLE_FILL_AREA(#13820);
#13820 = FILL_AREA_STYLE('',(#13821));
#13821 = FILL_AREA_STYLE_COLOUR('',#11675);
#13822 = CURVE_STYLE('',#13823,POSITIVE_LENGTH_MEASURE(0.1),#11675);
#13823 = DRAUGHTING_PRE_DEFINED_CURVE_FONT('continuous');
#13824 = STYLED_ITEM('color',(#13825),#2973);
#13825 = PRESENTATION_STYLE_ASSIGNMENT((#13826,#13831));
#13826 = SURFACE_STYLE_USAGE(.BOTH.,#13827);
#13827 = SURFACE_SIDE_STYLE('',(#13828));
#13828 = SURFACE_STYLE_FILL_AREA(#13829);
#13829 = FILL_AREA_STYLE('',(#13830));
#13830 = FILL_AREA_STYLE_COLOUR('',#11675);
#13831 = CURVE_STYLE('',#13832,POSITIVE_LENGTH_MEASURE(0.1),#11675);
#13832 = DRAUGHTING_PRE_DEFINED_CURVE_FONT('continuous');
#13833 = STYLED_ITEM('color',(#13834),#2993);
#13834 = PRESENTATION_STYLE_ASSIGNMENT((#13835,#13840));
#13835 = SURFACE_STYLE_USAGE(.BOTH.,#13836);
#13836 = SURFACE_SIDE_STYLE('',(#13837));
#13837 = SURFACE_STYLE_FILL_AREA(#13838);
#13838 = FILL_AREA_STYLE('',(#13839));
#13839 = FILL_AREA_STYLE_COLOUR('',#11675);
#13840 = CURVE_STYLE('',#13841,POSITIVE_LENGTH_MEASURE(0.1),#11675);
#13841 = DRAUGHTING_PRE_DEFINED_CURVE_FONT('continuous');
#13842 = STYLED_ITEM('color',(#13843),#3026);
#13843 = PRESENTATION_STYLE_ASSIGNMENT((#13844,#13849));
#13844 = SURFACE_STYLE_USAGE(.BOTH.,#13845);
#13845 = SURFACE_SIDE_STYLE('',(#13846));
#13846 = SURFACE_STYLE_FILL_AREA(#13847);
#13847 = FILL_AREA_STYLE('',(#13848));
#13848 = FILL_AREA_STYLE_COLOUR('',#13128);
#13849 = CURVE_STYLE('',#13850,POSITIVE_LENGTH_MEASURE(0.1),#13128);
#13850 = DRAUGHTING_PRE_DEFINED_CURVE_FONT('continuous');
#13851 = STYLED_ITEM('color',(#13852),#3048);
#13852 = PRESENTATION_STYLE_ASSIGNMENT((#13853,#13858));
#13853 = SURFACE_STYLE_USAGE(.BOTH.,#13854);
#13854 = SURFACE_SIDE_STYLE('',(#13855));
#13855 = SURFACE_STYLE_FILL_AREA(#13856);
#13856 = FILL_AREA_STYLE('',(#13857));
#13857 = FILL_AREA_STYLE_COLOUR('',#13128);
#13858 = CURVE_STYLE('',#13859,POSITIVE_LENGTH_MEASURE(0.1),#13128);
#13859 = DRAUGHTING_PRE_DEFINED_CURVE_FONT('continuous');
#13860 = STYLED_ITEM('color',(#13861),#3065);
#13861 = PRESENTATION_STYLE_ASSIGNMENT((#13862,#13867));
#13862 = SURFACE_STYLE_USAGE(.BOTH.,#13863);
#13863 = SURFACE_SIDE_STYLE('',(#13864));
#13864 = SURFACE_STYLE_FILL_AREA(#13865);
#13865 = FILL_AREA_STYLE('',(#13866));
#13866 = FILL_AREA_STYLE_COLOUR('',#13128);
#13867 = CURVE_STYLE('',#13868,POSITIVE_LENGTH_MEASURE(0.1),#13128);
#13868 = DRAUGHTING_PRE_DEFINED_CURVE_FONT('continuous');
#13869 = STYLED_ITEM('color',(#13870),#3077);
#13870 = PRESENTATION_STYLE_ASSIGNMENT((#13871,#13876));
#13871 = SURFACE_STYLE_USAGE(.BOTH.,#13872);
#13872 = SURFACE_SIDE_STYLE('',(#13873));
#13873 = SURFACE_STYLE_FILL_AREA(#13874);
#13874 = FILL_AREA_STYLE('',(#13875));
#13875 = FILL_AREA_STYLE_COLOUR('',#13128);
#13876 = CURVE_STYLE('',#13877,POSITIVE_LENGTH_MEASURE(0.1),#13128);
#13877 = DRAUGHTING_PRE_DEFINED_CURVE_FONT('continuous');
#13878 = STYLED_ITEM('color',(#13879),#3094);
#13879 = PRESENTATION_STYLE_ASSIGNMENT((#13880,#13885));
#13880 = SURFACE_STYLE_USAGE(.BOTH.,#13881);
#13881 = SURFACE_SIDE_STYLE('',(#13882));
#13882 = SURFACE_STYLE_FILL_AREA(#13883);
#13883 = FILL_AREA_STYLE('',(#13884));
#13884 = FILL_AREA_STYLE_COLOUR('',#13128);
#13885 = CURVE_STYLE('',#13886,POSITIVE_LENGTH_MEASURE(0.1),#13128);
#13886 = DRAUGHTING_PRE_DEFINED_CURVE_FONT('continuous');
#13887 = STYLED_ITEM('color',(#13888),#3111);
#13888 = PRESENTATION_STYLE_ASSIGNMENT((#13889,#13894));
#13889 = SURFACE_STYLE_USAGE(.BOTH.,#13890);
#13890 = SURFACE_SIDE_STYLE('',(#13891));
#13891 = SURFACE_STYLE_FILL_AREA(#13892);
#13892 = FILL_AREA_STYLE('',(#13893));
#13893 = FILL_AREA_STYLE_COLOUR('',#13128);
#13894 = CURVE_STYLE('',#13895,POSITIVE_LENGTH_MEASURE(0.1),#13128);
#13895 = DRAUGHTING_PRE_DEFINED_CURVE_FONT('continuous');
#13896 = STYLED_ITEM('color',(#13897),#3128);
#13897 = PRESENTATION_STYLE_ASSIGNMENT((#13898,#13903));
#13898 = SURFACE_STYLE_USAGE(.BOTH.,#13899);
#13899 = SURFACE_SIDE_STYLE('',(#13900));
#13900 = SURFACE_STYLE_FILL_AREA(#13901);
#13901 = FILL_AREA_STYLE('',(#13902));
#13902 = FILL_AREA_STYLE_COLOUR('',#13128);
#13903 = CURVE_STYLE('',#13904,POSITIVE_LENGTH_MEASURE(0.1),#13128);
#13904 = DRAUGHTING_PRE_DEFINED_CURVE_FONT('continuous');
#13905 = STYLED_ITEM('color',(#13906),#3140);
#13906 = PRESENTATION_STYLE_ASSIGNMENT((#13907,#13912));
#13907 = SURFACE_STYLE_USAGE(.BOTH.,#13908);
#13908 = SURFACE_SIDE_STYLE('',(#13909));
#13909 = SURFACE_STYLE_FILL_AREA(#13910);
#13910 = FILL_AREA_STYLE('',(#13911));
#13911 = FILL_AREA_STYLE_COLOUR('',#13128);
#13912 = CURVE_STYLE('',#13913,POSITIVE_LENGTH_MEASURE(0.1),#13128);
#13913 = DRAUGHTING_PRE_DEFINED_CURVE_FONT('continuous');
#13914 = STYLED_ITEM('color',(#13915),#3162);
#13915 = PRESENTATION_STYLE_ASSIGNMENT((#13916,#13921));
#13916 = SURFACE_STYLE_USAGE(.BOTH.,#13917);
#13917 = SURFACE_SIDE_STYLE('',(#13918));
#13918 = SURFACE_STYLE_FILL_AREA(#13919);
#13919 = FILL_AREA_STYLE('',(#13920));
#13920 = FILL_AREA_STYLE_COLOUR('',#13128);
#13921 = CURVE_STYLE('',#13922,POSITIVE_LENGTH_MEASURE(0.1),#13128);
#13922 = DRAUGHTING_PRE_DEFINED_CURVE_FONT('continuous');
#13923 = STYLED_ITEM('color',(#13924),#3179);
#13924 = PRESENTATION_STYLE_ASSIGNMENT((#13925,#13930));
#13925 = SURFACE_STYLE_USAGE(.BOTH.,#13926);
#13926 = SURFACE_SIDE_STYLE('',(#13927));
#13927 = SURFACE_STYLE_FILL_AREA(#13928);
#13928 = FILL_AREA_STYLE('',(#13929));
#13929 = FILL_AREA_STYLE_COLOUR('',#13128);
#13930 = CURVE_STYLE('',#13931,POSITIVE_LENGTH_MEASURE(0.1),#13128);
#13931 = DRAUGHTING_PRE_DEFINED_CURVE_FONT('continuous');
#13932 = STYLED_ITEM('color',(#13933),#3191);
#13933 = PRESENTATION_STYLE_ASSIGNMENT((#13934,#13939));
#13934 = SURFACE_STYLE_USAGE(.BOTH.,#13935);
#13935 = SURFACE_SIDE_STYLE('',(#13936));
#13936 = SURFACE_STYLE_FILL_AREA(#13937);
#13937 = FILL_AREA_STYLE('',(#13938));
#13938 = FILL_AREA_STYLE_COLOUR('',#13128);
#13939 = CURVE_STYLE('',#13940,POSITIVE_LENGTH_MEASURE(0.1),#13128);
#13940 = DRAUGHTING_PRE_DEFINED_CURVE_FONT('continuous');
#13941 = STYLED_ITEM('color',(#13942),#3208);
#13942 = PRESENTATION_STYLE_ASSIGNMENT((#13943,#13948));
#13943 = SURFACE_STYLE_USAGE(.BOTH.,#13944);
#13944 = SURFACE_SIDE_STYLE('',(#13945));
#13945 = SURFACE_STYLE_FILL_AREA(#13946);
#13946 = FILL_AREA_STYLE('',(#13947));
#13947 = FILL_AREA_STYLE_COLOUR('',#13128);
#13948 = CURVE_STYLE('',#13949,POSITIVE_LENGTH_MEASURE(0.1),#13128);
#13949 = DRAUGHTING_PRE_DEFINED_CURVE_FONT('continuous');
#13950 = STYLED_ITEM('color',(#13951),#3225);
#13951 = PRESENTATION_STYLE_ASSIGNMENT((#13952,#13957));
#13952 = SURFACE_STYLE_USAGE(.BOTH.,#13953);
#13953 = SURFACE_SIDE_STYLE('',(#13954));
#13954 = SURFACE_STYLE_FILL_AREA(#13955);
#13955 = FILL_AREA_STYLE('',(#13956));
#13956 = FILL_AREA_STYLE_COLOUR('',#13128);
#13957 = CURVE_STYLE('',#13958,POSITIVE_LENGTH_MEASURE(0.1),#13128);
#13958 = DRAUGHTING_PRE_DEFINED_CURVE_FONT('continuous');
#13959 = STYLED_ITEM('color',(#13960),#3242);
#13960 = PRESENTATION_STYLE_ASSIGNMENT((#13961,#13966));
#13961 = SURFACE_STYLE_USAGE(.BOTH.,#13962);
#13962 = SURFACE_SIDE_STYLE('',(#13963));
#13963 = SURFACE_STYLE_FILL_AREA(#13964);
#13964 = FILL_AREA_STYLE('',(#13965));
#13965 = FILL_AREA_STYLE_COLOUR('',#13128);
#13966 = CURVE_STYLE('',#13967,POSITIVE_LENGTH_MEASURE(0.1),#13128);
#13967 = DRAUGHTING_PRE_DEFINED_CURVE_FONT('continuous');
#13968 = STYLED_ITEM('color',(#13969),#3254);
#13969 = PRESENTATION_STYLE_ASSIGNMENT((#13970,#13975));
#13970 = SURFACE_STYLE_USAGE(.BOTH.,#13971);
#13971 = SURFACE_SIDE_STYLE('',(#13972));
#13972 = SURFACE_STYLE_FILL_AREA(#13973);
#13973 = FILL_AREA_STYLE('',(#13974));
#13974 = FILL_AREA_STYLE_COLOUR('',#11675);
#13975 = CURVE_STYLE('',#13976,POSITIVE_LENGTH_MEASURE(0.1),#11675);
#13976 = DRAUGHTING_PRE_DEFINED_CURVE_FONT('continuous');
#13977 = STYLED_ITEM('color',(#13978),#3263);
#13978 = PRESENTATION_STYLE_ASSIGNMENT((#13979,#13984));
#13979 = SURFACE_STYLE_USAGE(.BOTH.,#13980);
#13980 = SURFACE_SIDE_STYLE('',(#13981));
#13981 = SURFACE_STYLE_FILL_AREA(#13982);
#13982 = FILL_AREA_STYLE('',(#13983));
#13983 = FILL_AREA_STYLE_COLOUR('',#11675);
#13984 = CURVE_STYLE('',#13985,POSITIVE_LENGTH_MEASURE(0.1),#11675);
#13985 = DRAUGHTING_PRE_DEFINED_CURVE_FONT('continuous');
#13986 = STYLED_ITEM('color',(#13987),#3272);
#13987 = PRESENTATION_STYLE_ASSIGNMENT((#13988,#13993));
#13988 = SURFACE_STYLE_USAGE(.BOTH.,#13989);
#13989 = SURFACE_SIDE_STYLE('',(#13990));
#13990 = SURFACE_STYLE_FILL_AREA(#13991);
#13991 = FILL_AREA_STYLE('',(#13992));
#13992 = FILL_AREA_STYLE_COLOUR('',#11675);
#13993 = CURVE_STYLE('',#13994,POSITIVE_LENGTH_MEASURE(0.1),#11675);
#13994 = DRAUGHTING_PRE_DEFINED_CURVE_FONT('continuous');
#13995 = STYLED_ITEM('color',(#13996),#3281);
#13996 = PRESENTATION_STYLE_ASSIGNMENT((#13997,#14002));
#13997 = SURFACE_STYLE_USAGE(.BOTH.,#13998);
#13998 = SURFACE_SIDE_STYLE('',(#13999));
#13999 = SURFACE_STYLE_FILL_AREA(#14000);
#14000 = FILL_AREA_STYLE('',(#14001));
#14001 = FILL_AREA_STYLE_COLOUR('',#11675);
#14002 = CURVE_STYLE('',#14003,POSITIVE_LENGTH_MEASURE(0.1),#11675);
#14003 = DRAUGHTING_PRE_DEFINED_CURVE_FONT('continuous');
#14004 = STYLED_ITEM('color',(#14005),#3306);
#14005 = PRESENTATION_STYLE_ASSIGNMENT((#14006,#14011));
#14006 = SURFACE_STYLE_USAGE(.BOTH.,#14007);
#14007 = SURFACE_SIDE_STYLE('',(#14008));
#14008 = SURFACE_STYLE_FILL_AREA(#14009);
#14009 = FILL_AREA_STYLE('',(#14010));
#14010 = FILL_AREA_STYLE_COLOUR('',#11675);
#14011 = CURVE_STYLE('',#14012,POSITIVE_LENGTH_MEASURE(0.1),#11675);
#14012 = DRAUGHTING_PRE_DEFINED_CURVE_FONT('continuous');
#14013 = STYLED_ITEM('color',(#14014),#3315);
#14014 = PRESENTATION_STYLE_ASSIGNMENT((#14015,#14020));
#14015 = SURFACE_STYLE_USAGE(.BOTH.,#14016);
#14016 = SURFACE_SIDE_STYLE('',(#14017));
#14017 = SURFACE_STYLE_FILL_AREA(#14018);
#14018 = FILL_AREA_STYLE('',(#14019));
#14019 = FILL_AREA_STYLE_COLOUR('',#11675);
#14020 = CURVE_STYLE('',#14021,POSITIVE_LENGTH_MEASURE(0.1),#11675);
#14021 = DRAUGHTING_PRE_DEFINED_CURVE_FONT('continuous');
#14022 = STYLED_ITEM('color',(#14023),#3341);
#14023 = PRESENTATION_STYLE_ASSIGNMENT((#14024,#14029));
#14024 = SURFACE_STYLE_USAGE(.BOTH.,#14025);
#14025 = SURFACE_SIDE_STYLE('',(#14026));
#14026 = SURFACE_STYLE_FILL_AREA(#14027);
#14027 = FILL_AREA_STYLE('',(#14028));
#14028 = FILL_AREA_STYLE_COLOUR('',#11675);
#14029 = CURVE_STYLE('',#14030,POSITIVE_LENGTH_MEASURE(0.1),#11675);
#14030 = DRAUGHTING_PRE_DEFINED_CURVE_FONT('continuous');
ENDSEC;
END-ISO-10303-21;
